{
  "run_0": 0.524484965905816,
  "run_1": 0.5255356587467331,
  "run_2": 0.52343192047819,
  "run_3": 0.5253320884804326,
  "run_4": 0.5256224257913624,
  "run_5": 0.5245162839655717,
  "run_6": 0.5232162835349524,
  "run_7": 0.5236815500376502,
  "run_8": 0.5264513872872231,
  "run_9": 0.5264950962137341,
  "run_10": 0.5261695472759331,
  "run_11": 0.5226993892148889,
  "run_12": 0.5259281832904272,
  "run_13": 0.5215070718903672,
  "run_14": 0.5246851382692015,
  "run_15": 0.5224805752002388,
  "run_16": 0.5228844471160768,
  "run_17": 0.5251335142542103,
  "run_18": 0.5228734132960007,
  "run_19": 0.5253044519626573,
  "run_20": 0.5241855938899916,
  "run_21": 0.5228479836417985,
  "run_22": 0.525495396220286,
  "run_23": 0.5223238555000334,
  "run_24": 0.5227545073355822,
  "run_25": 0.5235542193684695,
  "run_26": 0.5227555929378881,
  "run_27": 0.5249010081614719,
  "run_28": 0.5234824011065609,
  "run_29": 0.5236557916178779,
  "run_30": 0.5256696013927437,
  "run_31": 0.5219487586082511,
  "run_32": 0.5242690656102159,
  "run_33": 0.5239648778040592,
  "run_34": 0.5233563085778676,
  "run_35": 0.5245775872353519,
  "run_36": 0.5255906486418436,
  "run_37": 0.5230709716883972,
  "run_38": 0.524541833021346,
  "run_39": 0.5264970460965036,
  "run_40": 0.5237428488348161,
  "run_41": 0.5246611962482147,
  "run_42": 0.5246135511239418,
  "run_43": 0.5236411430655369,
  "run_44": 0.5229286916498139,
  "run_45": 0.5243089291758318,
  "run_46": 0.5214423156821415,
  "run_47": 0.524364820171013,
  "run_48": 0.5230489934393224,
  "run_49": 0.524044944412903,
  "run_50": 0.5245061438375705,
  "run_51": 0.5255588417434236,
  "run_52": 0.5234769143281993,
  "run_53": 0.5223577879734039,
  "run_54": 0.5267130806105117,
  "run_55": 0.524055966004357,
  "run_56": 0.5265198229044734,
  "run_57": 0.5255436983010825,
  "run_58": 0.5240348673685112,
  "run_59": 0.5231021920471708,
  "run_60": 0.5229211581634106,
  "run_61": 0.5236646253646781,
  "run_62": 0.5247801106215839,
  "run_63": 0.5235837233332467,
  "run_64": 0.5235983160764426,
  "run_65": 0.5260496195972547,
  "run_66": 0.522645219285693,
  "run_67": 0.5226452177411042,
  "run_68": 0.5244907094236005,
  "run_69": 0.5242229014825805,
  "run_70": 0.5231546038011597,
  "run_71": 0.5264946700944286,
  "run_72": 0.5257533709319451,
  "run_73": 0.5249363355879545,
  "run_74": 0.5249381732008053,
  "run_75": 0.5247421774426548,
  "run_76": 0.5223283938417589,
  "run_77": 0.5237071713286522,
  "run_78": 0.5233771251379724,
  "run_79": 0.5256507429292063,
  "run_80": 0.5224634591169142,
  "run_81": 0.5242413002384658,
  "run_82": 0.5240951419643956,
  "run_83": 0.5223727906039219,
  "run_84": 0.526006411227072,
  "run_85": 0.5276954840004571,
  "run_86": 0.5260130524601898,
  "run_87": 0.5250883075131887,
  "run_88": 0.527141190872193,
  "run_89": 0.5236877244927667,
  "run_90": 0.5258444884923348,
  "run_91": 0.5229571162728074,
  "run_92": 0.5243420507283167,
  "run_93": 0.5246566541121271,
  "run_94": 0.5240105136241977,
  "run_95": 0.5239090652604088,
  "run_96": 0.5244866088114427,
  "run_97": 0.5231801784706168,
  "run_98": 0.5245340812568987,
  "run_99": 0.5237597891365442
}