{
  "run_0": 0.8401240130409414,
  "run_1": 0.8395961356990437,
  "run_2": 0.8416955614525177,
  "run_3": 0.8415858640046403,
  "run_4": 0.8429830762755737,
  "run_5": 0.8424034279943065,
  "run_6": 0.8419265178638239,
  "run_7": 0.840126682469037,
  "run_8": 0.8386040807280956,
  "run_9": 0.843739738320481,
  "run_10": 0.8412979712035559,
  "run_11": 0.840836749145708,
  "run_12": 0.8407738906563178,
  "run_13": 0.8395373376866693,
  "run_14": 0.8440348700904527,
  "run_15": 0.8403510225846285,
  "run_16": 0.8419212621956289,
  "run_17": 0.8458386819534934,
  "run_18": 0.8421680241268854,
  "run_19": 0.8404281750909202,
  "run_20": 0.8435172781624375,
  "run_21": 0.8425963292825503,
  "run_22": 0.8401502372397086,
  "run_23": 0.8412398657036313,
  "run_24": 0.8406651962859357,
  "run_25": 0.8418169618390883,
  "run_26": 0.8413620369668132,
  "run_27": 0.8401335485960847,
  "run_28": 0.8431197075001499,
  "run_29": 0.8402251707726245,
  "run_30": 0.8400180032342004,
  "run_31": 0.8421135282779602,
  "run_32": 0.8424043701136279,
  "run_33": 0.8429699312424075,
  "run_34": 0.8423572703408408,
  "run_35": 0.8416929572252484,
  "run_36": 0.8425168042281164,
  "run_37": 0.842344534743344,
  "run_38": 0.8403643750980054,
  "run_39": 0.8417095469889119,
  "run_40": 0.8429748113910253,
  "run_41": 0.8418270542641423,
  "run_42": 0.842587621816228,
  "run_43": 0.8406154748699876,
  "run_44": 0.8445418161239245,
  "run_45": 0.8426252090743,
  "run_46": 0.8401710265922051,
  "run_47": 0.840375217565797,
  "run_48": 0.8416064057573573,
  "run_49": 0.8410388015126895,
  "run_50": 0.8434930185169213,
  "run_51": 0.8418218444692466,
  "run_52": 0.840721758703797,
  "run_53": 0.8413115814002045,
  "run_54": 0.8404080550962212,
  "run_55": 0.8419254745075255,
  "run_56": 0.8400461966632639,
  "run_57": 0.8425410465605776,
  "run_58": 0.8422877356857255,
  "run_59": 0.8398227298074183,
  "run_60": 0.8395811886060847,
  "run_61": 0.84405157094929,
  "run_62": 0.8447239962061223,
  "run_63": 0.8442343010994928,
  "run_64": 0.8394469501816785,
  "run_65": 0.8424293402922327,
  "run_66": 0.8412109192968209,
  "run_67": 0.8411045492836304,
  "run_68": 0.8425433762621068,
  "run_69": 0.8395542079767448,
  "run_70": 0.8414291822193114,
  "run_71": 0.8405870644628908,
  "run_72": 0.841216613105859,
  "run_73": 0.8390819306832465,
  "run_74": 0.8442892493198246,
  "run_75": 0.840877519654538,
  "run_76": 0.8416547440817804,
  "run_77": 0.8425334137924607,
  "run_78": 0.8408161395361721,
  "run_79": 0.8404132569035424,
  "run_80": 0.8405551338400943,
  "run_81": 0.8403944969904751,
  "run_82": 0.8416890510689999,
  "run_83": 0.8420781013460654,
  "run_84": 0.8444215594910622,
  "run_85": 0.841788535427078,
  "run_86": 0.8410219811041584,
  "run_87": 0.8425273809897064,
  "run_88": 0.8417375831893146,
  "run_89": 0.8404440146678966,
  "run_90": 0.8404326212162482,
  "run_91": 0.8429353967707124,
  "run_92": 0.8425124126964638,
  "run_93": 0.8427909625748369,
  "run_94": 0.8432218541978242,
  "run_95": 0.8410245951978572,
  "run_96": 0.8431368207694532,
  "run_97": 0.8418033777262568,
  "run_98": 0.8404906931061064,
  "run_99": 0.8416277222118679
}