{
  "run_0": 1.7482756615029906,
  "run_1": 1.7527196007713703,
  "run_2": 1.7511717428784075,
  "run_3": 1.7520754987587464,
  "run_4": 1.7522116936468404,
  "run_5": 1.7491107221277291,
  "run_6": 1.7493417629762062,
  "run_7": 1.7514273697674532,
  "run_8": 1.7520997246133228,
  "run_9": 1.755386570917724,
  "run_10": 1.749296361227832,
  "run_11": 1.7501216179079175,
  "run_12": 1.7492385201523555,
  "run_13": 1.7515193034719463,
  "run_14": 1.7522235745738555,
  "run_15": 1.7483274381010667,
  "run_16": 1.7506926083674264,
  "run_17": 1.7499170768616252,
  "run_18": 1.7484242446410756,
  "run_19": 1.7509382265448732,
  "run_20": 1.7520922238064862,
  "run_21": 1.7491301771479741,
  "run_22": 1.748909639506753,
  "run_23": 1.7514630268993174,
  "run_24": 1.7516617125703524,
  "run_25": 1.7489668225412898,
  "run_26": 1.7513217681987063,
  "run_27": 1.74939854599327,
  "run_28": 1.7493799772096221,
  "run_29": 1.7459092984390152,
  "run_30": 1.7509729591218655,
  "run_31": 1.7489747560962965,
  "run_32": 1.7503619126667747,
  "run_33": 1.7491269484023424,
  "run_34": 1.7491043695499509,
  "run_35": 1.7530412064396614,
  "run_36": 1.7481752614416872,
  "run_37": 1.7538488282335707,
  "run_38": 1.7475046064786415,
  "run_39": 1.7468333406684222,
  "run_40": 1.748860835519761,
  "run_41": 1.747556371879795,
  "run_42": 1.7481745397199662,
  "run_43": 1.7452374179759065,
  "run_44": 1.7493936633962037,
  "run_45": 1.7527100629749515,
  "run_46": 1.7494884221697098,
  "run_47": 1.7486176158262863,
  "run_48": 1.7494859532928413,
  "run_49": 1.7519522235445557,
  "run_50": 1.7454362165732884,
  "run_51": 1.7548962100358214,
  "run_52": 1.747278679371583,
  "run_53": 1.747786491305024,
  "run_54": 1.748891810902841,
  "run_55": 1.75170681747034,
  "run_56": 1.7517657434413438,
  "run_57": 1.7480424153136918,
  "run_58": 1.7482883817256105,
  "run_59": 1.7493056118196955,
  "run_60": 1.7507497112964518,
  "run_61": 1.7507096291198634,
  "run_62": 1.7488792640256252,
  "run_63": 1.7516370490498172,
  "run_64": 1.7481948950390263,
  "run_65": 1.748409152196055,
  "run_66": 1.7518146145770772,
  "run_67": 1.7498549108963353,
  "run_68": 1.7481924583446609,
  "run_69": 1.7496571504997556,
  "run_70": 1.7513109716718316,
  "run_71": 1.7480476987403544,
  "run_72": 1.7521400544155323,
  "run_73": 1.7532511795598813,
  "run_74": 1.750128143085142,
  "run_75": 1.752583615695363,
  "run_76": 1.7505356926871967,
  "run_77": 1.750425791611687,
  "run_78": 1.7525684449722232,
  "run_79": 1.7494481503452861,
  "run_80": 1.7448183205056766,
  "run_81": 1.7579695982853796,
  "run_82": 1.7502353411229081,
  "run_83": 1.7481048536006956,
  "run_84": 1.7497342735083046,
  "run_85": 1.7506872363298904,
  "run_86": 1.744877335951467,
  "run_87": 1.75417728987494,
  "run_88": 1.753287980398126,
  "run_89": 1.7528762758161638,
  "run_90": 1.7511606679869347,
  "run_91": 1.749638321009169,
  "run_92": 1.7469031494275462,
  "run_93": 1.7530620260721865,
  "run_94": 1.7500741342953277,
  "run_95": 1.7490381596419668,
  "run_96": 1.7495942254301482,
  "run_97": 1.7492558605132,
  "run_98": 1.7509722961087086,
  "run_99": 1.7504808747351401
}