{
  "run_0": 2.0573598974743685,
  "run_1": 2.055809246922852,
  "run_2": 2.052725485302277,
  "run_3": 2.0525097621379076,
  "run_4": 2.0508527450828877,
  "run_5": 2.047940543172178,
  "run_6": 2.0545265884749644,
  "run_7": 2.0543068065717,
  "run_8": 2.0557081937044908,
  "run_9": 2.056646201780643,
  "run_10": 2.05120481988664,
  "run_11": 2.0516380126033003,
  "run_12": 2.050373482480451,
  "run_13": 2.0495950888304675,
  "run_14": 2.054015278217398,
  "run_15": 2.04842898771302,
  "run_16": 2.0511416959550455,
  "run_17": 2.0496747878730597,
  "run_18": 2.059182453670251,
  "run_19": 2.054527423499463,
  "run_20": 2.0543151269952222,
  "run_21": 2.0510415024124984,
  "run_22": 2.053185478636993,
  "run_23": 2.0533071373357377,
  "run_24": 2.0562573032579263,
  "run_25": 2.055201651531521,
  "run_26": 2.0541530354605353,
  "run_27": 2.0513783161031087,
  "run_28": 2.0543305291418386,
  "run_29": 2.053980567992187,
  "run_30": 2.0542355207561442,
  "run_31": 2.0528819645008767,
  "run_32": 2.051927114471075,
  "run_33": 2.0545786258491745,
  "run_34": 2.057991943039573,
  "run_35": 2.050387803186503,
  "run_36": 2.053669635940015,
  "run_37": 2.0517348253160614,
  "run_38": 2.056311157034099,
  "run_39": 2.053305345707672,
  "run_40": 2.052023673915645,
  "run_41": 2.0497551217705605,
  "run_42": 2.0584347499785176,
  "run_43": 2.0593904595052615,
  "run_44": 2.048360774816328,
  "run_45": 2.053241367451994,
  "run_46": 2.0464283172343087,
  "run_47": 2.055749279925463,
  "run_48": 2.05203513445492,
  "run_49": 2.052218768873561,
  "run_50": 2.052522118486827,
  "run_51": 2.048845729394622,
  "run_52": 2.054552101305362,
  "run_53": 2.059849661294638,
  "run_54": 2.052591126679611,
  "run_55": 2.0554396110523654,
  "run_56": 2.0513281167480844,
  "run_57": 2.052751874736029,
  "run_58": 2.0577554214039586,
  "run_59": 2.05465569983771,
  "run_60": 2.055549012716486,
  "run_61": 2.05864097311775,
  "run_62": 2.0586026571378793,
  "run_63": 2.051971025063868,
  "run_64": 2.050963073823042,
  "run_65": 2.0492691093314486,
  "run_66": 2.054813369022349,
  "run_67": 2.053510898544362,
  "run_68": 2.050068359032324,
  "run_69": 2.0441341429087823,
  "run_70": 2.0522207342207643,
  "run_71": 2.0544544215926734,
  "run_72": 2.051334334091668,
  "run_73": 2.052548453453502,
  "run_74": 2.0523184782080164,
  "run_75": 2.057974320318495,
  "run_76": 2.047576819958432,
  "run_77": 2.058182782756341,
  "run_78": 2.056885122803502,
  "run_79": 2.0555471686902305,
  "run_80": 2.0555679731400858,
  "run_81": 2.053137558374522,
  "run_82": 2.0514333564974763,
  "run_83": 2.0583529980938775,
  "run_84": 2.0578983502002592,
  "run_85": 2.05159368711346,
  "run_86": 2.0503357196234377,
  "run_87": 2.051946154909592,
  "run_88": 2.056839542192961,
  "run_89": 2.0480329545665885,
  "run_90": 2.062284588170363,
  "run_91": 2.051971814682318,
  "run_92": 2.055638330619733,
  "run_93": 2.0508333577499838,
  "run_94": 2.0512877021584557,
  "run_95": 2.057888048051347,
  "run_96": 2.058559436622425,
  "run_97": 2.055063309540969,
  "run_98": 2.0542583320850425,
  "run_99": 2.054755061048045
}