{
  "run_0": 2.3312706168411363,
  "run_1": 2.330323024443775,
  "run_2": 2.327296463486539,
  "run_3": 2.326465722478786,
  "run_4": 2.3314123535306637,
  "run_5": 2.325550244819542,
  "run_6": 2.3285250792140078,
  "run_7": 2.330911624389658,
  "run_8": 2.326262920291206,
  "run_9": 2.3290373614528157,
  "run_10": 2.328007151062045,
  "run_11": 2.3309440326998163,
  "run_12": 2.3294755811785186,
  "run_13": 2.322877654335872,
  "run_14": 2.3228179920356777,
  "run_15": 2.324726785537414,
  "run_16": 2.3246742796083426,
  "run_17": 2.3297792648786952,
  "run_18": 2.330824981285448,
  "run_19": 2.323603175288707,
  "run_20": 2.3257051147550976,
  "run_21": 2.325759298704731,
  "run_22": 2.330399817043089,
  "run_23": 2.3249992484375785,
  "run_24": 2.325766618147651,
  "run_25": 2.328080035812781,
  "run_26": 2.3203854167014484,
  "run_27": 2.3314604192291397,
  "run_28": 2.3288601269963647,
  "run_29": 2.325430956029437,
  "run_30": 2.3334600894357562,
  "run_31": 2.3223824538860836,
  "run_32": 2.3275910837536684,
  "run_33": 2.324790647211445,
  "run_34": 2.329992627994679,
  "run_35": 2.3191829881715873,
  "run_36": 2.321903022458496,
  "run_37": 2.328090483739024,
  "run_38": 2.3177570515362893,
  "run_39": 2.327105523470081,
  "run_40": 2.322385643145224,
  "run_41": 2.324260152234401,
  "run_42": 2.3262600651097394,
  "run_43": 2.3303625927128073,
  "run_44": 2.3263326873505474,
  "run_45": 2.327924454904,
  "run_46": 2.328639376571106,
  "run_47": 2.3246160833584186,
  "run_48": 2.3234563294387405,
  "run_49": 2.3210546617758254,
  "run_50": 2.3227736786995266,
  "run_51": 2.3300577879299884,
  "run_52": 2.333508409603123,
  "run_53": 2.330754361487288,
  "run_54": 2.3357255035270224,
  "run_55": 2.322806243788878,
  "run_56": 2.3252899164592247,
  "run_57": 2.328519775587604,
  "run_58": 2.3242539064333467,
  "run_59": 2.3338847699513026,
  "run_60": 2.329222511259793,
  "run_61": 2.33233036886634,
  "run_62": 2.328330969852795,
  "run_63": 2.321635914900343,
  "run_64": 2.323547249265517,
  "run_65": 2.3279259725027597,
  "run_66": 2.3299178214829745,
  "run_67": 2.32385618367714,
  "run_68": 2.326635854256851,
  "run_69": 2.3216015986542624,
  "run_70": 2.3260945801696487,
  "run_71": 2.327807833789316,
  "run_72": 2.3305130702166674,
  "run_73": 2.321214995174803,
  "run_74": 2.32359632872268,
  "run_75": 2.3278790205036746,
  "run_76": 2.3338833527542056,
  "run_77": 2.3276383599143036,
  "run_78": 2.325514901203947,
  "run_79": 2.318301984095269,
  "run_80": 2.3287483082138634,
  "run_81": 2.325802104428351,
  "run_82": 2.3276136470721838,
  "run_83": 2.3176760101297713,
  "run_84": 2.3265041867648586,
  "run_85": 2.32283548614924,
  "run_86": 2.325390762110722,
  "run_87": 2.3272461792144252,
  "run_88": 2.325988849751802,
  "run_89": 2.3307179911366935,
  "run_90": 2.3244105577272465,
  "run_91": 2.326193898672196,
  "run_92": 2.3284224376691967,
  "run_93": 2.3302677436218855,
  "run_94": 2.32448677125708,
  "run_95": 2.3306202047062072,
  "run_96": 2.326378657870791,
  "run_97": 2.3294628128720003,
  "run_98": 2.326908622627509,
  "run_99": 2.3226700015693824
}