{
  "run_0": 1.7525003516881899,
  "run_1": 1.7520584332202602,
  "run_2": 1.7493063001927718,
  "run_3": 1.7530301483947768,
  "run_4": 1.7495315904606674,
  "run_5": 1.7513232493948636,
  "run_6": 1.7509746659981344,
  "run_7": 1.7531928297864805,
  "run_8": 1.74981913575405,
  "run_9": 1.7505496232111541,
  "run_10": 1.7518193140688971,
  "run_11": 1.7540890561131515,
  "run_12": 1.7503104593201437,
  "run_13": 1.7533006670809403,
  "run_14": 1.7512610805215623,
  "run_15": 1.7497748021415613,
  "run_16": 1.7537733223804302,
  "run_17": 1.7564865836995267,
  "run_18": 1.7491069210412915,
  "run_19": 1.7542250175351555,
  "run_20": 1.7484380834939868,
  "run_21": 1.7536744886143927,
  "run_22": 1.7507342198189542,
  "run_23": 1.7498666245728562,
  "run_24": 1.7518862855037751,
  "run_25": 1.7521301709054573,
  "run_26": 1.7512700585928185,
  "run_27": 1.750595384741862,
  "run_28": 1.7491033056364789,
  "run_29": 1.744815681845581,
  "run_30": 1.7515913189211108,
  "run_31": 1.7520339686871076,
  "run_32": 1.7496861559118495,
  "run_33": 1.7505716932721742,
  "run_34": 1.7537576844929055,
  "run_35": 1.7497974932074922,
  "run_36": 1.7523076664976447,
  "run_37": 1.7493648060195008,
  "run_38": 1.7492405310078563,
  "run_39": 1.7520421484773783,
  "run_40": 1.7502699028688264,
  "run_41": 1.7531206897957146,
  "run_42": 1.7511249089226906,
  "run_43": 1.7513964326678508,
  "run_44": 1.7490648331297802,
  "run_45": 1.7503508525490965,
  "run_46": 1.7532026653944255,
  "run_47": 1.7549524380330495,
  "run_48": 1.7450353722417071,
  "run_49": 1.7501976003758015,
  "run_50": 1.752299390810454,
  "run_51": 1.7537934730199463,
  "run_52": 1.7506315901685072,
  "run_53": 1.7478476578934055,
  "run_54": 1.7483055700595802,
  "run_55": 1.746782336617466,
  "run_56": 1.7491568618684095,
  "run_57": 1.7469207370554865,
  "run_58": 1.7543117138189737,
  "run_59": 1.7512151437786139,
  "run_60": 1.7518799123362379,
  "run_61": 1.7540697784072405,
  "run_62": 1.7522248989986124,
  "run_63": 1.7546260824521,
  "run_64": 1.7530897632350217,
  "run_65": 1.7515703158475993,
  "run_66": 1.7491621469108687,
  "run_67": 1.7530342002359345,
  "run_68": 1.7500725980211136,
  "run_69": 1.7499823816618243,
  "run_70": 1.750728251748123,
  "run_71": 1.7512933394739432,
  "run_72": 1.7516943045400855,
  "run_73": 1.7504801658995526,
  "run_74": 1.7525746171718524,
  "run_75": 1.7511075157464682,
  "run_76": 1.7508765854464072,
  "run_77": 1.7509253483835185,
  "run_78": 1.7476300505399396,
  "run_79": 1.7496255515044952,
  "run_80": 1.7505655121341166,
  "run_81": 1.7529636634272638,
  "run_82": 1.7485823442349453,
  "run_83": 1.7486505705536213,
  "run_84": 1.7489945589643763,
  "run_85": 1.7512415718859606,
  "run_86": 1.7511829014523692,
  "run_87": 1.7509702676821908,
  "run_88": 1.7511977181500096,
  "run_89": 1.7481444973716824,
  "run_90": 1.7535493975297138,
  "run_91": 1.7510391948718307,
  "run_92": 1.7472303774007492,
  "run_93": 1.7499143436120328,
  "run_94": 1.7479942837077427,
  "run_95": 1.7507573902813793,
  "run_96": 1.752700716965205,
  "run_97": 1.7519215834173472,
  "run_98": 1.7480150906654095,
  "run_99": 1.752352041577046
}