{
  "run_0": 0.8417635764880378,
  "run_1": 0.8401409318274562,
  "run_2": 0.841586785350466,
  "run_3": 0.8436860349261158,
  "run_4": 0.8398487695356703,
  "run_5": 0.8414114292225152,
  "run_6": 0.8425856477654335,
  "run_7": 0.8430738364023788,
  "run_8": 0.8417915563439291,
  "run_9": 0.8419024316015885,
  "run_10": 0.8395301646595154,
  "run_11": 0.8409165262019513,
  "run_12": 0.8440652423100761,
  "run_13": 0.8420448841600442,
  "run_14": 0.8400938212993588,
  "run_15": 0.8424573316997818,
  "run_16": 0.8422953208196091,
  "run_17": 0.839776611931641,
  "run_18": 0.8413062655034548,
  "run_19": 0.8428415022432657,
  "run_20": 0.8419675272369275,
  "run_21": 0.841210503805843,
  "run_22": 0.8414530986602312,
  "run_23": 0.8401176270539574,
  "run_24": 0.8417916808778241,
  "run_25": 0.8417416552742165,
  "run_26": 0.8416113906671254,
  "run_27": 0.8416731664514246,
  "run_28": 0.8438448246094506,
  "run_29": 0.8442937524170758,
  "run_30": 0.8435382491548912,
  "run_31": 0.8422521102966452,
  "run_32": 0.8407749700961787,
  "run_33": 0.8426813183214462,
  "run_34": 0.8422772930661223,
  "run_35": 0.8431678133574243,
  "run_36": 0.840956803884059,
  "run_37": 0.8402850613317969,
  "run_38": 0.8417867554872258,
  "run_39": 0.843855071342584,
  "run_40": 0.8387877649841735,
  "run_41": 0.8396176711229473,
  "run_42": 0.8402642257577487,
  "run_43": 0.8424835872233308,
  "run_44": 0.8412350912011547,
  "run_45": 0.8425086167983522,
  "run_46": 0.8424677098025448,
  "run_47": 0.843222932672301,
  "run_48": 0.8412121412714774,
  "run_49": 0.8423246240062001,
  "run_50": 0.8422382670780737,
  "run_51": 0.8423533673573299,
  "run_52": 0.8427870593171749,
  "run_53": 0.8400560907618227,
  "run_54": 0.8409886290424392,
  "run_55": 0.8410127756854272,
  "run_56": 0.8384941165010305,
  "run_57": 0.8387567857327716,
  "run_58": 0.8403120699807296,
  "run_59": 0.8424055756970436,
  "run_60": 0.8438325608288378,
  "run_61": 0.8427460487732816,
  "run_62": 0.840102736246266,
  "run_63": 0.8408952517101084,
  "run_64": 0.8417479323945,
  "run_65": 0.8423812551617396,
  "run_66": 0.8421597915362976,
  "run_67": 0.840305887648707,
  "run_68": 0.8418013294442751,
  "run_69": 0.8384712282356174,
  "run_70": 0.8417622705064152,
  "run_71": 0.8393992438889277,
  "run_72": 0.8384506706957446,
  "run_73": 0.8433236199386076,
  "run_74": 0.8417714118218227,
  "run_75": 0.8420256741472164,
  "run_76": 0.8411781460432992,
  "run_77": 0.8437418706165878,
  "run_78": 0.8416132993005125,
  "run_79": 0.8426395839231698,
  "run_80": 0.8409549258901395,
  "run_81": 0.8381996875829202,
  "run_82": 0.8417383865355065,
  "run_83": 0.841590056310077,
  "run_84": 0.8441831552959604,
  "run_85": 0.841103002693325,
  "run_86": 0.8410611063641783,
  "run_87": 0.8404483867022309,
  "run_88": 0.8391400064652684,
  "run_89": 0.8448746662945755,
  "run_90": 0.8445454194690785,
  "run_91": 0.8414095608600596,
  "run_92": 0.8419347838512491,
  "run_93": 0.8426572846972274,
  "run_94": 0.8408866544946575,
  "run_95": 0.8432532917966317,
  "run_96": 0.8428271819659564,
  "run_97": 0.8408062474641972,
  "run_98": 0.8405066906473521,
  "run_99": 0.8428879589090743
}