{
  "run_0": 2.055599224225901,
  "run_1": 2.0531987413385724,
  "run_2": 2.0495416904520107,
  "run_3": 2.0522387599044483,
  "run_4": 2.0559144216599132,
  "run_5": 2.0561160349594436,
  "run_6": 2.055528277510163,
  "run_7": 2.056175807948385,
  "run_8": 2.053876466257341,
  "run_9": 2.05726709472126,
  "run_10": 2.0536854359577705,
  "run_11": 2.0550983066163147,
  "run_12": 2.05428296561794,
  "run_13": 2.050728750391063,
  "run_14": 2.0560356828122797,
  "run_15": 2.0515353215186916,
  "run_16": 2.057138833668746,
  "run_17": 2.0524611668433077,
  "run_18": 2.048528351763382,
  "run_19": 2.0538204512662115,
  "run_20": 2.057996439355538,
  "run_21": 2.052019273660525,
  "run_22": 2.0477800792582883,
  "run_23": 2.05422800842861,
  "run_24": 2.0574320469648524,
  "run_25": 2.050939243187158,
  "run_26": 2.055686942459005,
  "run_27": 2.0536451085348797,
  "run_28": 2.0570542571155945,
  "run_29": 2.053666872499323,
  "run_30": 2.0556238929898543,
  "run_31": 2.053208516579081,
  "run_32": 2.0538725024746793,
  "run_33": 2.052787937901602,
  "run_34": 2.0535114344704746,
  "run_35": 2.0539304922870727,
  "run_36": 2.055325519235291,
  "run_37": 2.052183738957179,
  "run_38": 2.048519646190408,
  "run_39": 2.0592593413475595,
  "run_40": 2.053835851384172,
  "run_41": 2.0525926237771266,
  "run_42": 2.0558687172602714,
  "run_43": 2.0583674966387377,
  "run_44": 2.0515356423959124,
  "run_45": 2.0573925229765213,
  "run_46": 2.0524556561623903,
  "run_47": 2.0572990282925097,
  "run_48": 2.0562044304874725,
  "run_49": 2.0533908158133434,
  "run_50": 2.0547655625257866,
  "run_51": 2.0540129321969807,
  "run_52": 2.052062147664192,
  "run_53": 2.0537310519717855,
  "run_54": 2.0538012150574727,
  "run_55": 2.05520685859122,
  "run_56": 2.0536050849237384,
  "run_57": 2.056962883470106,
  "run_58": 2.050784735562309,
  "run_59": 2.0516561765347374,
  "run_60": 2.054482284868604,
  "run_61": 2.0510137519983007,
  "run_62": 2.0546660708726447,
  "run_63": 2.0540330649502017,
  "run_64": 2.0522578407453107,
  "run_65": 2.054967998485629,
  "run_66": 2.053351808534813,
  "run_67": 2.0471032384722263,
  "run_68": 2.04950221038805,
  "run_69": 2.049965562411112,
  "run_70": 2.054636244807324,
  "run_71": 2.054540082844977,
  "run_72": 2.0576189881535023,
  "run_73": 2.051597943984345,
  "run_74": 2.0558798720281097,
  "run_75": 2.057743721485835,
  "run_76": 2.0512448552794154,
  "run_77": 2.051208700307786,
  "run_78": 2.054576272555413,
  "run_79": 2.0529401508768,
  "run_80": 2.059919017983002,
  "run_81": 2.0466105296330195,
  "run_82": 2.0615851965842658,
  "run_83": 2.0561396239011094,
  "run_84": 2.0508305334354278,
  "run_85": 2.052520602772954,
  "run_86": 2.0515960745971134,
  "run_87": 2.055164304349602,
  "run_88": 2.0485946408342075,
  "run_89": 2.055523857847322,
  "run_90": 2.0520393051594548,
  "run_91": 2.056250278444664,
  "run_92": 2.0554627149403006,
  "run_93": 2.052264800648834,
  "run_94": 2.0597862851348396,
  "run_95": 2.0577839028315803,
  "run_96": 2.053724882792324,
  "run_97": 2.0585266988897266,
  "run_98": 2.054209710804347,
  "run_99": 2.057431781415925
}