{
  "run_0": 1.282776672265632,
  "run_1": 1.2831900989371017,
  "run_2": 1.2810496552690225,
  "run_3": 1.2804889224359675,
  "run_4": 1.2802673429799594,
  "run_5": 1.2804748283831173,
  "run_6": 1.2807169475655598,
  "run_7": 1.2835006243019937,
  "run_8": 1.2805505411109444,
  "run_9": 1.2833980161678837,
  "run_10": 1.2800580394690304,
  "run_11": 1.2833994574427434,
  "run_12": 1.2813256665475525,
  "run_13": 1.2813872841198743,
  "run_14": 1.2798785062419056,
  "run_15": 1.282040213821688,
  "run_16": 1.2810250045350544,
  "run_17": 1.279643637060849,
  "run_18": 1.2810058618915972,
  "run_19": 1.2792873888651441,
  "run_20": 1.2812091287405585,
  "run_21": 1.283799037472955,
  "run_22": 1.2831919060837096,
  "run_23": 1.2834637008565533,
  "run_24": 1.2819882197716501,
  "run_25": 1.283975803124033,
  "run_26": 1.2831724541474352,
  "run_27": 1.280287414937084,
  "run_28": 1.279132627208563,
  "run_29": 1.2817393683798761,
  "run_30": 1.2807937221759866,
  "run_31": 1.279105115468036,
  "run_32": 1.2840939447894313,
  "run_33": 1.2796436481936069,
  "run_34": 1.2820193469085865,
  "run_35": 1.2826621671810317,
  "run_36": 1.2814398387353432,
  "run_37": 1.2820939176957427,
  "run_38": 1.2817508230359913,
  "run_39": 1.2834800392001482,
  "run_40": 1.2806946801866266,
  "run_41": 1.2798591153832528,
  "run_42": 1.2806277145774678,
  "run_43": 1.2826254219972593,
  "run_44": 1.2828889616331416,
  "run_45": 1.285210127512034,
  "run_46": 1.2807055948450554,
  "run_47": 1.2814682487023468,
  "run_48": 1.2824914424650133,
  "run_49": 1.2826936116892778,
  "run_50": 1.2820622609174261,
  "run_51": 1.2794808865286953,
  "run_52": 1.2812713053991336,
  "run_53": 1.2787905215343804,
  "run_54": 1.2819791280164483,
  "run_55": 1.2840220562421287,
  "run_56": 1.2832582136962767,
  "run_57": 1.2800217618285479,
  "run_58": 1.2824508612681036,
  "run_59": 1.2777167128216855,
  "run_60": 1.279097457454552,
  "run_61": 1.2814691600042705,
  "run_62": 1.2820217546594475,
  "run_63": 1.2849942728189432,
  "run_64": 1.2788879655433762,
  "run_65": 1.2839237884648749,
  "run_66": 1.2836694279295622,
  "run_67": 1.2791906535068487,
  "run_68": 1.2822012291458478,
  "run_69": 1.2810588613940799,
  "run_70": 1.2801789009768403,
  "run_71": 1.2847390552384377,
  "run_72": 1.28139721831954,
  "run_73": 1.2816769910146737,
  "run_74": 1.2821513457588158,
  "run_75": 1.2781825529418818,
  "run_76": 1.2801471659300463,
  "run_77": 1.2777997678922142,
  "run_78": 1.2826429178743814,
  "run_79": 1.2798834895721156,
  "run_80": 1.2843105019552514,
  "run_81": 1.2822863685454635,
  "run_82": 1.2806285837631854,
  "run_83": 1.2800230703998658,
  "run_84": 1.2803430052787064,
  "run_85": 1.2793747498391757,
  "run_86": 1.2815187698484087,
  "run_87": 1.279227165539755,
  "run_88": 1.2831806933355268,
  "run_89": 1.28210867091913,
  "run_90": 1.2813428056192595,
  "run_91": 1.2830869766373088,
  "run_92": 1.2852523966831788,
  "run_93": 1.2791638282521822,
  "run_94": 1.283295382500024,
  "run_95": 1.2812131455760916,
  "run_96": 1.282431606111322,
  "run_97": 1.2799645461093019,
  "run_98": 1.2813329964363696,
  "run_99": 1.2831568835878269
}