{
  "run_0": 0.83997750520731,
  "run_1": 0.8405211993859218,
  "run_2": 0.840088177156394,
  "run_3": 0.8386740370499155,
  "run_4": 0.8440260932727549,
  "run_5": 0.8419979393530929,
  "run_6": 0.840844296774386,
  "run_7": 0.8412469636671509,
  "run_8": 0.8414664559215395,
  "run_9": 0.843268568441249
}