{
  "run_0": 0.8424160683448136,
  "run_1": 0.8419996422192336,
  "run_2": 0.8406678321089661,
  "run_3": 0.8416557366528475,
  "run_4": 0.8403053775856969,
  "run_5": 0.8419381411764401,
  "run_6": 0.8392899328940607,
  "run_7": 0.8411767581827687,
  "run_8": 0.8409016380774552,
  "run_9": 0.8424489479148771,
  "run_10": 0.8422348821917768,
  "run_11": 0.8429563088445433,
  "run_12": 0.8412575709013714,
  "run_13": 0.8435221125833069,
  "run_14": 0.8414074380230833,
  "run_15": 0.8393111151326815,
  "run_16": 0.839388990962044,
  "run_17": 0.841430520598242,
  "run_18": 0.8412639983112485,
  "run_19": 0.8390490964201249,
  "run_20": 0.8418698621297643,
  "run_21": 0.841837004412461,
  "run_22": 0.8415463893020336,
  "run_23": 0.8414033343857198,
  "run_24": 0.8421592718737304,
  "run_25": 0.8421180047340666,
  "run_26": 0.8425685157328597,
  "run_27": 0.8406361099337992,
  "run_28": 0.8392257957962738,
  "run_29": 0.8417949099689245,
  "run_30": 0.8420183314412045,
  "run_31": 0.8424025031840177,
  "run_32": 0.84260354280343,
  "run_33": 0.8402863485622827,
  "run_34": 0.8420306400288325,
  "run_35": 0.8412648216651973,
  "run_36": 0.839583923090139,
  "run_37": 0.8404667543245934,
  "run_38": 0.8424364605350815,
  "run_39": 0.8422002905416046,
  "run_40": 0.8402131556239993,
  "run_41": 0.8383560750586144,
  "run_42": 0.8420851092921854,
  "run_43": 0.8413408184672896,
  "run_44": 0.8455347933287202,
  "run_45": 0.8415390856152674,
  "run_46": 0.8434397912130687,
  "run_47": 0.8399686438942482,
  "run_48": 0.8441802776809874,
  "run_49": 0.840016921304082,
  "run_50": 0.8447286478088099,
  "run_51": 0.8420039253334977,
  "run_52": 0.8434804631351975,
  "run_53": 0.839757913774086,
  "run_54": 0.8442798097603269,
  "run_55": 0.841685393217235,
  "run_56": 0.8406554136996601,
  "run_57": 0.8419659474328253,
  "run_58": 0.8403955421446405,
  "run_59": 0.8407660560783851,
  "run_60": 0.841259697018959,
  "run_61": 0.8436676759872952,
  "run_62": 0.8432894517761307,
  "run_63": 0.8410281313370019,
  "run_64": 0.8410821431337112,
  "run_65": 0.8410303919847972,
  "run_66": 0.8413964571604573,
  "run_67": 0.8415670733317658,
  "run_68": 0.8396898513533806,
  "run_69": 0.8412717339611491,
  "run_70": 0.8403226258629158,
  "run_71": 0.8415924565431074,
  "run_72": 0.841875478349219,
  "run_73": 0.8423493298088929,
  "run_74": 0.8427835321970325,
  "run_75": 0.844202104296591,
  "run_76": 0.843825923110483,
  "run_77": 0.8436105348987525,
  "run_78": 0.8396635565664883,
  "run_79": 0.8432130961986481,
  "run_80": 0.8412102705011003,
  "run_81": 0.8417766234043543,
  "run_82": 0.8406727220162135,
  "run_83": 0.8420475338751061,
  "run_84": 0.8390030439602892,
  "run_85": 0.8407267763827337,
  "run_86": 0.842149338695986,
  "run_87": 0.8395762684503133,
  "run_88": 0.8432435971999653,
  "run_89": 0.8418050327851883,
  "run_90": 0.8401305271880825,
  "run_91": 0.8406854732212473,
  "run_92": 0.8427512245770721,
  "run_93": 0.8420633280668344,
  "run_94": 0.8405207823729983,
  "run_95": 0.8424976142944652,
  "run_96": 0.841796484412872,
  "run_97": 0.8408807579108607,
  "run_98": 0.8418269851536043,
  "run_99": 0.8397564861225524
}