{
  "run_0": 1.2814774399663826,
  "run_1": 1.2790590640457808,
  "run_2": 1.279608249242794,
  "run_3": 1.280284905626971,
  "run_4": 1.2815008389529474,
  "run_5": 1.2805517636192032,
  "run_6": 1.2821073242050838,
  "run_7": 1.280861235911608,
  "run_8": 1.2809485623925372,
  "run_9": 1.2781153026121348
}