{
  "run_0": 2.3319027816994584,
  "run_1": 2.3309636316411653,
  "run_2": 2.3295651687322865,
  "run_3": 2.3288931258930785,
  "run_4": 2.3250562103150125,
  "run_5": 2.3248428909188923,
  "run_6": 2.322255602594569,
  "run_7": 2.3262943807878393,
  "run_8": 2.3270679316424165,
  "run_9": 2.327603597900959,
  "run_10": 2.3255487770260723,
  "run_11": 2.3245609360301467,
  "run_12": 2.3237506472129024,
  "run_13": 2.321128525080626,
  "run_14": 2.32970483047564,
  "run_15": 2.333004581890607,
  "run_16": 2.324500044679966,
  "run_17": 2.3236769934405057,
  "run_18": 2.3278803016792655,
  "run_19": 2.325416488408864,
  "run_20": 2.3296965587696787,
  "run_21": 2.322735637184058,
  "run_22": 2.3216918103021054,
  "run_23": 2.324559619752792,
  "run_24": 2.3244244800447413,
  "run_25": 2.328492359932383,
  "run_26": 2.326144270198225,
  "run_27": 2.3220165076175054,
  "run_28": 2.321848411238099,
  "run_29": 2.3238259592995387,
  "run_30": 2.3279185764570274,
  "run_31": 2.328074129708388,
  "run_32": 2.32974184106433,
  "run_33": 2.325621772036005,
  "run_34": 2.328195305473674,
  "run_35": 2.3210641308315005,
  "run_36": 2.32559349178034,
  "run_37": 2.330020098497221,
  "run_38": 2.331275799535007,
  "run_39": 2.332114103174487,
  "run_40": 2.3313340799419633,
  "run_41": 2.329769868646427,
  "run_42": 2.3222521886439957,
  "run_43": 2.3267647149973345,
  "run_44": 2.323310947970034,
  "run_45": 2.327639634078797,
  "run_46": 2.3205689925454376,
  "run_47": 2.3265803517616273,
  "run_48": 2.333312836214223,
  "run_49": 2.3294620210631902,
  "run_50": 2.324234104290496,
  "run_51": 2.3255330369850955,
  "run_52": 2.3238033847582593,
  "run_53": 2.327921870032014,
  "run_54": 2.3291612302864646,
  "run_55": 2.322767444794365,
  "run_56": 2.332270669573175,
  "run_57": 2.3242318380713685,
  "run_58": 2.3297373430995174,
  "run_59": 2.3279486859937744,
  "run_60": 2.3215569786315444,
  "run_61": 2.3238847815886845,
  "run_62": 2.335480965119189,
  "run_63": 2.325192601473655,
  "run_64": 2.3339359637252057,
  "run_65": 2.3249190232613146,
  "run_66": 2.3270624039795975,
  "run_67": 2.3296882898871867,
  "run_68": 2.3272633322855647,
  "run_69": 2.323530632675924,
  "run_70": 2.329810501288559,
  "run_71": 2.3298017813041927,
  "run_72": 2.327724537945614,
  "run_73": 2.329215890560447,
  "run_74": 2.3252350177286036,
  "run_75": 2.330897802405645,
  "run_76": 2.328094369996254,
  "run_77": 2.3224791436109893,
  "run_78": 2.330600987858732,
  "run_79": 2.3313493935273093,
  "run_80": 2.3255904163030787,
  "run_81": 2.332685699608257,
  "run_82": 2.3296824861411856,
  "run_83": 2.325125505820625,
  "run_84": 2.3228941191475427,
  "run_85": 2.3288021781197545,
  "run_86": 2.3250325055019596,
  "run_87": 2.3217477865044485,
  "run_88": 2.3284184426307086,
  "run_89": 2.324799666806535,
  "run_90": 2.3264242624737177,
  "run_91": 2.3228755037466,
  "run_92": 2.329004229521647,
  "run_93": 2.330615245939189,
  "run_94": 2.326821204992863,
  "run_95": 2.3268382620666292,
  "run_96": 2.328894903168861,
  "run_97": 2.3221828761181165,
  "run_98": 2.3313485816998316,
  "run_99": 2.328611931767232
}