{
  "run_0": 2.0536678977688188,
  "run_1": 2.0549343242105698,
  "run_2": 2.0505142691780565,
  "run_3": 2.057535486642451,
  "run_4": 2.0564298580544356,
  "run_5": 2.0510867141531715,
  "run_6": 2.0522679159035757,
  "run_7": 2.0530585630965708,
  "run_8": 2.056535329203797,
  "run_9": 2.05636845355284,
  "run_10": 2.05824667030372,
  "run_11": 2.0507429916867177,
  "run_12": 2.059313461300315,
  "run_13": 2.047953894980179,
  "run_14": 2.054433403006747,
  "run_15": 2.05647528962564,
  "run_16": 2.055895020109255,
  "run_17": 2.052576036195392,
  "run_18": 2.058586718232689,
  "run_19": 2.050039189134635,
  "run_20": 2.051111373189397,
  "run_21": 2.060507982788348,
  "run_22": 2.0525080204142645,
  "run_23": 2.057787328370269,
  "run_24": 2.0529332193099625,
  "run_25": 2.052463368558152,
  "run_26": 2.0508533625074565,
  "run_27": 2.052853905615228,
  "run_28": 2.0532807991441,
  "run_29": 2.0567387578049168,
  "run_30": 2.0543736329170432,
  "run_31": 2.051481136298936,
  "run_32": 2.053124861843642,
  "run_33": 2.053278558921434,
  "run_34": 2.0552312772582813,
  "run_35": 2.0527408646640164,
  "run_36": 2.0548379536725605,
  "run_37": 2.053176000857748,
  "run_38": 2.0517445589540912,
  "run_39": 2.0533451084198626,
  "run_40": 2.047392968118158,
  "run_41": 2.0497148224380983,
  "run_42": 2.0568098593211728,
  "run_43": 2.055355160818183,
  "run_44": 2.050184668963166,
  "run_45": 2.0587438111541294,
  "run_46": 2.053014132913589,
  "run_47": 2.048853852639303,
  "run_48": 2.058703763361863,
  "run_49": 2.0491258139556066,
  "run_50": 2.0537972170279803,
  "run_51": 2.0557843365217803,
  "run_52": 2.053664749014702,
  "run_53": 2.046962697543284,
  "run_54": 2.0501219559529633,
  "run_55": 2.0558318758075256,
  "run_56": 2.05280360033482,
  "run_57": 2.0513843489894854,
  "run_58": 2.0480968788663745,
  "run_59": 2.0536538637855566,
  "run_60": 2.0529154872494186,
  "run_61": 2.058912116261646,
  "run_62": 2.0515806095334486,
  "run_63": 2.055054684706196,
  "run_64": 2.0624106153788366,
  "run_65": 2.058808175784723,
  "run_66": 2.0573407135158144,
  "run_67": 2.051824735619623,
  "run_68": 2.0532777864364067,
  "run_69": 2.051164699221585,
  "run_70": 2.051254219998443,
  "run_71": 2.0578565177280845,
  "run_72": 2.056793258294152,
  "run_73": 2.056081035265249,
  "run_74": 2.0534671883807585,
  "run_75": 2.050530207283786,
  "run_76": 2.052673301414033,
  "run_77": 2.056588502093904,
  "run_78": 2.0539595836729743,
  "run_79": 2.0559850753766113,
  "run_80": 2.0509690745065883,
  "run_81": 2.0551231145113986,
  "run_82": 2.0570451105337644,
  "run_83": 2.057250894978612,
  "run_84": 2.0550023937565234,
  "run_85": 2.051981713311071,
  "run_86": 2.056517627027018,
  "run_87": 2.0515474577698973,
  "run_88": 2.054811517447376,
  "run_89": 2.049831017517785,
  "run_90": 2.050269137152174,
  "run_91": 2.0544964769946485,
  "run_92": 2.0559584859439624,
  "run_93": 2.054381602627811,
  "run_94": 2.0566499572144648,
  "run_95": 2.0596968129064486,
  "run_96": 2.0496468318745555,
  "run_97": 2.0533659703272997,
  "run_98": 2.054910221313079,
  "run_99": 2.0521887194170345
}