{
  "run_0": 2.3356956500213557,
  "run_1": 2.319910427034458,
  "run_2": 2.3234741492383284,
  "run_3": 2.328586970840859,
  "run_4": 2.324506594718626,
  "run_5": 2.3248817755515305,
  "run_6": 2.331678592477429,
  "run_7": 2.3276998945556593,
  "run_8": 2.3293844064924016,
  "run_9": 2.324284280120018,
  "run_10": 2.3291217177787806,
  "run_11": 2.320736774710407,
  "run_12": 2.32799678608614,
  "run_13": 2.3310000114398246,
  "run_14": 2.3223130799971363,
  "run_15": 2.3302831646922284,
  "run_16": 2.323083606129869,
  "run_17": 2.3277811734698393,
  "run_18": 2.3208287173854756,
  "run_19": 2.321979214671104,
  "run_20": 2.3283359538763455,
  "run_21": 2.321813806972896,
  "run_22": 2.326779858531706,
  "run_23": 2.323751387318809,
  "run_24": 2.327339193495271,
  "run_25": 2.3250804688839493,
  "run_26": 2.3267407053120355,
  "run_27": 2.324369670616845,
  "run_28": 2.327024247851139,
  "run_29": 2.3288639767666792,
  "run_30": 2.3224933063103155,
  "run_31": 2.329835518901567,
  "run_32": 2.322296158380373,
  "run_33": 2.3199293729520085,
  "run_34": 2.3260335067945794,
  "run_35": 2.3227342788824186,
  "run_36": 2.3283550778732622,
  "run_37": 2.3305242463566582,
  "run_38": 2.32210863588695,
  "run_39": 2.333931382987797,
  "run_40": 2.3263546938442743,
  "run_41": 2.327457278709215,
  "run_42": 2.326620516195867,
  "run_43": 2.323691835098764,
  "run_44": 2.3318635192179995,
  "run_45": 2.320975889555041,
  "run_46": 2.323703994657689,
  "run_47": 2.3206791552980195,
  "run_48": 2.3234114893244087,
  "run_49": 2.3305779341044013,
  "run_50": 2.327173434200205,
  "run_51": 2.3232113272637207,
  "run_52": 2.3255173358958285,
  "run_53": 2.32806214018778,
  "run_54": 2.3214034625982114,
  "run_55": 2.3220530518507743,
  "run_56": 2.324720782653231,
  "run_57": 2.326558855502536,
  "run_58": 2.3253845585148056,
  "run_59": 2.3256553153494077,
  "run_60": 2.322408510565314,
  "run_61": 2.324421193588632,
  "run_62": 2.3238342854274308,
  "run_63": 2.32352612606952,
  "run_64": 2.323284187796836,
  "run_65": 2.3263091677998906,
  "run_66": 2.3271757203350414,
  "run_67": 2.325015488360613,
  "run_68": 2.3301406699652754,
  "run_69": 2.331792588063456,
  "run_70": 2.3270189592518586,
  "run_71": 2.328648115461237,
  "run_72": 2.332236907825404,
  "run_73": 2.329133589162468,
  "run_74": 2.328161966033972,
  "run_75": 2.324440989834243,
  "run_76": 2.319611198925631,
  "run_77": 2.3201722707325265,
  "run_78": 2.330430727108468,
  "run_79": 2.3283453269011294,
  "run_80": 2.3282447288418493,
  "run_81": 2.3305870557158883,
  "run_82": 2.3269486989333985,
  "run_83": 2.3265885767020196,
  "run_84": 2.3192902402675695,
  "run_85": 2.3286540035089587,
  "run_86": 2.3276170450589917,
  "run_87": 2.3293545687688395,
  "run_88": 2.32191526245224,
  "run_89": 2.322787462133515,
  "run_90": 2.328552328421932,
  "run_91": 2.326825160657496,
  "run_92": 2.3213425291118086,
  "run_93": 2.320674009350484,
  "run_94": 2.3216084407029274,
  "run_95": 2.32425402587751,
  "run_96": 2.3310917654601564,
  "run_97": 2.3247939520921768,
  "run_98": 2.322204352359114,
  "run_99": 2.330649506837139
}