{
  "run_0": 0.8422296947026877,
  "run_1": 0.8426638287998786,
  "run_2": 0.8432551363375571,
  "run_3": 0.8433637226866834,
  "run_4": 0.8434109836284496,
  "run_5": 0.8415420644671973,
  "run_6": 0.8402447603665285,
  "run_7": 0.8391382554799591,
  "run_8": 0.840417863856318,
  "run_9": 0.8409254318437043,
  "run_10": 0.8393785727411787,
  "run_11": 0.8413686501887426,
  "run_12": 0.8429271978770019,
  "run_13": 0.8420293348056762,
  "run_14": 0.8403753995490042,
  "run_15": 0.8416244328611268,
  "run_16": 0.8391586181247555,
  "run_17": 0.8371420805835057,
  "run_18": 0.8403984499858368,
  "run_19": 0.8395750147338098,
  "run_20": 0.8396127326508106,
  "run_21": 0.8402268463589966,
  "run_22": 0.8427246511353409,
  "run_23": 0.8416016421770449,
  "run_24": 0.8431325074291969,
  "run_25": 0.838839770614342,
  "run_26": 0.8426991178541299,
  "run_27": 0.8401433709859732,
  "run_28": 0.8441304042025528,
  "run_29": 0.8448582946110188,
  "run_30": 0.8414324290238202,
  "run_31": 0.8424909090738919,
  "run_32": 0.8433333879527901,
  "run_33": 0.8414420376659463,
  "run_34": 0.8430622306310445,
  "run_35": 0.8400451586113584,
  "run_36": 0.8420172234890229,
  "run_37": 0.8408932349892675,
  "run_38": 0.8411426653402575,
  "run_39": 0.8431983993659583,
  "run_40": 0.8376125120739745,
  "run_41": 0.8425079692174519,
  "run_42": 0.8399283183878036,
  "run_43": 0.8425424292097194,
  "run_44": 0.8424304574236777,
  "run_45": 0.8404029779967318,
  "run_46": 0.8407145924071017,
  "run_47": 0.8414137572706417,
  "run_48": 0.8435251356806809,
  "run_49": 0.8417129890556666,
  "run_50": 0.8415899145275525,
  "run_51": 0.8434134947296106,
  "run_52": 0.842143210221513,
  "run_53": 0.8402261980640572,
  "run_54": 0.8420168814645438,
  "run_55": 0.8417362974928306,
  "run_56": 0.8403435579312333,
  "run_57": 0.8403605046433537,
  "run_58": 0.8383059445921924,
  "run_59": 0.841447048118138,
  "run_60": 0.8421597719477598,
  "run_61": 0.8400372008962201,
  "run_62": 0.8412969010135893,
  "run_63": 0.8425140018257423,
  "run_64": 0.8414039288516014,
  "run_65": 0.8418717110960756,
  "run_66": 0.8428216605766632,
  "run_67": 0.8401522633187324,
  "run_68": 0.8394352204451011,
  "run_69": 0.8400341123603974,
  "run_70": 0.8404509563150471,
  "run_71": 0.8402993116506188,
  "run_72": 0.8412658926756256,
  "run_73": 0.8457143986763227,
  "run_74": 0.8429717837547307,
  "run_75": 0.8402567110467375,
  "run_76": 0.8410687220186519,
  "run_77": 0.8401688168758507,
  "run_78": 0.8423220570388342,
  "run_79": 0.8416055008778065,
  "run_80": 0.8445543322202819,
  "run_81": 0.8405913975625092,
  "run_82": 0.8443559760488303,
  "run_83": 0.8428199080769504,
  "run_84": 0.8435115033171943,
  "run_85": 0.8394793135501137,
  "run_86": 0.843371947933753,
  "run_87": 0.8432909209865042,
  "run_88": 0.8410873475060544,
  "run_89": 0.8389615780374082,
  "run_90": 0.8417675678775222,
  "run_91": 0.842929508845882,
  "run_92": 0.8401612009193414,
  "run_93": 0.8417353044322393,
  "run_94": 0.8408633235931593,
  "run_95": 0.8420762360585657,
  "run_96": 0.8402064180583457,
  "run_97": 0.841703691230876,
  "run_98": 0.8412109485858803,
  "run_99": 0.8439202875529832
}