{
  "run_0": 0.5242431227154076,
  "run_1": 0.5226098689640812,
  "run_2": 0.5219853626110542,
  "run_3": 0.522352210333598,
  "run_4": 0.5245499159270401,
  "run_5": 0.5241322682958884,
  "run_6": 0.5253585859006176,
  "run_7": 0.5236057008399015,
  "run_8": 0.5243794540543972,
  "run_9": 0.5273155241466431
}