{
  "run_0": 2.0535397009603367,
  "run_1": 2.056725315346,
  "run_2": 2.049148284629759,
  "run_3": 2.050476168469886,
  "run_4": 2.050390579805569,
  "run_5": 2.056585040968881,
  "run_6": 2.0519129251906794,
  "run_7": 2.0546660945822777,
  "run_8": 2.0547124658687608,
  "run_9": 2.050175601320619,
  "run_10": 2.050369852844163,
  "run_11": 2.0487095501287507,
  "run_12": 2.058520853515051,
  "run_13": 2.0543865670128536,
  "run_14": 2.0466077549278685,
  "run_15": 2.0513563181310053,
  "run_16": 2.0566676146961584,
  "run_17": 2.0507596187867274,
  "run_18": 2.054212189674924,
  "run_19": 2.056886252616967,
  "run_20": 2.0530041337751777,
  "run_21": 2.0528933732948387,
  "run_22": 2.0530706211213734,
  "run_23": 2.0536461610212626,
  "run_24": 2.052750667878284,
  "run_25": 2.0491448875936005,
  "run_26": 2.054075860825793,
  "run_27": 2.054000011693562,
  "run_28": 2.0484947818534676,
  "run_29": 2.0522829911999896,
  "run_30": 2.049404191447505,
  "run_31": 2.0532422082967896,
  "run_32": 2.055592170747142,
  "run_33": 2.054025128459204,
  "run_34": 2.0574091332535773,
  "run_35": 2.0469620874148147,
  "run_36": 2.0580307363379617,
  "run_37": 2.0542962789313153,
  "run_38": 2.0560537836781303,
  "run_39": 2.0559068050764697,
  "run_40": 2.052509147896079,
  "run_41": 2.051850956245119,
  "run_42": 2.056858071575005,
  "run_43": 2.0560593165534096,
  "run_44": 2.050674572184944,
  "run_45": 2.05216822854778,
  "run_46": 2.0568204368581426,
  "run_47": 2.0495557843901437,
  "run_48": 2.0535477697039104,
  "run_49": 2.050366505917002,
  "run_50": 2.053401833489948,
  "run_51": 2.053837556012817,
  "run_52": 2.0569321544628014,
  "run_53": 2.0547180991902074,
  "run_54": 2.052611578693744,
  "run_55": 2.057591004728081,
  "run_56": 2.052331170347515,
  "run_57": 2.050920651951602,
  "run_58": 2.0519449521286677,
  "run_59": 2.0550345458291988,
  "run_60": 2.0522653144382517,
  "run_61": 2.052757347322959,
  "run_62": 2.054389596052439,
  "run_63": 2.0487291839763677,
  "run_64": 2.0583989005392236,
  "run_65": 2.0459666367209355,
  "run_66": 2.049662138949322,
  "run_67": 2.0505424094308706,
  "run_68": 2.0563654682627583,
  "run_69": 2.0537510154782215,
  "run_70": 2.0506418701680187,
  "run_71": 2.0543674804738012,
  "run_72": 2.056959055016708,
  "run_73": 2.0515746216351713,
  "run_74": 2.0548918432430097,
  "run_75": 2.05356468928032,
  "run_76": 2.055751939523293,
  "run_77": 2.04754218121632,
  "run_78": 2.0462970089324566,
  "run_79": 2.0570172543349354,
  "run_80": 2.051191187903024,
  "run_81": 2.052969373115359,
  "run_82": 2.0549400700690406,
  "run_83": 2.0547564474982285,
  "run_84": 2.0558919861442275,
  "run_85": 2.0516037560525833,
  "run_86": 2.0553380761384448,
  "run_87": 2.0507228016588566,
  "run_88": 2.054325964548667,
  "run_89": 2.053739377243153,
  "run_90": 2.0545258810223324,
  "run_91": 2.050877648491364,
  "run_92": 2.05150430682517,
  "run_93": 2.056484772925093,
  "run_94": 2.053667384657257,
  "run_95": 2.0513752855928247,
  "run_96": 2.05160222660302,
  "run_97": 2.0486151449364702,
  "run_98": 2.0553462555906132,
  "run_99": 2.0517336081625386
}