{
  "run_0": 1.278643549682426,
  "run_1": 1.2811084048741952,
  "run_2": 1.2771816337709065,
  "run_3": 1.2832909677131794,
  "run_4": 1.2841168636690001,
  "run_5": 1.282276736567141,
  "run_6": 1.2803902482725709,
  "run_7": 1.282367044429383,
  "run_8": 1.283429058804585,
  "run_9": 1.2814050454053072,
  "run_10": 1.2801755321716832,
  "run_11": 1.284575894394375,
  "run_12": 1.2815875345980245,
  "run_13": 1.2786071846390668,
  "run_14": 1.2806431932385636,
  "run_15": 1.2822739002400656,
  "run_16": 1.2827520007733995,
  "run_17": 1.2809963591479887,
  "run_18": 1.281999685606277,
  "run_19": 1.2817755266596855,
  "run_20": 1.2801255083035767,
  "run_21": 1.2801487604011286,
  "run_22": 1.2818362238868113,
  "run_23": 1.281719087681645,
  "run_24": 1.2819115292484222,
  "run_25": 1.2813586545615179,
  "run_26": 1.2809196639007998,
  "run_27": 1.2805893816775873,
  "run_28": 1.2837589010678343,
  "run_29": 1.2807515271863692,
  "run_30": 1.2812955432834396,
  "run_31": 1.281940544814177,
  "run_32": 1.2805765182419533,
  "run_33": 1.282704832718343,
  "run_34": 1.279375405624699,
  "run_35": 1.281388833986348,
  "run_36": 1.2868290334475474,
  "run_37": 1.2823976925159748,
  "run_38": 1.2841627419472479,
  "run_39": 1.2791577030936216,
  "run_40": 1.2799039611737086,
  "run_41": 1.2833361880962535,
  "run_42": 1.2829307455863561,
  "run_43": 1.28051100948007,
  "run_44": 1.2822260720955856,
  "run_45": 1.281920530444821,
  "run_46": 1.2837590327405541,
  "run_47": 1.2812972899734265,
  "run_48": 1.2829723297321782,
  "run_49": 1.2846424724350347,
  "run_50": 1.280478535454775,
  "run_51": 1.2823980519734617,
  "run_52": 1.2799559246188317,
  "run_53": 1.2835873505860387,
  "run_54": 1.2824710825974182,
  "run_55": 1.281435627762895,
  "run_56": 1.2835791636882434,
  "run_57": 1.2839254485534872,
  "run_58": 1.2790594369738026,
  "run_59": 1.282957460809706,
  "run_60": 1.282330811062264,
  "run_61": 1.2838160872781477,
  "run_62": 1.2825082307837228,
  "run_63": 1.2825718267225845,
  "run_64": 1.283063482206546,
  "run_65": 1.2803467570688365,
  "run_66": 1.2774754472827303,
  "run_67": 1.2788681931306158,
  "run_68": 1.2848095755314597,
  "run_69": 1.2836928591458188,
  "run_70": 1.28092609107269,
  "run_71": 1.2815206323903927,
  "run_72": 1.2838895013673555,
  "run_73": 1.2795827635491317,
  "run_74": 1.284996485647081,
  "run_75": 1.2805781160607252,
  "run_76": 1.2828821551053917,
  "run_77": 1.280874332445474,
  "run_78": 1.281222895894366,
  "run_79": 1.282343211084421,
  "run_80": 1.2826173020379403,
  "run_81": 1.2804155802854065,
  "run_82": 1.2844167968021398,
  "run_83": 1.2817657189782017,
  "run_84": 1.2806722202010086,
  "run_85": 1.2818032009820697,
  "run_86": 1.2785863428271618,
  "run_87": 1.2838100579717966,
  "run_88": 1.2835574178449904,
  "run_89": 1.2830430068490177,
  "run_90": 1.2812666113271338,
  "run_91": 1.2810169261223543,
  "run_92": 1.284380888499948,
  "run_93": 1.2816258329775079,
  "run_94": 1.2831814103918755,
  "run_95": 1.2799335136481682,
  "run_96": 1.2834181286600255,
  "run_97": 1.282059630580542,
  "run_98": 1.28226714619228,
  "run_99": 1.2814071310003026
}