version, all, all_std, normal, normal_std, event, event_std
320618,0.5287026393413544,0.0034427119764396,0.9793937289714814,0.0038894804408383,-4.596507406234741,0.021529897517968
320619,0.5710971057415009,0.0003511934896249,1.0054073357582092,0.0004303520970161,-4.3678309345245365,0.001781499201406
320620,0.4285260128974915,0.0026869902781228,0.7290227782726287,0.002794702944415,-2.988690814971924,0.0045413021114062
320624,-14.383431854248046,0.1078108945008264,-15.366353816986084,0.1087303842662869,-2.323873529434204,0.2447574287273551
320622,-15.335698375701904,0.1489381229878585,-15.90053674697876,0.1347315369948224,-8.405649089813233,0.5323229816167894
320623,-15.12983148574829,0.1072623896232454,-15.790231819152831,0.1187910701825775,-7.027314500808716,0.3383175601516116
320631,12.090735244750975,0.0013048006660876,11.91333703994751,0.0013414946238757,14.10414545059204,0.0012692876225836
320629,12.32361946105957,0.0011666766398719,12.36626226425171,0.001041955800666,11.83963764190674,0.0031402864343744
320630,12.31458683013916,0.0019651330305131324,12.337794055938721,0.0019085010366941448,12.05118480682373,0.0034448793595751696
