{
  "run_0": 0.8423325513048342,
  "run_1": 0.8405253968882747,
  "run_2": 0.8392900512144081,
  "run_3": 0.839666945732571,
  "run_4": 0.8420008534969027,
  "run_5": 0.8410589396748246,
  "run_6": 0.8431480397725343,
  "run_7": 0.8415769061711952,
  "run_8": 0.8421553443984868,
  "run_9": 0.8426196295632428
}