{
  "run_0": 2.05096513669617,
  "run_1": 2.0560309043751688,
  "run_2": 2.0559389783530375,
  "run_3": 2.0509472372661812,
  "run_4": 2.049703537082852,
  "run_5": 2.0524647105291027,
  "run_6": 2.057884639689471,
  "run_7": 2.05360183137601,
  "run_8": 2.0511714705259902,
  "run_9": 2.056369164554716,
  "run_10": 2.0505210552492095,
  "run_11": 2.053726410562675,
  "run_12": 2.051079148489645,
  "run_13": 2.059558380912798,
  "run_14": 2.055704408239023,
  "run_15": 2.0501111223085617,
  "run_16": 2.0522656038623737,
  "run_17": 2.051276428332561,
  "run_18": 2.0530342322049773,
  "run_19": 2.054950863719255,
  "run_20": 2.0562022236281248,
  "run_21": 2.053674503321411,
  "run_22": 2.0537170980322097,
  "run_23": 2.058936371475197,
  "run_24": 2.0574842230054373,
  "run_25": 2.052348425236235,
  "run_26": 2.0525006992458397,
  "run_27": 2.052896259763123,
  "run_28": 2.050258239563586,
  "run_29": 2.0529798571838627,
  "run_30": 2.056136619121595,
  "run_31": 2.054482142799995,
  "run_32": 2.0526448663507755,
  "run_33": 2.047153574353596,
  "run_34": 2.049425145072224,
  "run_35": 2.0571205421897036,
  "run_36": 2.055465027853001,
  "run_37": 2.0552853780723006,
  "run_38": 2.054373661251368,
  "run_39": 2.058021627031859,
  "run_40": 2.0543653218854314,
  "run_41": 2.0518486356516767,
  "run_42": 2.052385356179723,
  "run_43": 2.048421348989769,
  "run_44": 2.054219194237593,
  "run_45": 2.052210769923039,
  "run_46": 2.057287317323619,
  "run_47": 2.0502700091542185,
  "run_48": 2.0544052305075113,
  "run_49": 2.054186955339687,
  "run_50": 2.051469542695041,
  "run_51": 2.051522376911131,
  "run_52": 2.0548270065078444,
  "run_53": 2.0535775562205427,
  "run_54": 2.053990022503089,
  "run_55": 2.0552562505003236,
  "run_56": 2.057038203749409,
  "run_57": 2.059515044546824,
  "run_58": 2.0494542957179016,
  "run_59": 2.0517356845930204,
  "run_60": 2.058466687259085,
  "run_61": 2.052531767617432,
  "run_62": 2.056670711506929,
  "run_63": 2.054881026250389,
  "run_64": 2.0529603994998524,
  "run_65": 2.049278011799934,
  "run_66": 2.0556876919965976,
  "run_67": 2.0530311670654924,
  "run_68": 2.050781658472738,
  "run_69": 2.0535232027769332,
  "run_70": 2.0520685407159007,
  "run_71": 2.0533774087073327,
  "run_72": 2.058167121961724,
  "run_73": 2.0558878154744336,
  "run_74": 2.0513887868816103,
  "run_75": 2.0566347823950113,
  "run_76": 2.0549123900026864,
  "run_77": 2.050124716777325,
  "run_78": 2.059799375066522,
  "run_79": 2.055754361884467,
  "run_80": 2.0502903508059394,
  "run_81": 2.0503758562463967,
  "run_82": 2.054380854023618,
  "run_83": 2.056586734080757,
  "run_84": 2.0536518004514246,
  "run_85": 2.051786008148684,
  "run_86": 2.05571841334233,
  "run_87": 2.0530215379749883,
  "run_88": 2.055484043843805,
  "run_89": 2.0517593859906107,
  "run_90": 2.056453837469951,
  "run_91": 2.05486319178571,
  "run_92": 2.0511706826236016,
  "run_93": 2.055513184041053,
  "run_94": 2.0567852021041113,
  "run_95": 2.0562240250213266,
  "run_96": 2.056464209135071,
  "run_97": 2.05789716477024,
  "run_98": 2.0519946645815925,
  "run_99": 2.057513229203779
}