{
  "run_0": 2.0504902676135464,
  "run_1": 2.05229507137527,
  "run_2": 2.0568385874533246,
  "run_3": 2.0507518734687933,
  "run_4": 2.0562312580168753,
  "run_5": 2.0511542133749643,
  "run_6": 2.052646589416747,
  "run_7": 2.052551480099968,
  "run_8": 2.0520074518626226,
  "run_9": 2.0562863730009426
}