{
  "run_0": 0.5250667301340928,
  "run_1": 0.522989008168086,
  "run_2": 0.5239413107964715,
  "run_3": 0.5261567348389657,
  "run_4": 0.5234305157302632,
  "run_5": 0.5243441862864499,
  "run_6": 0.5225075183003016,
  "run_7": 0.5244036454273941,
  "run_8": 0.5235518254616945,
  "run_9": 0.5234379198879934,
  "run_10": 0.5240711149875641,
  "run_11": 0.5219731753105699,
  "run_12": 0.5238225401088841,
  "run_13": 0.521387069990805,
  "run_14": 0.5255665770385217,
  "run_15": 0.5217014978716518,
  "run_16": 0.5268749948322827,
  "run_17": 0.5266235565677098,
  "run_18": 0.5279593140165592,
  "run_19": 0.5243910734764123,
  "run_20": 0.5238149787576537,
  "run_21": 0.5247587806218773,
  "run_22": 0.5246029364783107,
  "run_23": 0.5226069839328618,
  "run_24": 0.524759025159979,
  "run_25": 0.5240469190344411,
  "run_26": 0.5255298583129742,
  "run_27": 0.5238628871232489,
  "run_28": 0.5247393112256087,
  "run_29": 0.5249036524792179,
  "run_30": 0.5241204730179796,
  "run_31": 0.5238187138488658,
  "run_32": 0.5252002803288407,
  "run_33": 0.5251124550685972,
  "run_34": 0.5249161745269992,
  "run_35": 0.5242502360370839,
  "run_36": 0.5242721476462344,
  "run_37": 0.5260689777714181,
  "run_38": 0.525076087711646,
  "run_39": 0.523600696511816,
  "run_40": 0.5231545724522605,
  "run_41": 0.523951966036858,
  "run_42": 0.5228334105492402,
  "run_43": 0.5255574940755683,
  "run_44": 0.5257906235822283,
  "run_45": 0.5252993846622455,
  "run_46": 0.5242386111717959,
  "run_47": 0.5260435641179689,
  "run_48": 0.5230872636591457,
  "run_49": 0.5251717085094811,
  "run_50": 0.5230117827304462,
  "run_51": 0.5259331853936294,
  "run_52": 0.5243643534380252,
  "run_53": 0.523512992535273,
  "run_54": 0.5250855224202357,
  "run_55": 0.5259409372465391,
  "run_56": 0.5267171703763273,
  "run_57": 0.5247943784339972,
  "run_58": 0.5242309988146576,
  "run_59": 0.5245448935437309,
  "run_60": 0.5242597126724369,
  "run_61": 0.5235880530460957,
  "run_62": 0.5256293961644172,
  "run_63": 0.5247904079766291,
  "run_64": 0.5234684476138539,
  "run_65": 0.5285735052600596,
  "run_66": 0.5258794628674756,
  "run_67": 0.5227096406111197,
  "run_68": 0.5244476571619012,
  "run_69": 0.5230401891939742,
  "run_70": 0.5249292588253825,
  "run_71": 0.5230024814792924,
  "run_72": 0.5246127352541575,
  "run_73": 0.5233307713856187,
  "run_74": 0.524126161336089,
  "run_75": 0.52471264085974,
  "run_76": 0.5247959020513374,
  "run_77": 0.5261608255892607,
  "run_78": 0.5273375565703633,
  "run_79": 0.5237079485162344,
  "run_80": 0.5241677300270469,
  "run_81": 0.5218631866347738,
  "run_82": 0.5266369786772124,
  "run_83": 0.5224530619153416,
  "run_84": 0.5225375159866895,
  "run_85": 0.5235784635825572,
  "run_86": 0.5237581159186864,
  "run_87": 0.5237768928743206,
  "run_88": 0.5249760542610362,
  "run_89": 0.5263205643945139,
  "run_90": 0.5228744037781077,
  "run_91": 0.5244176922324174,
  "run_92": 0.524486995580255,
  "run_93": 0.5246342670316981,
  "run_94": 0.5282984341129873,
  "run_95": 0.5231144179998417,
  "run_96": 0.5240537110978949,
  "run_97": 0.5239460810625646,
  "run_98": 0.5235647194230644,
  "run_99": 0.5228257972606599
}