{
  "run_0": 0.5246891875653324,
  "run_1": 0.5266649014973532,
  "run_2": 0.523475063586761,
  "run_3": 0.5244619305550244,
  "run_4": 0.5241713224169471,
  "run_5": 0.5249434259883436,
  "run_6": 0.5251333040651486,
  "run_7": 0.5237797541234175,
  "run_8": 0.5245277857535633,
  "run_9": 0.5224632449254147,
  "run_10": 0.5252456296273156,
  "run_11": 0.5225393973272013,
  "run_12": 0.5239989874350753,
  "run_13": 0.5257566226904733,
  "run_14": 0.5235276290410369,
  "run_15": 0.5242601154441139,
  "run_16": 0.5238290094607515,
  "run_17": 0.5228289322635044,
  "run_18": 0.524784378762366,
  "run_19": 0.5246980401614717,
  "run_20": 0.5269838725907938,
  "run_21": 0.525383324687704,
  "run_22": 0.5246103772936654,
  "run_23": 0.5265769346429887,
  "run_24": 0.5259324861787775,
  "run_25": 0.5228615019013546,
  "run_26": 0.524670475358468,
  "run_27": 0.5255868102251814,
  "run_28": 0.5242304076099172,
  "run_29": 0.5266318872561121,
  "run_30": 0.524527868757737,
  "run_31": 0.5271403897379621,
  "run_32": 0.5257380228141055,
  "run_33": 0.5228928848070158,
  "run_34": 0.524594101232752,
  "run_35": 0.5235161514301934,
  "run_36": 0.5262795770861943,
  "run_37": 0.5243347471103634,
  "run_38": 0.5250422039370457,
  "run_39": 0.5252939234973064,
  "run_40": 0.5252862321657319,
  "run_41": 0.5220853180774945,
  "run_42": 0.5242841719119532,
  "run_43": 0.5248306812185554,
  "run_44": 0.5216169315456538,
  "run_45": 0.5231407231214406,
  "run_46": 0.5235279285812876,
  "run_47": 0.5258706449285605,
  "run_48": 0.5258079250641771,
  "run_49": 0.5241343905794122,
  "run_50": 0.5237566528143034,
  "run_51": 0.5246165441267284,
  "run_52": 0.5240528313559737,
  "run_53": 0.5229825976155893,
  "run_54": 0.5228393451897448,
  "run_55": 0.5246337423460671,
  "run_56": 0.5256734444415967,
  "run_57": 0.5226205146802854,
  "run_58": 0.5245741768388619,
  "run_59": 0.5249122432842968,
  "run_60": 0.5240875701056626,
  "run_61": 0.5242921602259436,
  "run_62": 0.5253563963631862,
  "run_63": 0.5245974155144534,
  "run_64": 0.5249921785121071,
  "run_65": 0.5249114937469878,
  "run_66": 0.525730993109584,
  "run_67": 0.524212495724568,
  "run_68": 0.5264729180751627,
  "run_69": 0.5247590871285187,
  "run_70": 0.5240504480805591,
  "run_71": 0.5238527454865383,
  "run_72": 0.524790353236174,
  "run_73": 0.5242690203897239,
  "run_74": 0.5227434205038755,
  "run_75": 0.5242939823976552,
  "run_76": 0.5272952149818123,
  "run_77": 0.5234640805624152,
  "run_78": 0.5253309221365501,
  "run_79": 0.5264986191578664,
  "run_80": 0.5234538671892796,
  "run_81": 0.5247872941749915,
  "run_82": 0.5228755845888906,
  "run_83": 0.5263810210853104,
  "run_84": 0.5253987219196864,
  "run_85": 0.5260948157360444,
  "run_86": 0.5252507549968864,
  "run_87": 0.5232987227995688,
  "run_88": 0.5237806740470516,
  "run_89": 0.5260494619997269,
  "run_90": 0.523814974614321,
  "run_91": 0.5243122791118957,
  "run_92": 0.5247436208378682,
  "run_93": 0.5265043097285866,
  "run_94": 0.5230698188058486,
  "run_95": 0.5206317948036869,
  "run_96": 0.523764153256875,
  "run_97": 0.5225174477624055,
  "run_98": 0.5241582523169982,
  "run_99": 0.5254710171682065
}