{
  "run_0": 2.3275466845795014,
  "run_1": 2.3273180730745966,
  "run_2": 2.3286650885365785,
  "run_3": 2.3325575517768873,
  "run_4": 2.3336383194485615,
  "run_5": 2.32778337406541,
  "run_6": 2.323239072302192,
  "run_7": 2.326459975412623,
  "run_8": 2.3227299011112454,
  "run_9": 2.328174218604149,
  "run_10": 2.3312048728775916,
  "run_11": 2.3308731636243007,
  "run_12": 2.3298840824568106,
  "run_13": 2.331316152250929,
  "run_14": 2.3267118426414792,
  "run_15": 2.3255424849815456,
  "run_16": 2.326701036386468,
  "run_17": 2.3269880337268294,
  "run_18": 2.329608546346095,
  "run_19": 2.321103411292234,
  "run_20": 2.327879149011815,
  "run_21": 2.3238043769345236,
  "run_22": 2.3234682117944154,
  "run_23": 2.3198667899632195,
  "run_24": 2.321733733333579,
  "run_25": 2.328387507567195,
  "run_26": 2.3335760081983277,
  "run_27": 2.330112347151824,
  "run_28": 2.330733736085769,
  "run_29": 2.3230467461237807,
  "run_30": 2.3233718901706353,
  "run_31": 2.3306660100588363,
  "run_32": 2.3280771429797755,
  "run_33": 2.327945555788383,
  "run_34": 2.3415722616701986,
  "run_35": 2.333293175403331,
  "run_36": 2.329251413217952,
  "run_37": 2.33280691539338,
  "run_38": 2.3252651353937095,
  "run_39": 2.3249395494578615,
  "run_40": 2.329755103703741,
  "run_41": 2.325546680344055,
  "run_42": 2.329789276051294,
  "run_43": 2.3302893344377007,
  "run_44": 2.324026944049614,
  "run_45": 2.330153061411157,
  "run_46": 2.325179275121075,
  "run_47": 2.3245505206523207,
  "run_48": 2.3280767549782073,
  "run_49": 2.3287334234486576,
  "run_50": 2.3216489664207454,
  "run_51": 2.3246755693367684,
  "run_52": 2.321558278291688,
  "run_53": 2.3334808838638317,
  "run_54": 2.328989115728993,
  "run_55": 2.331060552706242,
  "run_56": 2.326850544781486,
  "run_57": 2.33106226965507,
  "run_58": 2.324984695822426,
  "run_59": 2.3222029443735983,
  "run_60": 2.3309481291026577,
  "run_61": 2.3208199942864587,
  "run_62": 2.3280249518197724,
  "run_63": 2.328652053519452,
  "run_64": 2.321004832420204,
  "run_65": 2.332800348750722,
  "run_66": 2.3267875477151723,
  "run_67": 2.324435706726875,
  "run_68": 2.3272077242693725,
  "run_69": 2.3225547751404894,
  "run_70": 2.3216923360918957,
  "run_71": 2.3217980708957477,
  "run_72": 2.324141535322498,
  "run_73": 2.3320657757211634,
  "run_74": 2.3275003494762365,
  "run_75": 2.331483154898983,
  "run_76": 2.3261404195893927,
  "run_77": 2.333554491426451,
  "run_78": 2.3213689290316633,
  "run_79": 2.326080263407916,
  "run_80": 2.3316297250314704,
  "run_81": 2.3259043316960692,
  "run_82": 2.3328438850120112,
  "run_83": 2.3219672244917673,
  "run_84": 2.3261581364874226,
  "run_85": 2.3274674550833874,
  "run_86": 2.33069040476517,
  "run_87": 2.3286463592877342,
  "run_88": 2.332118374683735,
  "run_89": 2.327010940463823,
  "run_90": 2.327666023469719,
  "run_91": 2.3233627136486157,
  "run_92": 2.326607040348307,
  "run_93": 2.3254578645485577,
  "run_94": 2.3303385271653894,
  "run_95": 2.3251764006087394,
  "run_96": 2.3304983117215614,
  "run_97": 2.3243194415551107,
  "run_98": 2.3391057001959066,
  "run_99": 2.323036669454784
}