{
  "run_0": 1.7515541956784075,
  "run_1": 1.749159749057486,
  "run_2": 1.7492948874894774,
  "run_3": 1.7518111765723483,
  "run_4": 1.7520621871108948,
  "run_5": 1.7500785460897754,
  "run_6": 1.7523337573350004,
  "run_7": 1.7480450105536935,
  "run_8": 1.751011356712617,
  "run_9": 1.7514477117484066,
  "run_10": 1.7495487026590526,
  "run_11": 1.750095507114014,
  "run_12": 1.748422290649248,
  "run_13": 1.7492201601365107,
  "run_14": 1.7488941401319986,
  "run_15": 1.7539173374828398,
  "run_16": 1.7519785198728037,
  "run_17": 1.7548812678529995,
  "run_18": 1.755955032213898,
  "run_19": 1.7516825671850178,
  "run_20": 1.7517704008796593,
  "run_21": 1.7483662312313104,
  "run_22": 1.7480384093559138,
  "run_23": 1.7540019707322205,
  "run_24": 1.7502032806713355,
  "run_25": 1.7508446237618964,
  "run_26": 1.7507182216889885,
  "run_27": 1.7501662024550415,
  "run_28": 1.7512755995062306,
  "run_29": 1.7538890400626967,
  "run_30": 1.7515971868815783,
  "run_31": 1.7510787961801078,
  "run_32": 1.7475094896610126,
  "run_33": 1.755638675734978,
  "run_34": 1.7465004992229245,
  "run_35": 1.7499192614377974,
  "run_36": 1.7484497486843873,
  "run_37": 1.7496521642233218,
  "run_38": 1.7474335447033114,
  "run_39": 1.7470302446813635,
  "run_40": 1.7516304504098719,
  "run_41": 1.7526176040761146,
  "run_42": 1.752290766029437,
  "run_43": 1.7442050610428161,
  "run_44": 1.7514437852175093,
  "run_45": 1.7513564789177754,
  "run_46": 1.749423341737109,
  "run_47": 1.7497956626275784,
  "run_48": 1.7525639317451134,
  "run_49": 1.7512736632630215,
  "run_50": 1.7502220542199185,
  "run_51": 1.7488512250340196,
  "run_52": 1.7522921884062501,
  "run_53": 1.7497233361051192,
  "run_54": 1.7547644172894372,
  "run_55": 1.7520347226614241,
  "run_56": 1.7510004140098583,
  "run_57": 1.751652305505555,
  "run_58": 1.7510944989861252,
  "run_59": 1.7510645525962216,
  "run_60": 1.7546450571685344,
  "run_61": 1.7519214308804285,
  "run_62": 1.7480748941575366,
  "run_63": 1.7511892078675173,
  "run_64": 1.753305331556143,
  "run_65": 1.749136410875305,
  "run_66": 1.7508091731570856,
  "run_67": 1.7518008063769623,
  "run_68": 1.747577643693359,
  "run_69": 1.7513742735609412,
  "run_70": 1.7532122357026956,
  "run_71": 1.7518212224469571,
  "run_72": 1.7500787680925154,
  "run_73": 1.7502151615522292,
  "run_74": 1.7543493226149334,
  "run_75": 1.751044265688578,
  "run_76": 1.7503809973825442,
  "run_77": 1.7505565773455642,
  "run_78": 1.7503251791795016,
  "run_79": 1.7498835841363003,
  "run_80": 1.7442546914387784,
  "run_81": 1.7509878006811896,
  "run_82": 1.7522049337915895,
  "run_83": 1.7476266143110795,
  "run_84": 1.7503546860416321,
  "run_85": 1.7538465085271442,
  "run_86": 1.7510516388326238,
  "run_87": 1.7510152561753487,
  "run_88": 1.7516900926728747,
  "run_89": 1.749732198249181,
  "run_90": 1.7549054425102628,
  "run_91": 1.7483268728663492,
  "run_92": 1.752417311452219,
  "run_93": 1.7481628716546038,
  "run_94": 1.7473009812934537,
  "run_95": 1.7509332265017117,
  "run_96": 1.7504113210074013,
  "run_97": 1.7487458552058734,
  "run_98": 1.751852455080997,
  "run_99": 1.7523909408348013
}