{
  "run_0": 1.7517715309350343,
  "run_1": 1.7540711840745735,
  "run_2": 1.7513725916199037,
  "run_3": 1.7521797965017356,
  "run_4": 1.756439913609644,
  "run_5": 1.7570741179248766,
  "run_6": 1.7508004837130877,
  "run_7": 1.747747762002279,
  "run_8": 1.750800722170177,
  "run_9": 1.7511248364612397,
  "run_10": 1.7518774836533004,
  "run_11": 1.7523180046405789,
  "run_12": 1.7484350211314024,
  "run_13": 1.7513281244109187,
  "run_14": 1.7531239879284,
  "run_15": 1.7538970593275005,
  "run_16": 1.747616123749835,
  "run_17": 1.7546060881263132,
  "run_18": 1.7516409881616883,
  "run_19": 1.7487517250337534,
  "run_20": 1.7528565515203556,
  "run_21": 1.7484918307644783,
  "run_22": 1.7527731057444846,
  "run_23": 1.7531723591302264,
  "run_24": 1.7509413163266951,
  "run_25": 1.7497408170182434,
  "run_26": 1.7513068081999288,
  "run_27": 1.7499908258473864,
  "run_28": 1.7496768519918033,
  "run_29": 1.7478490386276542,
  "run_30": 1.751573091465929,
  "run_31": 1.7494701452129493,
  "run_32": 1.7527673432487496,
  "run_33": 1.7504980496041562,
  "run_34": 1.7493015802199665,
  "run_35": 1.7494892739110366,
  "run_36": 1.749790029978843,
  "run_37": 1.7454805804862388,
  "run_38": 1.75344027885034,
  "run_39": 1.7492813923029926,
  "run_40": 1.7504650306276122,
  "run_41": 1.7520518148289412,
  "run_42": 1.7488955703347526,
  "run_43": 1.7523651166079857,
  "run_44": 1.7476765333225828,
  "run_45": 1.7523757096258645,
  "run_46": 1.7523652248666504,
  "run_47": 1.7499067236301888,
  "run_48": 1.7465619438070468,
  "run_49": 1.752443130017027,
  "run_50": 1.7538765743860818,
  "run_51": 1.75411279350969,
  "run_52": 1.7490958600355928,
  "run_53": 1.7498636619858556,
  "run_54": 1.7476231246739482,
  "run_55": 1.7492736599460585,
  "run_56": 1.7545550779426256,
  "run_57": 1.7482662839624163,
  "run_58": 1.7503599033341777,
  "run_59": 1.750252666218677,
  "run_60": 1.7474187652857953,
  "run_61": 1.7492462686351347,
  "run_62": 1.7493182322888277,
  "run_63": 1.7485325318454015,
  "run_64": 1.7512908047066742,
  "run_65": 1.747335514586995,
  "run_66": 1.7489508264084617,
  "run_67": 1.7526935993085524,
  "run_68": 1.7495441125927027,
  "run_69": 1.749786395881495,
  "run_70": 1.7516461591238617,
  "run_71": 1.7517300473337127,
  "run_72": 1.7514416736867138,
  "run_73": 1.7482785359510913,
  "run_74": 1.7537834401233026,
  "run_75": 1.75138104916322,
  "run_76": 1.752628804569751,
  "run_77": 1.7523159230577063,
  "run_78": 1.750990280605659,
  "run_79": 1.7490288710121948,
  "run_80": 1.7505452200624383,
  "run_81": 1.751510877872936,
  "run_82": 1.7490523083397018,
  "run_83": 1.7506692524826397,
  "run_84": 1.7513820558273836,
  "run_85": 1.7516653031856602,
  "run_86": 1.7463160971844105,
  "run_87": 1.7536877131660478,
  "run_88": 1.7506885238557286,
  "run_89": 1.7526024205952093,
  "run_90": 1.745969841725855,
  "run_91": 1.7539634290240869,
  "run_92": 1.7518279301536739,
  "run_93": 1.7509686780635034,
  "run_94": 1.7522611268593236,
  "run_95": 1.7516046825372777,
  "run_96": 1.7497260822453495,
  "run_97": 1.7502898455601,
  "run_98": 1.748461013399475,
  "run_99": 1.749913436113207
}