{
  "run_0": 1.7523310380944805,
  "run_1": 1.753419277118605,
  "run_2": 1.7517103634800244,
  "run_3": 1.749650965207094,
  "run_4": 1.7453508544716463,
  "run_5": 1.7513992139125412,
  "run_6": 1.7480092026001488,
  "run_7": 1.7490502902979952,
  "run_8": 1.7497719272666503,
  "run_9": 1.7544013125320077,
  "run_10": 1.749379815629508,
  "run_11": 1.7511303992264318,
  "run_12": 1.747753523736442,
  "run_13": 1.7495437789771442,
  "run_14": 1.7467809459437724,
  "run_15": 1.7518411227808393,
  "run_16": 1.7516976233324166,
  "run_17": 1.7562908433924398,
  "run_18": 1.7515794406439862,
  "run_19": 1.7522749795424186,
  "run_20": 1.7527213536993609,
  "run_21": 1.7495665303193144,
  "run_22": 1.7509650926696227,
  "run_23": 1.74967457561478,
  "run_24": 1.7498454552467118,
  "run_25": 1.744851781500712,
  "run_26": 1.7499836953290058,
  "run_27": 1.751743395050815,
  "run_28": 1.7475939163554135,
  "run_29": 1.7546136383761626,
  "run_30": 1.7503077317282878,
  "run_31": 1.7481462408605384,
  "run_32": 1.7500446088526997,
  "run_33": 1.7462533476834199,
  "run_34": 1.749674104658296,
  "run_35": 1.7506958685559368,
  "run_36": 1.7563259581674227,
  "run_37": 1.7504054786237644,
  "run_38": 1.751903370055298,
  "run_39": 1.7522837208874171,
  "run_40": 1.7553813100814488,
  "run_41": 1.7460052264429058,
  "run_42": 1.7539418352018783,
  "run_43": 1.7483546656162001,
  "run_44": 1.7521794815803413,
  "run_45": 1.7516293577548998,
  "run_46": 1.7521580500976248,
  "run_47": 1.7547915749330607,
  "run_48": 1.7501232203251476,
  "run_49": 1.7450363683615153,
  "run_50": 1.7535401538616366,
  "run_51": 1.7474534765900036,
  "run_52": 1.7505109129261542,
  "run_53": 1.7509614500592066,
  "run_54": 1.748087425480947,
  "run_55": 1.7531969554005045,
  "run_56": 1.7493939461901038,
  "run_57": 1.7543059284725666,
  "run_58": 1.7502069586771851,
  "run_59": 1.7502530601939372,
  "run_60": 1.7505556951614365,
  "run_61": 1.7486870860659693,
  "run_62": 1.752969093259449,
  "run_63": 1.7507624536953992,
  "run_64": 1.7510223207159312,
  "run_65": 1.7525566281094254,
  "run_66": 1.7537357673979816,
  "run_67": 1.749927207387507,
  "run_68": 1.7521514675877616,
  "run_69": 1.7528086519355595,
  "run_70": 1.752666352929458,
  "run_71": 1.7527112850283921,
  "run_72": 1.7498003436310041,
  "run_73": 1.7507421806059487,
  "run_74": 1.7516818326370767,
  "run_75": 1.7525192922443564,
  "run_76": 1.7536327204804416,
  "run_77": 1.7502283771701497,
  "run_78": 1.7461035126344333,
  "run_79": 1.7504777701710938,
  "run_80": 1.7454320853807581,
  "run_81": 1.748900444052771,
  "run_82": 1.753607154549225,
  "run_83": 1.7494875131024783,
  "run_84": 1.7507069748860586,
  "run_85": 1.7550595855100388,
  "run_86": 1.7527059531199043,
  "run_87": 1.7463111231580761,
  "run_88": 1.752106276739372,
  "run_89": 1.7550577459347898,
  "run_90": 1.7517915239001096,
  "run_91": 1.747467180006159,
  "run_92": 1.7506337017164928,
  "run_93": 1.7522361609739558,
  "run_94": 1.7512641989542643,
  "run_95": 1.7528758838424623,
  "run_96": 1.749634508664568,
  "run_97": 1.747622775025949,
  "run_98": 1.7539656678825621,
  "run_99": 1.7507274563364472
}