{
  "run_0": 0.5257205076635078,
  "run_1": 0.5255561658496254,
  "run_2": 0.525078926882693,
  "run_3": 0.5252777819805232,
  "run_4": 0.5247390571002946,
  "run_5": 0.5241348891806933,
  "run_6": 0.52701612837234,
  "run_7": 0.5220090009297335,
  "run_8": 0.5240619679704337,
  "run_9": 0.5259666586925675,
  "run_10": 0.5238082294479631,
  "run_11": 0.523410003462333,
  "run_12": 0.5245132620685776,
  "run_13": 0.5231058822379462,
  "run_14": 0.5236354444539051,
  "run_15": 0.5252263531401015,
  "run_16": 0.5239664145489968,
  "run_17": 0.525174037948852,
  "run_18": 0.5251550500562491,
  "run_19": 0.5228489268840656,
  "run_20": 0.5258596178924141,
  "run_21": 0.5253070937415587,
  "run_22": 0.5252353813600277,
  "run_23": 0.5230423923419594,
  "run_24": 0.524053119817684,
  "run_25": 0.5236408768589461,
  "run_26": 0.5235891604455324,
  "run_27": 0.5230963068868258,
  "run_28": 0.5252856552333535,
  "run_29": 0.5244900711893755,
  "run_30": 0.5256325517818854,
  "run_31": 0.5276897760396096,
  "run_32": 0.5238820810143712,
  "run_33": 0.5262032784116993,
  "run_34": 0.5209410439998738,
  "run_35": 0.5227640556488325,
  "run_36": 0.5252910136043448,
  "run_37": 0.523965522720277,
  "run_38": 0.5258566511632767,
  "run_39": 0.5235568628249321,
  "run_40": 0.5237883194073824,
  "run_41": 0.5247836720325875,
  "run_42": 0.5237851807824605,
  "run_43": 0.5251874099479323,
  "run_44": 0.5238931640811768,
  "run_45": 0.5217805542403482,
  "run_46": 0.5261040417189957,
  "run_47": 0.5232030981368051,
  "run_48": 0.5251387871287184,
  "run_49": 0.5260543475290784,
  "run_50": 0.5238160556611087,
  "run_51": 0.523322140975048,
  "run_52": 0.5254563316132412,
  "run_53": 0.5221503556466327,
  "run_54": 0.5217855887989321,
  "run_55": 0.5245194494825732,
  "run_56": 0.5243321247353729,
  "run_57": 0.5239719548812276,
  "run_58": 0.52528692757644,
  "run_59": 0.5262242321112695,
  "run_60": 0.5248836279320936,
  "run_61": 0.5251633984588533,
  "run_62": 0.5230499174762261,
  "run_63": 0.5241763828587701,
  "run_64": 0.5244285656985712,
  "run_65": 0.5247178687389928,
  "run_66": 0.523890242984228,
  "run_67": 0.524358073462722,
  "run_68": 0.5223177700049803,
  "run_69": 0.5232723481600354,
  "run_70": 0.5256888509663549,
  "run_71": 0.5231397517563486,
  "run_72": 0.5231482003143851,
  "run_73": 0.5240261192154234,
  "run_74": 0.5273016284463429,
  "run_75": 0.5253679776147959,
  "run_76": 0.5232568861580904,
  "run_77": 0.5266478860437233,
  "run_78": 0.5237035201330832,
  "run_79": 0.5216982579622128,
  "run_80": 0.526341248292469,
  "run_81": 0.5239941543434329,
  "run_82": 0.5239221703190404,
  "run_83": 0.5252361560334486,
  "run_84": 0.5232614481451772,
  "run_85": 0.5262949441938165,
  "run_86": 0.5243046672488316,
  "run_87": 0.5287214626369743,
  "run_88": 0.5247130019377376,
  "run_89": 0.5237780346545319,
  "run_90": 0.5247644430398923,
  "run_91": 0.5244909381118963,
  "run_92": 0.5248289017107839,
  "run_93": 0.5242375207070573,
  "run_94": 0.5263318448505466,
  "run_95": 0.5259869303992504,
  "run_96": 0.5242241074711386,
  "run_97": 0.5248067253358306,
  "run_98": 0.5209103873220173,
  "run_99": 0.5239732415329829
}