{
  "run_0": 0.8419495551907223,
  "run_1": 0.8416097272473264,
  "run_2": 0.8413207249992598,
  "run_3": 0.839897206878119,
  "run_4": 0.8438272894310448,
  "run_5": 0.8416190333763143,
  "run_6": 0.8435059881962453,
  "run_7": 0.8431369287079846,
  "run_8": 0.8408888857704726,
  "run_9": 0.8423838852337411,
  "run_10": 0.8413566233104272,
  "run_11": 0.8391315947764253,
  "run_12": 0.8423204644852715,
  "run_13": 0.842317355860152,
  "run_14": 0.8377191124475012,
  "run_15": 0.8422863721971119,
  "run_16": 0.8422252619953671,
  "run_17": 0.84421236157436,
  "run_18": 0.8415901650141485,
  "run_19": 0.8415896646876165,
  "run_20": 0.8419104860405677,
  "run_21": 0.8408804632726495,
  "run_22": 0.8419536569544099,
  "run_23": 0.841187685124766,
  "run_24": 0.8416927821881873,
  "run_25": 0.8396775310451057,
  "run_26": 0.839747933782099,
  "run_27": 0.8423563057770496,
  "run_28": 0.8432361543568678,
  "run_29": 0.8429576029132146,
  "run_30": 0.8399100179436217,
  "run_31": 0.8428663498209614,
  "run_32": 0.8408416836405039,
  "run_33": 0.8437347023498445,
  "run_34": 0.8404200434637723,
  "run_35": 0.8423789988754415,
  "run_36": 0.8419057371436769,
  "run_37": 0.8427187824591872,
  "run_38": 0.8403930520586895,
  "run_39": 0.8394559844652872,
  "run_40": 0.8373405069914569,
  "run_41": 0.8438902592054311,
  "run_42": 0.8404135533549852,
  "run_43": 0.8427586785769173,
  "run_44": 0.8427642033334022,
  "run_45": 0.8413112935099031,
  "run_46": 0.8415400159829991,
  "run_47": 0.840260001375579,
  "run_48": 0.839705398505576,
  "run_49": 0.8419588062779275,
  "run_50": 0.8428894060363442,
  "run_51": 0.8426561387046543,
  "run_52": 0.8398294445306803,
  "run_53": 0.8406233607748961,
  "run_54": 0.8431468730990395,
  "run_55": 0.841575569591742,
  "run_56": 0.8451625383977296,
  "run_57": 0.8434865711602926,
  "run_58": 0.8437856199522559,
  "run_59": 0.8409881536584012,
  "run_60": 0.8429323679853091,
  "run_61": 0.8403571372719426,
  "run_62": 0.8395711909306511,
  "run_63": 0.8418317149809866,
  "run_64": 0.8427435155377863,
  "run_65": 0.8403293408510928,
  "run_66": 0.8424922128647475,
  "run_67": 0.8413915062446604,
  "run_68": 0.8414107294253959,
  "run_69": 0.8446665938217991,
  "run_70": 0.8434602052245139,
  "run_71": 0.8419356955021663,
  "run_72": 0.8400717563089892,
  "run_73": 0.8419912557161233,
  "run_74": 0.8422101903529176,
  "run_75": 0.8426228982746791,
  "run_76": 0.8401232338912012,
  "run_77": 0.8404958442147102,
  "run_78": 0.8416073748525309,
  "run_79": 0.8420317751089097,
  "run_80": 0.8427525871325409,
  "run_81": 0.8407555261396054,
  "run_82": 0.8406053076117648,
  "run_83": 0.8425815929735092,
  "run_84": 0.8419692337960463,
  "run_85": 0.8422963489191874,
  "run_86": 0.8407406909640966,
  "run_87": 0.8430416265220324,
  "run_88": 0.8415325793684569,
  "run_89": 0.843266129634466,
  "run_90": 0.842562190806095,
  "run_91": 0.8428125950252672,
  "run_92": 0.842285127227713,
  "run_93": 0.8387635794822045,
  "run_94": 0.8417342399077203,
  "run_95": 0.841540232850771,
  "run_96": 0.8415543725229391,
  "run_97": 0.8420823366725788,
  "run_98": 0.8405771202259348,
  "run_99": 0.838082036761099
}