{
  "run_0": 0.5228712237589613,
  "run_1": 0.5260328030134594,
  "run_2": 0.5241411323881882,
  "run_3": 0.5257610092445987,
  "run_4": 0.5235312688345637,
  "run_5": 0.5265622196408947,
  "run_6": 0.5231513718575438,
  "run_7": 0.5253879240749424,
  "run_8": 0.5254810778467268,
  "run_9": 0.5245923502017344,
  "run_10": 0.5235370215211019,
  "run_11": 0.5223496093220172,
  "run_12": 0.5245564973420748,
  "run_13": 0.5262594073782487,
  "run_14": 0.5251170510123898,
  "run_15": 0.5253273439104139,
  "run_16": 0.5236330049668547,
  "run_17": 0.5240264207568976,
  "run_18": 0.522717495607286,
  "run_19": 0.5229058761031805,
  "run_20": 0.5233713569605314,
  "run_21": 0.5222164794882844,
  "run_22": 0.5245375486426347,
  "run_23": 0.5261790177605934,
  "run_24": 0.5237715363342746,
  "run_25": 0.5226787994594115,
  "run_26": 0.526825547983935,
  "run_27": 0.5218357319211626,
  "run_28": 0.5235557629260802,
  "run_29": 0.5249841271789654,
  "run_30": 0.5242523740967424,
  "run_31": 0.5265321642570483,
  "run_32": 0.5252752284994245,
  "run_33": 0.5231500496959585,
  "run_34": 0.524396775435052,
  "run_35": 0.5242893543489808,
  "run_36": 0.5236027912657149,
  "run_37": 0.5267927705588583,
  "run_38": 0.5241470291403759,
  "run_39": 0.5220757303122808,
  "run_40": 0.5280928164125176,
  "run_41": 0.5222174472376907,
  "run_42": 0.5253056023398244,
  "run_43": 0.5252276886860421,
  "run_44": 0.5240271697842727,
  "run_45": 0.5256305394265977,
  "run_46": 0.5238474179273905,
  "run_47": 0.5251513251379378,
  "run_48": 0.5243478722431023,
  "run_49": 0.5222142247554586,
  "run_50": 0.5276793814348397,
  "run_51": 0.5245593855109523,
  "run_52": 0.5242072884029199,
  "run_53": 0.5226553690040721,
  "run_54": 0.5226588679996362,
  "run_55": 0.5240928190839139,
  "run_56": 0.523918795977316,
  "run_57": 0.5235383393909037,
  "run_58": 0.5239296634902976,
  "run_59": 0.5221065196846205,
  "run_60": 0.5249627815679883,
  "run_61": 0.5252445090948441,
  "run_62": 0.5238753834391813,
  "run_63": 0.5242796839239691,
  "run_64": 0.5235699361030898,
  "run_65": 0.5239616511949557,
  "run_66": 0.5217521383251482,
  "run_67": 0.5230521531112089,
  "run_68": 0.5234638845912095,
  "run_69": 0.5243310563593697,
  "run_70": 0.523626156578317,
  "run_71": 0.5249644027976577,
  "run_72": 0.5234316601305602,
  "run_73": 0.5242447255683697,
  "run_74": 0.5220634967158001,
  "run_75": 0.5256333440490367,
  "run_76": 0.5247858951515876,
  "run_77": 0.5204260579692295,
  "run_78": 0.5246162584694464,
  "run_79": 0.5241222439621285,
  "run_80": 0.5257922693260111,
  "run_81": 0.5263246724449319,
  "run_82": 0.5235748496399335,
  "run_83": 0.5253590114925579,
  "run_84": 0.5259095508414208,
  "run_85": 0.5245121144075113,
  "run_86": 0.5220843369756761,
  "run_87": 0.5264268009500916,
  "run_88": 0.5260819040291952,
  "run_89": 0.524799024226771,
  "run_90": 0.522629015939281,
  "run_91": 0.5239552506112598,
  "run_92": 0.5286285356590121,
  "run_93": 0.5232395603245086,
  "run_94": 0.5244519795224897,
  "run_95": 0.5242466956478943,
  "run_96": 0.5228791186651583,
  "run_97": 0.5255183845313763,
  "run_98": 0.5260642057512112,
  "run_99": 0.5237929489587718
}