{
  "run_0": 2.326247530178351,
  "run_1": 2.3232536454922443,
  "run_2": 2.3220896253362615,
  "run_3": 2.3305039028109875,
  "run_4": 2.3284805470576355,
  "run_5": 2.3269454319763363,
  "run_6": 2.3291603291914873,
  "run_7": 2.327972459121515,
  "run_8": 2.327577227245766,
  "run_9": 2.3251643752308215,
  "run_10": 2.323920350236745,
  "run_11": 2.3235791095501677,
  "run_12": 2.3285697888762975,
  "run_13": 2.327823178418737,
  "run_14": 2.3267476119705,
  "run_15": 2.3336380920364177,
  "run_16": 2.3315753180579852,
  "run_17": 2.322422435441328,
  "run_18": 2.326306504246783,
  "run_19": 2.325684696840926,
  "run_20": 2.327434282388082,
  "run_21": 2.3236606255425887,
  "run_22": 2.3254222603595704,
  "run_23": 2.3274149465435885,
  "run_24": 2.334447555338688,
  "run_25": 2.324203593509304,
  "run_26": 2.3243033271491447,
  "run_27": 2.326036041532806,
  "run_28": 2.3223644481930403,
  "run_29": 2.325989399219083,
  "run_30": 2.325737579576521,
  "run_31": 2.3224859054227003,
  "run_32": 2.3214722510123513,
  "run_33": 2.328870834083859,
  "run_34": 2.3269190044929866,
  "run_35": 2.332782564862684,
  "run_36": 2.3274792236276634,
  "run_37": 2.331383375118913,
  "run_38": 2.329565247543914,
  "run_39": 2.3230238176323077,
  "run_40": 2.3261702876581927,
  "run_41": 2.324626053018558,
  "run_42": 2.323793386137184,
  "run_43": 2.3222738864179826,
  "run_44": 2.3276018989769534,
  "run_45": 2.3298448865594796,
  "run_46": 2.32853276225039,
  "run_47": 2.3245236597426735,
  "run_48": 2.3233520644384766,
  "run_49": 2.325441226111401,
  "run_50": 2.3291015450937858,
  "run_51": 2.3188199993609606,
  "run_52": 2.3271688790780445,
  "run_53": 2.3277838711164183,
  "run_54": 2.328178029628965,
  "run_55": 2.3290044235466096,
  "run_56": 2.3269309215238634,
  "run_57": 2.329514267988303,
  "run_58": 2.3253933599414514,
  "run_59": 2.329441720056063,
  "run_60": 2.3255566323070456,
  "run_61": 2.3327855872480585,
  "run_62": 2.3307446358890056,
  "run_63": 2.327380583678943,
  "run_64": 2.325003093114786,
  "run_65": 2.3233886227400964,
  "run_66": 2.3207002265719883,
  "run_67": 2.3298076251697633,
  "run_68": 2.3265675047999244,
  "run_69": 2.3356350140796796,
  "run_70": 2.3262908108454017,
  "run_71": 2.3240811562664883,
  "run_72": 2.325654504792874,
  "run_73": 2.331291329281097,
  "run_74": 2.327444799715031,
  "run_75": 2.327854198838473,
  "run_76": 2.324857341751555,
  "run_77": 2.3218495924109694,
  "run_78": 2.330414327503996,
  "run_79": 2.3262541230274705,
  "run_80": 2.327330231470534,
  "run_81": 2.325122207557683,
  "run_82": 2.3268040435624906,
  "run_83": 2.3291981575266534,
  "run_84": 2.3272141542644293,
  "run_85": 2.3268200514572825,
  "run_86": 2.3303905564998395,
  "run_87": 2.328076428073639,
  "run_88": 2.3275631283401803,
  "run_89": 2.330700144425201,
  "run_90": 2.3214691496491975,
  "run_91": 2.3217981880406358,
  "run_92": 2.331522282327957,
  "run_93": 2.3270350343181803,
  "run_94": 2.320516841486925,
  "run_95": 2.329913132501644,
  "run_96": 2.3266548521288977,
  "run_97": 2.3238568196934493,
  "run_98": 2.3295374539716787,
  "run_99": 2.32768730903607
}