{
  "run_0": 0.8399049979059937,
  "run_1": 0.8415142730493363,
  "run_2": 0.8410897682672881,
  "run_3": 0.8406247260613526,
  "run_4": 0.8423558677031256,
  "run_5": 0.8422750968031789,
  "run_6": 0.8428248317447167,
  "run_7": 0.8429594104597242,
  "run_8": 0.8425242873861064,
  "run_9": 0.8420617199455956,
  "run_10": 0.842006285300713,
  "run_11": 0.8407850930233113,
  "run_12": 0.8409975343514159,
  "run_13": 0.8390178473577609,
  "run_14": 0.8414795064897158,
  "run_15": 0.8416344045377496,
  "run_16": 0.8415287955254613,
  "run_17": 0.8393147177320656,
  "run_18": 0.8406427071389545,
  "run_19": 0.8414918341857796,
  "run_20": 0.8403886833555108,
  "run_21": 0.8423073371382235,
  "run_22": 0.8432254679987132,
  "run_23": 0.8393121106499511,
  "run_24": 0.8433824468971581,
  "run_25": 0.8376137957654535,
  "run_26": 0.8428562822450948,
  "run_27": 0.8413398282436817,
  "run_28": 0.8403146580085639,
  "run_29": 0.8432981764260643,
  "run_30": 0.8413625431300847,
  "run_31": 0.8441009097025396,
  "run_32": 0.844027920023133,
  "run_33": 0.8439714489761397,
  "run_34": 0.8419039795879201,
  "run_35": 0.8423456706287608,
  "run_36": 0.8405282565381448,
  "run_37": 0.8429945038728641,
  "run_38": 0.8420643989861957,
  "run_39": 0.8431662404218282,
  "run_40": 0.8405216345318853,
  "run_41": 0.8408254838861356,
  "run_42": 0.8395660149956107,
  "run_43": 0.8446136915643978,
  "run_44": 0.8401388215821803,
  "run_45": 0.8419195975348075,
  "run_46": 0.8415588218152079,
  "run_47": 0.8417061125259707,
  "run_48": 0.841900538948505,
  "run_49": 0.8408582740994497,
  "run_50": 0.8434528267241818,
  "run_51": 0.8402447306520835,
  "run_52": 0.8432934722646157,
  "run_53": 0.8426100201370917,
  "run_54": 0.8421296377274846,
  "run_55": 0.8405994983266066,
  "run_56": 0.8431089781062282,
  "run_57": 0.8410562354414203,
  "run_58": 0.8409568795365517,
  "run_59": 0.843958420140734,
  "run_60": 0.8428677714957145,
  "run_61": 0.8412960549292308,
  "run_62": 0.8406957722937319,
  "run_63": 0.8426773811298256,
  "run_64": 0.8403647181116025,
  "run_65": 0.8423019291977083,
  "run_66": 0.8413112909753767,
  "run_67": 0.8409329183449525,
  "run_68": 0.8410364924434671,
  "run_69": 0.841583239906776,
  "run_70": 0.8444766651750233,
  "run_71": 0.8413247831702311,
  "run_72": 0.8419776475049537,
  "run_73": 0.8428942254439004,
  "run_74": 0.8421149623315842,
  "run_75": 0.8423082090787111,
  "run_76": 0.8420245031278161,
  "run_77": 0.8418519712431485,
  "run_78": 0.8426951308980609,
  "run_79": 0.840521336642418,
  "run_80": 0.8407235818335735,
  "run_81": 0.8408750152227944,
  "run_82": 0.8407874070481354,
  "run_83": 0.8416483073619886,
  "run_84": 0.8413290992179033,
  "run_85": 0.8412776638124716,
  "run_86": 0.84245953891828,
  "run_87": 0.8389048041352097,
  "run_88": 0.8400654736280689,
  "run_89": 0.8429216042777118,
  "run_90": 0.8452501189939996,
  "run_91": 0.8426700706518179,
  "run_92": 0.8424231983396385,
  "run_93": 0.8431288413241691,
  "run_94": 0.8412865553616495,
  "run_95": 0.8426711060352221,
  "run_96": 0.8407811541616919,
  "run_97": 0.8407674890502976,
  "run_98": 0.8406529397825362,
  "run_99": 0.8434474497311396
}