{
  "run_0": 1.7545970532884407,
  "run_1": 1.749449417476939,
  "run_2": 1.7509110311443674,
  "run_3": 1.7505731275709955,
  "run_4": 1.7527173083053227,
  "run_5": 1.7565674173785082,
  "run_6": 1.7506954421048393,
  "run_7": 1.747998796279214,
  "run_8": 1.7491279877836705,
  "run_9": 1.7484373158858997,
  "run_10": 1.7524905411822873,
  "run_11": 1.7514851884095028,
  "run_12": 1.7510514093094751,
  "run_13": 1.7515879234402127,
  "run_14": 1.7538930606206247,
  "run_15": 1.7515737747849867,
  "run_16": 1.7488048931442643,
  "run_17": 1.7497606096707918,
  "run_18": 1.7505074118667383,
  "run_19": 1.749614307167755,
  "run_20": 1.7473484719897479,
  "run_21": 1.7464485945347428,
  "run_22": 1.749998666738732,
  "run_23": 1.7454772702064503,
  "run_24": 1.7523590702954621,
  "run_25": 1.7502956692280247,
  "run_26": 1.7525668082388521,
  "run_27": 1.7488518457998004,
  "run_28": 1.7496561879501669,
  "run_29": 1.7466603188826728,
  "run_30": 1.7508611348930998,
  "run_31": 1.7494464742743034,
  "run_32": 1.7517143759179608,
  "run_33": 1.7549166134226462,
  "run_34": 1.7564536729132276,
  "run_35": 1.7479478128924786,
  "run_36": 1.7520191453311107,
  "run_37": 1.7507295472590778,
  "run_38": 1.7509217197086504,
  "run_39": 1.7520560220726302,
  "run_40": 1.7492817625131063,
  "run_41": 1.7481506073639321,
  "run_42": 1.7523988079619834,
  "run_43": 1.7468096188904323,
  "run_44": 1.7494991058409368,
  "run_45": 1.7503552409562078,
  "run_46": 1.7533285337671682,
  "run_47": 1.74981409556808,
  "run_48": 1.7494771025673646,
  "run_49": 1.7474609921172315,
  "run_50": 1.7525429152549983,
  "run_51": 1.7473541591126154,
  "run_52": 1.7479846388531493,
  "run_53": 1.750489498169432,
  "run_54": 1.7517209493968677,
  "run_55": 1.7544525492958891,
  "run_56": 1.7500216710287173,
  "run_57": 1.747905215702549,
  "run_58": 1.7451239402497172,
  "run_59": 1.7495733057227385,
  "run_60": 1.7509608274683226,
  "run_61": 1.749376228418495,
  "run_62": 1.7502216243779214,
  "run_63": 1.7490331227401907,
  "run_64": 1.7506192455660377,
  "run_65": 1.7524531890957038,
  "run_66": 1.750645364843486,
  "run_67": 1.751258486845256,
  "run_68": 1.7546003934118313,
  "run_69": 1.7514653944357066,
  "run_70": 1.7529351503390183,
  "run_71": 1.7521941017338512,
  "run_72": 1.7491301285919187,
  "run_73": 1.7492447328551906,
  "run_74": 1.7528380716341259,
  "run_75": 1.7504931985310694,
  "run_76": 1.747648967681739,
  "run_77": 1.7496349991434297,
  "run_78": 1.7434463706393424,
  "run_79": 1.7499242127962946,
  "run_80": 1.7501700130676432,
  "run_81": 1.7556748326213647,
  "run_82": 1.753035281109849,
  "run_83": 1.7512547903027142,
  "run_84": 1.7496853777954349,
  "run_85": 1.7526098436976372,
  "run_86": 1.751593049752247,
  "run_87": 1.7527249823381783,
  "run_88": 1.753620594335376,
  "run_89": 1.7528071833120287,
  "run_90": 1.7508067719107356,
  "run_91": 1.7503252557545252,
  "run_92": 1.7493856487089154,
  "run_93": 1.749825173025362,
  "run_94": 1.750849066106006,
  "run_95": 1.7515051676237985,
  "run_96": 1.7531874984109292,
  "run_97": 1.751649496619203,
  "run_98": 1.750611836336447,
  "run_99": 1.7535610390935246
}