{
  "run_0": 1.2832868994481235,
  "run_1": 1.28243369316051,
  "run_2": 1.2785841345703322,
  "run_3": 1.281202168617762,
  "run_4": 1.2822435938212657,
  "run_5": 1.281307458092092,
  "run_6": 1.280885980705127,
  "run_7": 1.2817971134222765,
  "run_8": 1.2837399304783705,
  "run_9": 1.281431651775541,
  "run_10": 1.2795682878876764,
  "run_11": 1.2834722557398295,
  "run_12": 1.2826797241990746,
  "run_13": 1.281136635157297,
  "run_14": 1.28252452230892,
  "run_15": 1.284707484360728,
  "run_16": 1.280831730680511,
  "run_17": 1.2802112234449583,
  "run_18": 1.2813845315437031,
  "run_19": 1.2811951330841966,
  "run_20": 1.2802657935069508,
  "run_21": 1.2803452128591055,
  "run_22": 1.2808274376375168,
  "run_23": 1.282051425057058,
  "run_24": 1.2801722865931944,
  "run_25": 1.2804536243140991,
  "run_26": 1.283297702310301,
  "run_27": 1.2823231125854675,
  "run_28": 1.281298402913095,
  "run_29": 1.2809771011019588,
  "run_30": 1.2817753728683416,
  "run_31": 1.2797369536253853,
  "run_32": 1.280512299019216,
  "run_33": 1.279193037676532,
  "run_34": 1.2830437448283365,
  "run_35": 1.2800709778830717,
  "run_36": 1.281579599581254,
  "run_37": 1.281821018433247,
  "run_38": 1.2790297636844592,
  "run_39": 1.2802198781046852,
  "run_40": 1.278202980239259,
  "run_41": 1.2810406672627745,
  "run_42": 1.2764568236655545,
  "run_43": 1.2815693129304517,
  "run_44": 1.2825539404387665,
  "run_45": 1.281940918825772,
  "run_46": 1.2796905413517305,
  "run_47": 1.2801845315436475,
  "run_48": 1.2821528646861076,
  "run_49": 1.280180628704886,
  "run_50": 1.282048398323783,
  "run_51": 1.2825277403407256,
  "run_52": 1.2809549304300294,
  "run_53": 1.2819699405016265,
  "run_54": 1.2806501255863967,
  "run_55": 1.278906858646538,
  "run_56": 1.2799551352774468,
  "run_57": 1.279795462448384,
  "run_58": 1.2813242613475766,
  "run_59": 1.2830246315799272,
  "run_60": 1.2797546355711824,
  "run_61": 1.2807863211580415,
  "run_62": 1.2796593238872,
  "run_63": 1.282481802125674,
  "run_64": 1.2804380718590362,
  "run_65": 1.2817109018330968,
  "run_66": 1.281804558770547,
  "run_67": 1.2801948626420918,
  "run_68": 1.2832654614117298,
  "run_69": 1.2800308944324144,
  "run_70": 1.2800735196553321,
  "run_71": 1.2811343286550279,
  "run_72": 1.2822714934089057,
  "run_73": 1.2807967697474865,
  "run_74": 1.279682215565851,
  "run_75": 1.2826325100041842,
  "run_76": 1.280526684382318,
  "run_77": 1.2813169994613487,
  "run_78": 1.279602130258786,
  "run_79": 1.282095144644393,
  "run_80": 1.2820620258234448,
  "run_81": 1.2821131226570273,
  "run_82": 1.2823628897707509,
  "run_83": 1.2825668460038706,
  "run_84": 1.282050674203032,
  "run_85": 1.2812250159711303,
  "run_86": 1.2818336213633101,
  "run_87": 1.2855144184013414,
  "run_88": 1.2806986415177535,
  "run_89": 1.283091532913983,
  "run_90": 1.281999014633012,
  "run_91": 1.2821831495715634,
  "run_92": 1.2841938475534085,
  "run_93": 1.2792371826450528,
  "run_94": 1.2805545449874383,
  "run_95": 1.2803837670525593,
  "run_96": 1.2796734929620595,
  "run_97": 1.2833472119916063,
  "run_98": 1.279632298390763,
  "run_99": 1.2829859929978844
}