{
  "run_0": 2.0541415576351847,
  "run_1": 2.056169992652553,
  "run_2": 2.04919041694228,
  "run_3": 2.05354655414408,
  "run_4": 2.0534601212918546,
  "run_5": 2.058526089943393,
  "run_6": 2.0511319787717626,
  "run_7": 2.0517554441798724,
  "run_8": 2.0521007427369105,
  "run_9": 2.056977153506196,
  "run_10": 2.049359068712197,
  "run_11": 2.053526670660294,
  "run_12": 2.0548040745408165,
  "run_13": 2.0545723290070885,
  "run_14": 2.057513731011752,
  "run_15": 2.0531282237544435,
  "run_16": 2.0516357617090892,
  "run_17": 2.050006301141088,
  "run_18": 2.0496654731993584,
  "run_19": 2.052344235730014,
  "run_20": 2.0531961948217687,
  "run_21": 2.051430384350661,
  "run_22": 2.051831148582973,
  "run_23": 2.0485071746519,
  "run_24": 2.053885611532442,
  "run_25": 2.0531044203674247,
  "run_26": 2.0516811309651493,
  "run_27": 2.0542956242696686,
  "run_28": 2.0535944225981244,
  "run_29": 2.052894705099922,
  "run_30": 2.0542290947397754,
  "run_31": 2.0579034570549184,
  "run_32": 2.0545456037565413,
  "run_33": 2.0530687617443655,
  "run_34": 2.0551158655460577,
  "run_35": 2.0551864805779863,
  "run_36": 2.053210705648855,
  "run_37": 2.0547614359390147,
  "run_38": 2.0541610282163694,
  "run_39": 2.05399878193792,
  "run_40": 2.0543230103119487,
  "run_41": 2.0517353891907266,
  "run_42": 2.0526904115076157,
  "run_43": 2.0529806699266855,
  "run_44": 2.0582909436677976,
  "run_45": 2.056599486851646,
  "run_46": 2.051226041009734,
  "run_47": 2.056417114721715,
  "run_48": 2.0523033989134176,
  "run_49": 2.0512808733934373,
  "run_50": 2.053119094291883,
  "run_51": 2.0516845310674103,
  "run_52": 2.053864025811514,
  "run_53": 2.054795737129425,
  "run_54": 2.050707318953692,
  "run_55": 2.048232935152676,
  "run_56": 2.0628698095070765,
  "run_57": 2.052454841871149,
  "run_58": 2.0502702905288586,
  "run_59": 2.0507461488171463,
  "run_60": 2.0502854958324126,
  "run_61": 2.051267186195957,
  "run_62": 2.0551143590337464,
  "run_63": 2.0516233006235316,
  "run_64": 2.04929268401129,
  "run_65": 2.055768455230523,
  "run_66": 2.055110531623793,
  "run_67": 2.0496754912607376,
  "run_68": 2.0545191552822666,
  "run_69": 2.058140674989165,
  "run_70": 2.051143131983172,
  "run_71": 2.0585682634841556,
  "run_72": 2.054491874054836,
  "run_73": 2.0524976720337684,
  "run_74": 2.0568199187365974,
  "run_75": 2.0572170128143523,
  "run_76": 2.0540914846345366,
  "run_77": 2.0556906258803362,
  "run_78": 2.0555572363155794,
  "run_79": 2.0514791706563864,
  "run_80": 2.0586611754887594,
  "run_81": 2.0586066315190164,
  "run_82": 2.0545768053755156,
  "run_83": 2.0544871057312513,
  "run_84": 2.0533922975946246,
  "run_85": 2.0556017547487553,
  "run_86": 2.060842424749428,
  "run_87": 2.0568378622569563,
  "run_88": 2.0586549017140037,
  "run_89": 2.0554173199241874,
  "run_90": 2.05295341599212,
  "run_91": 2.054607119492599,
  "run_92": 2.058520132327802,
  "run_93": 2.056698420446445,
  "run_94": 2.0496724864307554,
  "run_95": 2.0550745963669623,
  "run_96": 2.059182904148322,
  "run_97": 2.0524916342996997,
  "run_98": 2.05397187505261,
  "run_99": 2.0502240700380616
}