{
  "run_0": 0.8396133493080711,
  "run_1": 0.841977922915088,
  "run_2": 0.8417348898145154,
  "run_3": 0.842086595656789,
  "run_4": 0.8406605181898099,
  "run_5": 0.8425714046714066,
  "run_6": 0.8423455129658819,
  "run_7": 0.8403653502637459,
  "run_8": 0.8418375498227063,
  "run_9": 0.8436696996494539,
  "run_10": 0.8433876793404103,
  "run_11": 0.8415484761631576,
  "run_12": 0.8390399270867782,
  "run_13": 0.8424357894462587,
  "run_14": 0.8436183693334988,
  "run_15": 0.8404072196711017,
  "run_16": 0.8422152362831088,
  "run_17": 0.8412531654583701,
  "run_18": 0.8399717164956115,
  "run_19": 0.8400984819639461,
  "run_20": 0.8416673072314054,
  "run_21": 0.8422292651558854,
  "run_22": 0.8437270212950535,
  "run_23": 0.8413792249709819,
  "run_24": 0.8430783045226411,
  "run_25": 0.8416778244367166,
  "run_26": 0.8418203129952628,
  "run_27": 0.8431109379492561,
  "run_28": 0.8432040565762686,
  "run_29": 0.8396535394242682,
  "run_30": 0.8419474623557647,
  "run_31": 0.8437720891939605,
  "run_32": 0.8410987661508947,
  "run_33": 0.8404158954326959,
  "run_34": 0.8434267081876974,
  "run_35": 0.8423168114275432,
  "run_36": 0.8397558152442013,
  "run_37": 0.8432022344558034,
  "run_38": 0.8420720766765184,
  "run_39": 0.8396627960446903,
  "run_40": 0.8413584378134652,
  "run_41": 0.8413399135049694,
  "run_42": 0.8421244979111941,
  "run_43": 0.8432866826949578,
  "run_44": 0.8402976541761098,
  "run_45": 0.8405597455930031,
  "run_46": 0.8425336641783253,
  "run_47": 0.8420930214253043,
  "run_48": 0.8402029147604313,
  "run_49": 0.8413978490477381,
  "run_50": 0.839179859514551,
  "run_51": 0.8402278747046483,
  "run_52": 0.8419219235989222,
  "run_53": 0.8391625312394927,
  "run_54": 0.8423416559096385,
  "run_55": 0.844164488297138,
  "run_56": 0.8419184464238031,
  "run_57": 0.8407378606450268,
  "run_58": 0.8405428686753347,
  "run_59": 0.8398357627336392,
  "run_60": 0.8418003108113168,
  "run_61": 0.8418811077987514,
  "run_62": 0.8403443210986278,
  "run_63": 0.8402710542595485,
  "run_64": 0.8457738078168615,
  "run_65": 0.8398479106994814,
  "run_66": 0.8423834019082421,
  "run_67": 0.8423000759215933,
  "run_68": 0.842069170529497,
  "run_69": 0.8431544051258358,
  "run_70": 0.844883110834344,
  "run_71": 0.8413511344968094,
  "run_72": 0.8423988417384354,
  "run_73": 0.8438091613474739,
  "run_74": 0.84031814572765,
  "run_75": 0.8417252203155567,
  "run_76": 0.8402654190054348,
  "run_77": 0.8413423262309876,
  "run_78": 0.8413481931193498,
  "run_79": 0.8426371926609032,
  "run_80": 0.841313231616733,
  "run_81": 0.8424310677759259,
  "run_82": 0.8401250075180233,
  "run_83": 0.8436553643822189,
  "run_84": 0.8421807186220238,
  "run_85": 0.8400001387257874,
  "run_86": 0.8417259509112756,
  "run_87": 0.8413936853050352,
  "run_88": 0.8417386353507661,
  "run_89": 0.8425866055134721,
  "run_90": 0.840629049257053,
  "run_91": 0.839971017732099,
  "run_92": 0.8410634484132525,
  "run_93": 0.8410895803333306,
  "run_94": 0.8406180280780922,
  "run_95": 0.8409949512472431,
  "run_96": 0.8412309685501025,
  "run_97": 0.8425238099045472,
  "run_98": 0.841727338596871,
  "run_99": 0.8441293009919438
}