{
  "run_0": 0.524216233471266,
  "run_1": 0.5229090936285492,
  "run_2": 0.5213262100079502,
  "run_3": 0.5233232936620218,
  "run_4": 0.5261698828843727,
  "run_5": 0.5254436987084482,
  "run_6": 0.5257624923890921,
  "run_7": 0.5238306502477548,
  "run_8": 0.5248296242751794,
  "run_9": 0.5260454283390097
}