{
  "run_0": 2.0543350103975633,
  "run_1": 2.053323865131798,
  "run_2": 2.0530787655619753,
  "run_3": 2.0570608523588287,
  "run_4": 2.051330745071859,
  "run_5": 2.053154571136732,
  "run_6": 2.0536749220932116,
  "run_7": 2.050308883023539,
  "run_8": 2.0577972435156155,
  "run_9": 2.049161357379404,
  "run_10": 2.0558847221588126,
  "run_11": 2.051017466885164,
  "run_12": 2.0514038416159908,
  "run_13": 2.054579030158551,
  "run_14": 2.0518878759738612,
  "run_15": 2.0568580298179397,
  "run_16": 2.0532999045443665,
  "run_17": 2.053187485464254,
  "run_18": 2.058082331212187,
  "run_19": 2.0553908498792306,
  "run_20": 2.0538178294901037,
  "run_21": 2.0556000627138364,
  "run_22": 2.0497270297782784,
  "run_23": 2.052201495927677,
  "run_24": 2.054701810508629,
  "run_25": 2.051925401868506,
  "run_26": 2.056816255125383,
  "run_27": 2.0542781881486154,
  "run_28": 2.055054279662035,
  "run_29": 2.053918179977888,
  "run_30": 2.056065943616117,
  "run_31": 2.0567769752171086,
  "run_32": 2.056854689208005,
  "run_33": 2.0530165319310427,
  "run_34": 2.057467409558706,
  "run_35": 2.0493919900789175,
  "run_36": 2.052256380355002,
  "run_37": 2.056579166114877,
  "run_38": 2.054832124686383,
  "run_39": 2.0493762870532892,
  "run_40": 2.0524830666781178,
  "run_41": 2.0541650140245444,
  "run_42": 2.0543192707996996,
  "run_43": 2.0559954382777264,
  "run_44": 2.0534707266197954,
  "run_45": 2.050446162763089,
  "run_46": 2.0556378333589267,
  "run_47": 2.0570124424183183,
  "run_48": 2.054319944441788,
  "run_49": 2.053111092654499,
  "run_50": 2.052224479789966,
  "run_51": 2.056946577744218,
  "run_52": 2.053029283105995,
  "run_53": 2.0549306414664352,
  "run_54": 2.0555447035647996,
  "run_55": 2.05184828991953,
  "run_56": 2.0527369621835536,
  "run_57": 2.052914530376488,
  "run_58": 2.0519606552825636,
  "run_59": 2.049665601241564,
  "run_60": 2.0558166095585704,
  "run_61": 2.0544396540151744,
  "run_62": 2.0523272765605736,
  "run_63": 2.0544720290658143,
  "run_64": 2.051851954227065,
  "run_65": 2.054668739482885,
  "run_66": 2.054332727569363,
  "run_67": 2.0579468364952938,
  "run_68": 2.05269026033894,
  "run_69": 2.0531129757305853,
  "run_70": 2.061470533398475,
  "run_71": 2.0502631847527444,
  "run_72": 2.053210492391516,
  "run_73": 2.0573129189453714,
  "run_74": 2.050112977654056,
  "run_75": 2.051435975146134,
  "run_76": 2.055041239875935,
  "run_77": 2.048657699067963,
  "run_78": 2.053337517765752,
  "run_79": 2.0552951220733817,
  "run_80": 2.060927514225045,
  "run_81": 2.0486888293870567,
  "run_82": 2.052926972284809,
  "run_83": 2.0554258374041563,
  "run_84": 2.054536700799986,
  "run_85": 2.0554046303933737,
  "run_86": 2.053682772454558,
  "run_87": 2.0596012721424675,
  "run_88": 2.055022470925604,
  "run_89": 2.051100785693908,
  "run_90": 2.056406176877918,
  "run_91": 2.0565638261748753,
  "run_92": 2.0568448936311854,
  "run_93": 2.0529171925678744,
  "run_94": 2.0541564286230307,
  "run_95": 2.0513799524130425,
  "run_96": 2.0499293900301803,
  "run_97": 2.0583561261755294,
  "run_98": 2.0544818558199798,
  "run_99": 2.050349881601487
}