{
  "run_0": 0.5260588053254884,
  "run_1": 0.5240409467376005,
  "run_2": 0.5236274657626886,
  "run_3": 0.5249689400893524,
  "run_4": 0.5234031824763979,
  "run_5": 0.5250123871076522,
  "run_6": 0.5248505136494843,
  "run_7": 0.5225038969317896,
  "run_8": 0.5269786056888904,
  "run_9": 0.5226112195038247,
  "run_10": 0.5253077239155121,
  "run_11": 0.5242515177399666,
  "run_12": 0.5263696415029115,
  "run_13": 0.5249766427385921,
  "run_14": 0.5224214749095131,
  "run_15": 0.5260671577356908,
  "run_16": 0.5235013693317448,
  "run_17": 0.5250843393384594,
  "run_18": 0.5237841369114046,
  "run_19": 0.5251010111158246,
  "run_20": 0.5248648813512149,
  "run_21": 0.525151821551283,
  "run_22": 0.5273812721856032,
  "run_23": 0.5269866955116607,
  "run_24": 0.5257523217997244,
  "run_25": 0.5220338630769347,
  "run_26": 0.5226564941199187,
  "run_27": 0.5242793913774848,
  "run_28": 0.5255349259752169,
  "run_29": 0.5260586495613266,
  "run_30": 0.5230153984559054,
  "run_31": 0.5230639084672262,
  "run_32": 0.5253110798708395,
  "run_33": 0.526685550054159,
  "run_34": 0.5260554556775003,
  "run_35": 0.5235910266106295,
  "run_36": 0.5241406059777616,
  "run_37": 0.5254976181494675,
  "run_38": 0.5224281464507736,
  "run_39": 0.5219705509696353,
  "run_40": 0.525908925803345,
  "run_41": 0.5251260496257993,
  "run_42": 0.5261349549325333,
  "run_43": 0.5249216096322491,
  "run_44": 0.5252642097202455,
  "run_45": 0.5257207349677298,
  "run_46": 0.5251942656682813,
  "run_47": 0.5257191754917634,
  "run_48": 0.5225612300471578,
  "run_49": 0.5249039355518377,
  "run_50": 0.526850273147803,
  "run_51": 0.5240034593118608,
  "run_52": 0.5245894996077056,
  "run_53": 0.5238581445023749,
  "run_54": 0.5218427457314341,
  "run_55": 0.5257563189186771,
  "run_56": 0.5244426734031251,
  "run_57": 0.5238200419382124,
  "run_58": 0.5239344100268725,
  "run_59": 0.5259402017615428,
  "run_60": 0.5233265051928904,
  "run_61": 0.5237656994264461,
  "run_62": 0.5233412469187211,
  "run_63": 0.5243612366204421,
  "run_64": 0.5252602775259481,
  "run_65": 0.522716839394933,
  "run_66": 0.5258633521988358,
  "run_67": 0.5246596933430268,
  "run_68": 0.5218438276044717,
  "run_69": 0.5245271959082308,
  "run_70": 0.526804362302256,
  "run_71": 0.524681352943221,
  "run_72": 0.5235693922886709,
  "run_73": 0.5212790602298286,
  "run_74": 0.5237254497081612,
  "run_75": 0.5224177580190339,
  "run_76": 0.5237140974531979,
  "run_77": 0.5241507840812469,
  "run_78": 0.5250414615700938,
  "run_79": 0.5252754504301441,
  "run_80": 0.5225511738772763,
  "run_81": 0.5232170699891041,
  "run_82": 0.5252781487616018,
  "run_83": 0.5230352921943354,
  "run_84": 0.5231155153683895,
  "run_85": 0.5252721025663698,
  "run_86": 0.5241594056145146,
  "run_87": 0.5232530461718288,
  "run_88": 0.5235780542423336,
  "run_89": 0.5258832331566883,
  "run_90": 0.5238204227181527,
  "run_91": 0.523114914003497,
  "run_92": 0.5255894553670778,
  "run_93": 0.5246167124705134,
  "run_94": 0.5241463518978544,
  "run_95": 0.5243610407682133,
  "run_96": 0.5227248928371706,
  "run_97": 0.5225301554070196,
  "run_98": 0.5256721405377255,
  "run_99": 0.5253950767869036
}