{
  "run_0": 1.2812828568703374,
  "run_1": 1.2805797177646991,
  "run_2": 1.2800807003030137,
  "run_3": 1.2779307397030701,
  "run_4": 1.2817819108396722,
  "run_5": 1.2819119536639172,
  "run_6": 1.279140875302857,
  "run_7": 1.2841605335841364,
  "run_8": 1.2814308200275089,
  "run_9": 1.2791292418764777,
  "run_10": 1.2828636885378317,
  "run_11": 1.2792284036131776,
  "run_12": 1.2797407500432971,
  "run_13": 1.2849722341900864,
  "run_14": 1.2846280130380352,
  "run_15": 1.281431815896137,
  "run_16": 1.2788178677993405,
  "run_17": 1.2824508139130573,
  "run_18": 1.282624464684713,
  "run_19": 1.282505826735141,
  "run_20": 1.2810635834601511,
  "run_21": 1.2818303493348535,
  "run_22": 1.2812269884746699,
  "run_23": 1.2825793329340867,
  "run_24": 1.2809793018208464,
  "run_25": 1.280933929396586,
  "run_26": 1.2823298338516482,
  "run_27": 1.2805424391039955,
  "run_28": 1.2835612374892684,
  "run_29": 1.2808745304857856,
  "run_30": 1.2814433684254571,
  "run_31": 1.2786974086131244,
  "run_32": 1.281874600922941,
  "run_33": 1.283462607072213,
  "run_34": 1.282753299348566,
  "run_35": 1.2806665502679686,
  "run_36": 1.2813043491754699,
  "run_37": 1.2830102181507166,
  "run_38": 1.2822525018288808,
  "run_39": 1.2802305311160795,
  "run_40": 1.2811397780838694,
  "run_41": 1.2840869550020702,
  "run_42": 1.2801243564896316,
  "run_43": 1.2836149001596902,
  "run_44": 1.2807240688882386,
  "run_45": 1.2800512995309647,
  "run_46": 1.2809092953779566,
  "run_47": 1.282779806027195,
  "run_48": 1.2815467881272924,
  "run_49": 1.2815629912345816,
  "run_50": 1.2831147281611026,
  "run_51": 1.2824588486542434,
  "run_52": 1.2804481697528725,
  "run_53": 1.2802181735649136,
  "run_54": 1.2806371995357644,
  "run_55": 1.2815140039045976,
  "run_56": 1.2819659765890925,
  "run_57": 1.2802555653669168,
  "run_58": 1.2812281086336483,
  "run_59": 1.2814201954477962,
  "run_60": 1.2810813399182936,
  "run_61": 1.2824024049415794,
  "run_62": 1.2829650562818462,
  "run_63": 1.2797724050187913,
  "run_64": 1.281264104016818,
  "run_65": 1.2798013818916507,
  "run_66": 1.2806826367094986,
  "run_67": 1.2814038912483774,
  "run_68": 1.2819216566631546,
  "run_69": 1.2812892149757724,
  "run_70": 1.282736603923023,
  "run_71": 1.2838600788448389,
  "run_72": 1.2770158449903461,
  "run_73": 1.281058902965332,
  "run_74": 1.2830928008678424,
  "run_75": 1.282043248275758,
  "run_76": 1.2836443543100444,
  "run_77": 1.2817119874033485,
  "run_78": 1.2795456244220658,
  "run_79": 1.2850688667591272,
  "run_80": 1.2817421065680454,
  "run_81": 1.2866097646852803,
  "run_82": 1.2832305517097102,
  "run_83": 1.2834787058364618,
  "run_84": 1.2850598270822857,
  "run_85": 1.2827090827119807,
  "run_86": 1.2831287410558332,
  "run_87": 1.280181696431864,
  "run_88": 1.281345920049566,
  "run_89": 1.2821099145019637,
  "run_90": 1.2843545421691602,
  "run_91": 1.2828398625916195,
  "run_92": 1.282816487567179,
  "run_93": 1.2792707141142652,
  "run_94": 1.2862833769309685,
  "run_95": 1.282444943917555,
  "run_96": 1.2814541544978204,
  "run_97": 1.2818960743989454,
  "run_98": 1.280054466857694,
  "run_99": 1.2805905509313296
}