{
  "run_0": 1.279512469304346,
  "run_1": 1.2803569432207256,
  "run_2": 1.2804006216737018,
  "run_3": 1.2784238070674756,
  "run_4": 1.2812618905913897,
  "run_5": 1.2822375720887247,
  "run_6": 1.2814746433386175,
  "run_7": 1.2802816791400864,
  "run_8": 1.2811446335156393,
  "run_9": 1.2811964697995069
}