{
  "run_0": 1.7493311080932532,
  "run_1": 1.7487694165560346,
  "run_2": 1.746783672253486,
  "run_3": 1.7506527064689776,
  "run_4": 1.7545825814332132,
  "run_5": 1.7528920654247588,
  "run_6": 1.752505438999562,
  "run_7": 1.751013267582399,
  "run_8": 1.7454804312964696,
  "run_9": 1.7529218240486653,
  "run_10": 1.7500481378579291,
  "run_11": 1.7537204350564104,
  "run_12": 1.7504278258616028,
  "run_13": 1.7468635931937628,
  "run_14": 1.7493814274889727,
  "run_15": 1.7521787651703151,
  "run_16": 1.751282174582849,
  "run_17": 1.7557000537131362,
  "run_18": 1.750421296970553,
  "run_19": 1.7501272375991201,
  "run_20": 1.748619718154958,
  "run_21": 1.7502250525131426,
  "run_22": 1.7499313513428145,
  "run_23": 1.7522763494625144,
  "run_24": 1.7503275476403406,
  "run_25": 1.750598637406998,
  "run_26": 1.7542132075368744,
  "run_27": 1.7545288854181278,
  "run_28": 1.7463310767920739,
  "run_29": 1.7488553497961044,
  "run_30": 1.7485060248026236,
  "run_31": 1.7535417357520835,
  "run_32": 1.754916051897292,
  "run_33": 1.7507464043470204,
  "run_34": 1.7497775593159468,
  "run_35": 1.7531529501294825,
  "run_36": 1.7534486306620907,
  "run_37": 1.7525774776794851,
  "run_38": 1.7493157706970488,
  "run_39": 1.751500098873255,
  "run_40": 1.7561515835747068,
  "run_41": 1.7563626776999821,
  "run_42": 1.7510392345855212,
  "run_43": 1.7481020795687514,
  "run_44": 1.7519367766258331,
  "run_45": 1.7489683607054056,
  "run_46": 1.7484186780847866,
  "run_47": 1.7504514393156343,
  "run_48": 1.7515597634330706,
  "run_49": 1.7529431708411303,
  "run_50": 1.7502011607559238,
  "run_51": 1.7511669013192583,
  "run_52": 1.7478309207755998,
  "run_53": 1.749721361257313,
  "run_54": 1.7533967893748543,
  "run_55": 1.7521178011996934,
  "run_56": 1.7501573583575438,
  "run_57": 1.753776433305569,
  "run_58": 1.7487876977742718,
  "run_59": 1.749548265458554,
  "run_60": 1.7502048691052599,
  "run_61": 1.74981710774593,
  "run_62": 1.7510012206280523,
  "run_63": 1.7513322537685405,
  "run_64": 1.752995957115894,
  "run_65": 1.7529904886886079,
  "run_66": 1.7503397154300908,
  "run_67": 1.7475529643365912,
  "run_68": 1.751985280143423,
  "run_69": 1.7495441402431,
  "run_70": 1.7501872484865866,
  "run_71": 1.7526526884487401,
  "run_72": 1.752599329346051,
  "run_73": 1.749197949523974,
  "run_74": 1.753574730123456,
  "run_75": 1.7510666627274993,
  "run_76": 1.752190144079607,
  "run_77": 1.7548304044570688,
  "run_78": 1.7505148261266492,
  "run_79": 1.7508341333937583,
  "run_80": 1.7491257697801978,
  "run_81": 1.7525754256358226,
  "run_82": 1.7515161012012304,
  "run_83": 1.75264392252273,
  "run_84": 1.7500900194130984,
  "run_85": 1.7509702556854463,
  "run_86": 1.7513141296260069,
  "run_87": 1.7535376399627154,
  "run_88": 1.7468674127809396,
  "run_89": 1.7529806830279036,
  "run_90": 1.7524777313078013,
  "run_91": 1.7493455887732412,
  "run_92": 1.7523617055418717,
  "run_93": 1.7524295862148451,
  "run_94": 1.7491052988445253,
  "run_95": 1.75108731690331,
  "run_96": 1.7500552628229082,
  "run_97": 1.7564243514997095,
  "run_98": 1.748128695411867,
  "run_99": 1.746127060875048
}