{
  "run_0": 2.3278262656030675,
  "run_1": 2.3298962503441656,
  "run_2": 2.3242319099737982,
  "run_3": 2.3295965960949787,
  "run_4": 2.32021314739793,
  "run_5": 2.3250607584302214,
  "run_6": 2.32188298844932,
  "run_7": 2.3264552696848018,
  "run_8": 2.3258816268521354,
  "run_9": 2.3257153443563054,
  "run_10": 2.325538668487633,
  "run_11": 2.3293488352441756,
  "run_12": 2.325313082559049,
  "run_13": 2.32129775679418,
  "run_14": 2.321591608282065,
  "run_15": 2.3197815709423537,
  "run_16": 2.321852346968145,
  "run_17": 2.327555975035378,
  "run_18": 2.321210974213477,
  "run_19": 2.330881420220305,
  "run_20": 2.3301575211411514,
  "run_21": 2.3278089134415128,
  "run_22": 2.321209260930737,
  "run_23": 2.3268573345285453,
  "run_24": 2.319805190633676,
  "run_25": 2.322017595187406,
  "run_26": 2.3345629752938786,
  "run_27": 2.3231063839720285,
  "run_28": 2.3234064534620047,
  "run_29": 2.321234094120242,
  "run_30": 2.3294225259665673,
  "run_31": 2.325493709617668,
  "run_32": 2.3210524940806176,
  "run_33": 2.326020671612146,
  "run_34": 2.329794558099178,
  "run_35": 2.3263700122192317,
  "run_36": 2.3190103679512877,
  "run_37": 2.3278757176257105,
  "run_38": 2.331407975975143,
  "run_39": 2.3277580166894944,
  "run_40": 2.3281433627071353,
  "run_41": 2.3295585030477595,
  "run_42": 2.3276957925544957,
  "run_43": 2.3330767330860973,
  "run_44": 2.330349437829755,
  "run_45": 2.3254802086001263,
  "run_46": 2.3255763108414023,
  "run_47": 2.327373062836027,
  "run_48": 2.3220237252484996,
  "run_49": 2.326325754569209,
  "run_50": 2.336252014006531,
  "run_51": 2.327426117569951,
  "run_52": 2.3283611790833345,
  "run_53": 2.3297124356293453,
  "run_54": 2.32439769256895,
  "run_55": 2.3238667042423464,
  "run_56": 2.331339820286419,
  "run_57": 2.3247095660694335,
  "run_58": 2.3198783655709585,
  "run_59": 2.3188567010455756,
  "run_60": 2.3287095506658875,
  "run_61": 2.3269218539069714,
  "run_62": 2.318401968691735,
  "run_63": 2.32875876601646,
  "run_64": 2.32148381519515,
  "run_65": 2.3268838233033606,
  "run_66": 2.3253653278820923,
  "run_67": 2.3281514019706218,
  "run_68": 2.3253287626376715,
  "run_69": 2.3252825619320374,
  "run_70": 2.3257472120010183,
  "run_71": 2.3243881154161863,
  "run_72": 2.3216085057365463,
  "run_73": 2.3248272178736253,
  "run_74": 2.325692887521848,
  "run_75": 2.3263203405330697,
  "run_76": 2.3299646848401148,
  "run_77": 2.3331871656239884,
  "run_78": 2.326862487996143,
  "run_79": 2.325941445460748,
  "run_80": 2.3245857271786585,
  "run_81": 2.327419973879957,
  "run_82": 2.3246609940505527,
  "run_83": 2.3297174671939644,
  "run_84": 2.3297312041873317,
  "run_85": 2.3234976976601547,
  "run_86": 2.329668717032305,
  "run_87": 2.325617644115395,
  "run_88": 2.3194227156819953,
  "run_89": 2.327110508778061,
  "run_90": 2.3240384146985766,
  "run_91": 2.3177149819340848,
  "run_92": 2.3297946683536157,
  "run_93": 2.320019418218741,
  "run_94": 2.3268923597763296,
  "run_95": 2.332431819530607,
  "run_96": 2.334509198191688,
  "run_97": 2.330777196985515,
  "run_98": 2.32026773003402,
  "run_99": 2.3236851423943357
}