{
  "run_0": 0.8429158333593134,
  "run_1": 0.8435080082999579,
  "run_2": 0.8416895718024842,
  "run_3": 0.8414830823643428,
  "run_4": 0.8461848401572676,
  "run_5": 0.8420405838796123,
  "run_6": 0.841635299383703,
  "run_7": 0.8404320543363355,
  "run_8": 0.8439476415389063,
  "run_9": 0.8402044106591009,
  "run_10": 0.8423522200617695,
  "run_11": 0.8398838215364982,
  "run_12": 0.8411521859795578,
  "run_13": 0.8409121683470969,
  "run_14": 0.8399440493547025,
  "run_15": 0.8442816529776178,
  "run_16": 0.8419645544234303,
  "run_17": 0.8432748526997447,
  "run_18": 0.8392179507916819,
  "run_19": 0.8418906945382889,
  "run_20": 0.8412438401643685,
  "run_21": 0.8385162103787516,
  "run_22": 0.8419934796815959,
  "run_23": 0.8429443209381977,
  "run_24": 0.8432606498461805,
  "run_25": 0.8393556924682908,
  "run_26": 0.841397628786193,
  "run_27": 0.8417826936380974,
  "run_28": 0.8411684087881147,
  "run_29": 0.8390511775567793,
  "run_30": 0.8422405882670311,
  "run_31": 0.8384057381626464,
  "run_32": 0.840646261005722,
  "run_33": 0.8417822515916418,
  "run_34": 0.8413116676613203,
  "run_35": 0.8411678698434699,
  "run_36": 0.8413254748931587,
  "run_37": 0.8437112816900936,
  "run_38": 0.8393734153474647,
  "run_39": 0.8377761715288224,
  "run_40": 0.8435200102027739,
  "run_41": 0.8402693852034794,
  "run_42": 0.8438669528634317,
  "run_43": 0.8415227763717452,
  "run_44": 0.8421083552841722,
  "run_45": 0.8414721132519083,
  "run_46": 0.8435851031094908,
  "run_47": 0.8409081210369899,
  "run_48": 0.8428846991451668,
  "run_49": 0.8433736229246203,
  "run_50": 0.8391105975791469,
  "run_51": 0.8396578448320745,
  "run_52": 0.8403192925733587,
  "run_53": 0.8403579947686116,
  "run_54": 0.8415445533949527,
  "run_55": 0.8439184481741931,
  "run_56": 0.8433249897311619,
  "run_57": 0.8408530359284219,
  "run_58": 0.8398511110838153,
  "run_59": 0.842957826263537,
  "run_60": 0.8431669123346752,
  "run_61": 0.8424019294423498,
  "run_62": 0.840012679703691,
  "run_63": 0.8415474716034315,
  "run_64": 0.8402064068140955,
  "run_65": 0.839545636069538,
  "run_66": 0.8423486921586925,
  "run_67": 0.8454100355724301,
  "run_68": 0.8440314476242883,
  "run_69": 0.8421958949746141,
  "run_70": 0.8432808950520978,
  "run_71": 0.8428954234281217,
  "run_72": 0.8404530290514501,
  "run_73": 0.8427043425489551,
  "run_74": 0.8405623753409367,
  "run_75": 0.8427322042147715,
  "run_76": 0.8414709565611304,
  "run_77": 0.8394222368655789,
  "run_78": 0.8424722590116533,
  "run_79": 0.8411410308885264,
  "run_80": 0.8414624802819555,
  "run_81": 0.8411421374281429,
  "run_82": 0.8426777198986052,
  "run_83": 0.8404283160024393,
  "run_84": 0.8422941766029665,
  "run_85": 0.8423249673019543,
  "run_86": 0.8404688102413963,
  "run_87": 0.840809460386091,
  "run_88": 0.8427870871316244,
  "run_89": 0.8420424072146215,
  "run_90": 0.8430417989256944,
  "run_91": 0.8427567510361031,
  "run_92": 0.8423037511685516,
  "run_93": 0.8423177006415705,
  "run_94": 0.8418409161189185,
  "run_95": 0.8409460073984771,
  "run_96": 0.8430726174034887,
  "run_97": 0.8424824549836758,
  "run_98": 0.841546348255606,
  "run_99": 0.842526298788191
}