{
  "run_0": 2.320169633402122,
  "run_1": 2.3287775585314456,
  "run_2": 2.322600393663549,
  "run_3": 2.320553340954716,
  "run_4": 2.3214260914160936,
  "run_5": 2.32008767439498,
  "run_6": 2.31921160540724,
  "run_7": 2.3274337476360945,
  "run_8": 2.324803155081279,
  "run_9": 2.319770626565825,
  "run_10": 2.325554893102833,
  "run_11": 2.3245727737163198,
  "run_12": 2.3282447256237075,
  "run_13": 2.332561498648299,
  "run_14": 2.3206687320813972,
  "run_15": 2.320786723513335,
  "run_16": 2.3274661619968904,
  "run_17": 2.322153091737423,
  "run_18": 2.3298870941744805,
  "run_19": 2.328019902366484,
  "run_20": 2.3291661403021227,
  "run_21": 2.3327957339052974,
  "run_22": 2.3288514949471786,
  "run_23": 2.333874547930467,
  "run_24": 2.3318305857938197,
  "run_25": 2.3253294295984337,
  "run_26": 2.323968642896424,
  "run_27": 2.325205688639857,
  "run_28": 2.332988150125469,
  "run_29": 2.3234238822974085,
  "run_30": 2.3246032557877156,
  "run_31": 2.325904938877251,
  "run_32": 2.3213207948468693,
  "run_33": 2.334888736454702,
  "run_34": 2.3293468451244577,
  "run_35": 2.3349133299285754,
  "run_36": 2.316265193043366,
  "run_37": 2.331176420091758,
  "run_38": 2.3258266380435204,
  "run_39": 2.325805024783605,
  "run_40": 2.3281370901394665,
  "run_41": 2.3255113083195496,
  "run_42": 2.3366514529092597,
  "run_43": 2.332501835661741,
  "run_44": 2.3334050363228847,
  "run_45": 2.3240080976124258,
  "run_46": 2.3311131663016167,
  "run_47": 2.32269534493055,
  "run_48": 2.328066161694456,
  "run_49": 2.32261690084616,
  "run_50": 2.337831567335301,
  "run_51": 2.3299172113176883,
  "run_52": 2.325265438278025,
  "run_53": 2.3290141349847553,
  "run_54": 2.3257226461745564,
  "run_55": 2.3246262350924205,
  "run_56": 2.326685339970967,
  "run_57": 2.3292251742345624,
  "run_58": 2.330353812830472,
  "run_59": 2.324222749734255,
  "run_60": 2.3258921434277315,
  "run_61": 2.3289191467129697,
  "run_62": 2.3292136101440097,
  "run_63": 2.3279304687521796,
  "run_64": 2.3253727319761155,
  "run_65": 2.328172637547546,
  "run_66": 2.3337742460399467,
  "run_67": 2.3268403400281885,
  "run_68": 2.3254942820904962,
  "run_69": 2.324104526785498,
  "run_70": 2.3260271262508287,
  "run_71": 2.3204251771596134,
  "run_72": 2.3270237967509786,
  "run_73": 2.3288826179561695,
  "run_74": 2.327522858632602,
  "run_75": 2.328346719771307,
  "run_76": 2.3280505568057133,
  "run_77": 2.3224465273249715,
  "run_78": 2.3272776155438066,
  "run_79": 2.3257022225644457,
  "run_80": 2.327580024618356,
  "run_81": 2.326378133190617,
  "run_82": 2.324692967498624,
  "run_83": 2.3278689216789825,
  "run_84": 2.329698660259334,
  "run_85": 2.3293887481056257,
  "run_86": 2.3263268995991284,
  "run_87": 2.3214380048661005,
  "run_88": 2.326055512663193,
  "run_89": 2.3297964861045313,
  "run_90": 2.329248703254995,
  "run_91": 2.33043386484335,
  "run_92": 2.3281338674054037,
  "run_93": 2.3219806084587398,
  "run_94": 2.322445356242704,
  "run_95": 2.3230134320275844,
  "run_96": 2.3320284466776906,
  "run_97": 2.3288749770274917,
  "run_98": 2.326648465125309,
  "run_99": 2.3197669070782796
}