{
  "run_0": 0.525260916354606,
  "run_1": 0.5231518567599206,
  "run_2": 0.5259329696756563,
  "run_3": 0.525104982677206,
  "run_4": 0.5259321655799342,
  "run_5": 0.5236241269507435,
  "run_6": 0.524030640757522,
  "run_7": 0.5243897165812994,
  "run_8": 0.5260762134698682,
  "run_9": 0.5253795185470096,
  "run_10": 0.5216507498951635,
  "run_11": 0.5248585241559125,
  "run_12": 0.5244125164538632,
  "run_13": 0.5228922123215393,
  "run_14": 0.5248993711980723,
  "run_15": 0.5232692802021052,
  "run_16": 0.5248454121670867,
  "run_17": 0.5251089171653592,
  "run_18": 0.5243176779782579,
  "run_19": 0.5244434117273449,
  "run_20": 0.5227363398818561,
  "run_21": 0.5228275493739558,
  "run_22": 0.5276246131700789,
  "run_23": 0.5250824934118942,
  "run_24": 0.5255623476218669,
  "run_25": 0.5270568074162845,
  "run_26": 0.5247708250064737,
  "run_27": 0.5244265215717957,
  "run_28": 0.5245827836622119,
  "run_29": 0.5225818901540176,
  "run_30": 0.5213493177234304,
  "run_31": 0.5224485525219458,
  "run_32": 0.5246568997299205,
  "run_33": 0.5258825977631211,
  "run_34": 0.5245167784373749,
  "run_35": 0.5250674090996402,
  "run_36": 0.5255629062410688,
  "run_37": 0.5231654847787021,
  "run_38": 0.5238446635571193,
  "run_39": 0.5237518244418901,
  "run_40": 0.5247601803401724,
  "run_41": 0.5247653494853676,
  "run_42": 0.524303589778565,
  "run_43": 0.5232153375560421,
  "run_44": 0.5242835595269559,
  "run_45": 0.5241974371147222,
  "run_46": 0.524434173687052,
  "run_47": 0.5243868736865704,
  "run_48": 0.5243913801370834,
  "run_49": 0.5263814223000751,
  "run_50": 0.5234143116518053,
  "run_51": 0.5274609243556744,
  "run_52": 0.5240085395173274,
  "run_53": 0.5234063501589297,
  "run_54": 0.5257306230389104,
  "run_55": 0.5226642196141532,
  "run_56": 0.5278749074572208,
  "run_57": 0.5240000003811666,
  "run_58": 0.524058686877048,
  "run_59": 0.5212522443988211,
  "run_60": 0.5243396787632729,
  "run_61": 0.525734307609176,
  "run_62": 0.5250934571077284,
  "run_63": 0.5249044314505851,
  "run_64": 0.5268298980620919,
  "run_65": 0.5275906985485757,
  "run_66": 0.5234317985577748,
  "run_67": 0.5245670520508161,
  "run_68": 0.5219317561675405,
  "run_69": 0.5251015000642627,
  "run_70": 0.5266363051104049,
  "run_71": 0.5261575063395839,
  "run_72": 0.5247010104268417,
  "run_73": 0.523040846668099,
  "run_74": 0.5241619821653452,
  "run_75": 0.5254860015776822,
  "run_76": 0.5242460796861761,
  "run_77": 0.523925417762434,
  "run_78": 0.5223975830840462,
  "run_79": 0.5240548223367149,
  "run_80": 0.5237886772064763,
  "run_81": 0.5230858829811017,
  "run_82": 0.5207529927387722,
  "run_83": 0.5229479283440222,
  "run_84": 0.5238393473485179,
  "run_85": 0.5271983315144075,
  "run_86": 0.5245065945895337,
  "run_87": 0.5246664388449415,
  "run_88": 0.5252594543389252,
  "run_89": 0.5241489297642519,
  "run_90": 0.5242562752135265,
  "run_91": 0.5256591226415313,
  "run_92": 0.5241418204984345,
  "run_93": 0.5254256422313073,
  "run_94": 0.5256742626351468,
  "run_95": 0.5238080239543128,
  "run_96": 0.5255758961890007,
  "run_97": 0.5243218476357056,
  "run_98": 0.524650797703297,
  "run_99": 0.525851170238402
}