{
  "run_0": 0.840954570066058,
  "run_1": 0.8406639022245492,
  "run_2": 0.8414888709020345,
  "run_3": 0.8434795464993188,
  "run_4": 0.8401570464944491,
  "run_5": 0.8406185938118681,
  "run_6": 0.8427111222275999,
  "run_7": 0.8433957446545154,
  "run_8": 0.8432487340406646,
  "run_9": 0.8391119378954989,
  "run_10": 0.8414694284293662,
  "run_11": 0.8401613014754008,
  "run_12": 0.8397798015865792,
  "run_13": 0.8412969296735632,
  "run_14": 0.8410521037151499,
  "run_15": 0.8436736757066551,
  "run_16": 0.8438160034899785,
  "run_17": 0.8437859270559143,
  "run_18": 0.8420361245401017,
  "run_19": 0.8410289197028009,
  "run_20": 0.8421824190439953,
  "run_21": 0.8392798587933572,
  "run_22": 0.8417009248086387,
  "run_23": 0.841465662120509,
  "run_24": 0.8426855182693018,
  "run_25": 0.8409797853883771,
  "run_26": 0.841537019692041,
  "run_27": 0.8416150854152538,
  "run_28": 0.8409193347113323,
  "run_29": 0.8395444176466202,
  "run_30": 0.8417606561461711,
  "run_31": 0.8405301257291463,
  "run_32": 0.8408414668933822,
  "run_33": 0.8424162530198315,
  "run_34": 0.8415377682825833,
  "run_35": 0.8411395946475178,
  "run_36": 0.8394247037270792,
  "run_37": 0.8417593522363644,
  "run_38": 0.840044109511003,
  "run_39": 0.8411147749628474,
  "run_40": 0.8417956716186065,
  "run_41": 0.8385546255645911,
  "run_42": 0.8437513412362158,
  "run_43": 0.8427992446738156,
  "run_44": 0.8397021955149467,
  "run_45": 0.8443165358404175,
  "run_46": 0.8428152388931007,
  "run_47": 0.8416104965275615,
  "run_48": 0.8429258593843333,
  "run_49": 0.8416196172200006,
  "run_50": 0.8423852058211387,
  "run_51": 0.840728882853721,
  "run_52": 0.842674769961731,
  "run_53": 0.8405755066470342,
  "run_54": 0.8427421196746463,
  "run_55": 0.8412806903152779,
  "run_56": 0.8420318263565356,
  "run_57": 0.8412927375720455,
  "run_58": 0.8412491070511208,
  "run_59": 0.8405043163830496,
  "run_60": 0.842698320109703,
  "run_61": 0.8420638623018735,
  "run_62": 0.8416400522702602,
  "run_63": 0.8418682343504234,
  "run_64": 0.8410819594551736,
  "run_65": 0.8400764455904232,
  "run_66": 0.8408241563244541,
  "run_67": 0.8430167494983347,
  "run_68": 0.8399918468980996,
  "run_69": 0.8415669775498711,
  "run_70": 0.8428645073680322,
  "run_71": 0.8439300045506879,
  "run_72": 0.8412162853595803,
  "run_73": 0.8401297764725195,
  "run_74": 0.840161619245108,
  "run_75": 0.8428895672107835,
  "run_76": 0.8419788874413932,
  "run_77": 0.8423335909716886,
  "run_78": 0.83995006238578,
  "run_79": 0.8414861346027523,
  "run_80": 0.8447985110104937,
  "run_81": 0.8405165589194149,
  "run_82": 0.8411502774619263,
  "run_83": 0.8420478410751466,
  "run_84": 0.8416573555541624,
  "run_85": 0.8411548866935662,
  "run_86": 0.8436572264507718,
  "run_87": 0.8416559720440688,
  "run_88": 0.8421152632939635,
  "run_89": 0.8436705031216454,
  "run_90": 0.8444406801869396,
  "run_91": 0.8403906976035399,
  "run_92": 0.8414962957046426,
  "run_93": 0.8390894630165702,
  "run_94": 0.840015935688309,
  "run_95": 0.8411949822155478,
  "run_96": 0.8446567506203273,
  "run_97": 0.8430200983851776,
  "run_98": 0.8430689692352467,
  "run_99": 0.8414314542105162
}