{
  "run_0": 0.5238241935940725,
  "run_1": 0.5239978359015888,
  "run_2": 0.5264923562181308,
  "run_3": 0.52556723541667,
  "run_4": 0.5256873112371284,
  "run_5": 0.5243284428255405,
  "run_6": 0.522693647875209,
  "run_7": 0.5240867003149885,
  "run_8": 0.5245792613212539,
  "run_9": 0.524602235606578,
  "run_10": 0.5260268483046499,
  "run_11": 0.5233880161100479,
  "run_12": 0.5225251067380963,
  "run_13": 0.5235138583882901,
  "run_14": 0.5250336210478357,
  "run_15": 0.5249449631994086,
  "run_16": 0.5251375216762094,
  "run_17": 0.525095437159647,
  "run_18": 0.5251721127414742,
  "run_19": 0.5250517192784891,
  "run_20": 0.5277446626176259,
  "run_21": 0.5242969639666475,
  "run_22": 0.5240628638430043,
  "run_23": 0.5252159357018812,
  "run_24": 0.5256270049533146,
  "run_25": 0.5220905820049003,
  "run_26": 0.5244684657745345,
  "run_27": 0.5249982332147618,
  "run_28": 0.5248666426384256,
  "run_29": 0.52620677658744,
  "run_30": 0.5238543456697132,
  "run_31": 0.5250625003211248,
  "run_32": 0.5255309012876147,
  "run_33": 0.524642929436035,
  "run_34": 0.5235492511590428,
  "run_35": 0.5256222552409012,
  "run_36": 0.5241857525414351,
  "run_37": 0.5230786628961474,
  "run_38": 0.5253913592653369,
  "run_39": 0.5229627118068636,
  "run_40": 0.5251124881077904,
  "run_41": 0.5232161140587951,
  "run_42": 0.5249215535600791,
  "run_43": 0.5224300982551078,
  "run_44": 0.5226399521890189,
  "run_45": 0.522868101479264,
  "run_46": 0.5244907740948466,
  "run_47": 0.5224794129452496,
  "run_48": 0.525955345651795,
  "run_49": 0.5249606442348891,
  "run_50": 0.5240931812775522,
  "run_51": 0.5244761584198561,
  "run_52": 0.5251797092582621,
  "run_53": 0.5249720890782218,
  "run_54": 0.5265293315074107,
  "run_55": 0.5234469833610681,
  "run_56": 0.524804946200414,
  "run_57": 0.5259728917454849,
  "run_58": 0.5238071176034949,
  "run_59": 0.5237760649780517,
  "run_60": 0.5240274328894393,
  "run_61": 0.5239131435119779,
  "run_62": 0.5248212305179782,
  "run_63": 0.5269566703594172,
  "run_64": 0.5242346611078544,
  "run_65": 0.5232073672560568,
  "run_66": 0.5258376162349963,
  "run_67": 0.526698788221368,
  "run_68": 0.5265518727332393,
  "run_69": 0.524246591074088,
  "run_70": 0.5224066964930696,
  "run_71": 0.5261500767064795,
  "run_72": 0.5245493165244224,
  "run_73": 0.5248243133231502,
  "run_74": 0.5219741489074059,
  "run_75": 0.5262524411660047,
  "run_76": 0.5262626803815866,
  "run_77": 0.5224910443983074,
  "run_78": 0.5253458459449213,
  "run_79": 0.5252494264440396,
  "run_80": 0.5242784459128297,
  "run_81": 0.5242722855065778,
  "run_82": 0.5250245874365668,
  "run_83": 0.5238786911456319,
  "run_84": 0.5249850339893055,
  "run_85": 0.5268053908030709,
  "run_86": 0.5249918923902075,
  "run_87": 0.5238191187991474,
  "run_88": 0.5257889352882458,
  "run_89": 0.5237080387774884,
  "run_90": 0.5240174419328401,
  "run_91": 0.5246955391279867,
  "run_92": 0.5259112599099754,
  "run_93": 0.5264971785273987,
  "run_94": 0.526497324082888,
  "run_95": 0.52476124580686,
  "run_96": 0.5240419941627701,
  "run_97": 0.5254780901373188,
  "run_98": 0.521594018209531,
  "run_99": 0.5222374138180077
}