{
  "run_0": 1.28214400438184,
  "run_1": 1.2810537782667577,
  "run_2": 1.2832300878209033,
  "run_3": 1.2823147402924824,
  "run_4": 1.2823078587780323,
  "run_5": 1.2798346250515604,
  "run_6": 1.278062595545371,
  "run_7": 1.2792036756971275,
  "run_8": 1.2814093194988532,
  "run_9": 1.2828361121547727,
  "run_10": 1.2820307136751412,
  "run_11": 1.280265434833466,
  "run_12": 1.2795676133631486,
  "run_13": 1.280203064473034,
  "run_14": 1.2795193345223226,
  "run_15": 1.2795164307282283,
  "run_16": 1.2785916208090258,
  "run_17": 1.282154369455492,
  "run_18": 1.2797547099990834,
  "run_19": 1.2822031179293512,
  "run_20": 1.2818246726627156,
  "run_21": 1.2840035693183152,
  "run_22": 1.2839427136200499,
  "run_23": 1.2830670915809081,
  "run_24": 1.2820736254245815,
  "run_25": 1.2831104430530735,
  "run_26": 1.286547601144464,
  "run_27": 1.2816571913362764,
  "run_28": 1.2829722978378286,
  "run_29": 1.2812797868002446,
  "run_30": 1.2829624168414697,
  "run_31": 1.2847989955222643,
  "run_32": 1.2822874192019431,
  "run_33": 1.2806917125025974,
  "run_34": 1.281307166080338,
  "run_35": 1.2809658854466628,
  "run_36": 1.2818559973260348,
  "run_37": 1.2807553628757604,
  "run_38": 1.279180523069961,
  "run_39": 1.2799485609230388,
  "run_40": 1.2845259595866416,
  "run_41": 1.280224720909417,
  "run_42": 1.2822391539035207,
  "run_43": 1.2837674835447874,
  "run_44": 1.2840100057028958,
  "run_45": 1.2811096857905655,
  "run_46": 1.2796351960128707,
  "run_47": 1.2821224847317954,
  "run_48": 1.2816994242951452,
  "run_49": 1.2816567328360717,
  "run_50": 1.2806633267690803,
  "run_51": 1.284664246670625,
  "run_52": 1.2821467716270136,
  "run_53": 1.2816865040803607,
  "run_54": 1.2824739490643342,
  "run_55": 1.278953999797328,
  "run_56": 1.2809958824169083,
  "run_57": 1.2828837209900819,
  "run_58": 1.2809405778122456,
  "run_59": 1.2834977052411358,
  "run_60": 1.2827655776927642,
  "run_61": 1.282672281739311,
  "run_62": 1.2844240998165832,
  "run_63": 1.2838174443241082,
  "run_64": 1.282331171632534,
  "run_65": 1.2796705490680909,
  "run_66": 1.2799552099300309,
  "run_67": 1.2860581395548056,
  "run_68": 1.2803927437925078,
  "run_69": 1.2810575814413947,
  "run_70": 1.2802964712300622,
  "run_71": 1.2819721234129036,
  "run_72": 1.2786681610840156,
  "run_73": 1.282805957767759,
  "run_74": 1.279658174399176,
  "run_75": 1.2821100046977367,
  "run_76": 1.280741418873708,
  "run_77": 1.2830801040146684,
  "run_78": 1.276874497483767,
  "run_79": 1.2797400307070395,
  "run_80": 1.2800236046972424,
  "run_81": 1.2808696108623814,
  "run_82": 1.2795702091415457,
  "run_83": 1.2829014449254532,
  "run_84": 1.2822549865766224,
  "run_85": 1.2824737346404458,
  "run_86": 1.2818551941042693,
  "run_87": 1.2828795182937043,
  "run_88": 1.2821685972391053,
  "run_89": 1.2840581895039376,
  "run_90": 1.283095144777766,
  "run_91": 1.2822432748287125,
  "run_92": 1.280620553686307,
  "run_93": 1.2812955769764498,
  "run_94": 1.2818671132709962,
  "run_95": 1.2840192763630047,
  "run_96": 1.282350985417688,
  "run_97": 1.2833465983953958,
  "run_98": 1.2799177688209262,
  "run_99": 1.2831502424621615
}