{
  "run_0": 0.8418043200356586,
  "run_1": 0.8396326946411709,
  "run_2": 0.8397388627088931,
  "run_3": 0.8429633074445488,
  "run_4": 0.8436919770661855,
  "run_5": 0.8405046543224494,
  "run_6": 0.8401244116507658,
  "run_7": 0.8421964193949167,
  "run_8": 0.8433747092915334,
  "run_9": 0.8433494617583033,
  "run_10": 0.8370715381807077,
  "run_11": 0.8446856425630666,
  "run_12": 0.8435266175014317,
  "run_13": 0.8427722224294298,
  "run_14": 0.8398691065552002,
  "run_15": 0.8432464028458914,
  "run_16": 0.8388345449737039,
  "run_17": 0.8425368944707544,
  "run_18": 0.8417140825858284,
  "run_19": 0.8426567067636269,
  "run_20": 0.8405658173155356,
  "run_21": 0.8424963951989145,
  "run_22": 0.8402671307356094,
  "run_23": 0.841958075085985,
  "run_24": 0.8403313890597234,
  "run_25": 0.8420547956625788,
  "run_26": 0.8401999981762858,
  "run_27": 0.841182745711275,
  "run_28": 0.8431648614658871,
  "run_29": 0.8401313488443681,
  "run_30": 0.8413259863996169,
  "run_31": 0.8406238671734916,
  "run_32": 0.839320495481271,
  "run_33": 0.8436846628291024,
  "run_34": 0.8417178797434549,
  "run_35": 0.8438591904549765,
  "run_36": 0.8410596603990936,
  "run_37": 0.8394931778894552,
  "run_38": 0.8429594739215129,
  "run_39": 0.8444752787419659,
  "run_40": 0.8424145024830508,
  "run_41": 0.841668110748092,
  "run_42": 0.8428545697569064,
  "run_43": 0.8387357136775633,
  "run_44": 0.8411818156191705,
  "run_45": 0.8419235595155095,
  "run_46": 0.8443021948216846,
  "run_47": 0.8408061736386568,
  "run_48": 0.8425178171970067,
  "run_49": 0.8413184165953433,
  "run_50": 0.8424493251438163,
  "run_51": 0.8405639102693989,
  "run_52": 0.8424820320782237,
  "run_53": 0.8404397708209701,
  "run_54": 0.8408479181285198,
  "run_55": 0.8419137796458864,
  "run_56": 0.8434122369230943,
  "run_57": 0.8408854444453122,
  "run_58": 0.8411567044543629,
  "run_59": 0.8431571500542656,
  "run_60": 0.8405250525848199,
  "run_61": 0.8437860135246333,
  "run_62": 0.8429403400173683,
  "run_63": 0.8425782917886012,
  "run_64": 0.8424612754548043,
  "run_65": 0.8373208907069076,
  "run_66": 0.8388246510894639,
  "run_67": 0.843252309600745,
  "run_68": 0.8400978863241908,
  "run_69": 0.8417356573532728,
  "run_70": 0.8412233145168733,
  "run_71": 0.8454475193635209,
  "run_72": 0.8419153571166437,
  "run_73": 0.837459667864725,
  "run_74": 0.8390497278697333,
  "run_75": 0.8407377853351817,
  "run_76": 0.8413209851975904,
  "run_77": 0.8421326748418904,
  "run_78": 0.8425992876418952,
  "run_79": 0.8422525024342574,
  "run_80": 0.8424726770384228,
  "run_81": 0.8432378712612234,
  "run_82": 0.8436014242534557,
  "run_83": 0.840062005118539,
  "run_84": 0.840503837304569,
  "run_85": 0.8433365648309171,
  "run_86": 0.8417270596231572,
  "run_87": 0.8420750042071403,
  "run_88": 0.8421680314159619,
  "run_89": 0.8409655616336686,
  "run_90": 0.8412772330499665,
  "run_91": 0.8435404040971574,
  "run_92": 0.8447866296680315,
  "run_93": 0.8395078784819825,
  "run_94": 0.8432138422666667,
  "run_95": 0.8410217437355513,
  "run_96": 0.8415551471476246,
  "run_97": 0.8429321493203275,
  "run_98": 0.8399565577311329,
  "run_99": 0.8402623422602988
}