{
  "run_0": 2.3196577504329388,
  "run_1": 2.3288995909035575,
  "run_2": 2.324139218674605,
  "run_3": 2.3257755794326536,
  "run_4": 2.32844045000879,
  "run_5": 2.325483066223914,
  "run_6": 2.3274141371024633,
  "run_7": 2.319404095681963,
  "run_8": 2.3321212651026872,
  "run_9": 2.326627741842239,
  "run_10": 2.3271281595061373,
  "run_11": 2.3246698915330755,
  "run_12": 2.324622466520683,
  "run_13": 2.327395783855534,
  "run_14": 2.335552379790573,
  "run_15": 2.3251015106917214,
  "run_16": 2.330939328995501,
  "run_17": 2.3289311905371166,
  "run_18": 2.327018581097958,
  "run_19": 2.322681181914198,
  "run_20": 2.3257297889425077,
  "run_21": 2.3265759426809334,
  "run_22": 2.3227816421759155,
  "run_23": 2.3245403073943227,
  "run_24": 2.3237224442535727,
  "run_25": 2.3311258503275165,
  "run_26": 2.3236254954848405,
  "run_27": 2.321550552919833,
  "run_28": 2.324042867281989,
  "run_29": 2.3277239743130664,
  "run_30": 2.3321414187155547,
  "run_31": 2.3238780203989395,
  "run_32": 2.32680135851513,
  "run_33": 2.3295949145353356,
  "run_34": 2.3232330700896915,
  "run_35": 2.3345056127333197,
  "run_36": 2.326963217926229,
  "run_37": 2.3261258307819315,
  "run_38": 2.3191845491231406,
  "run_39": 2.3292687784226342,
  "run_40": 2.3286840801075535,
  "run_41": 2.325333817323494,
  "run_42": 2.321152055377348,
  "run_43": 2.326454426334786,
  "run_44": 2.331707951258382,
  "run_45": 2.3266567872823476,
  "run_46": 2.3288402558627896,
  "run_47": 2.3302934827925132,
  "run_48": 2.3314298429782454,
  "run_49": 2.3243252122214484,
  "run_50": 2.3246405506584744,
  "run_51": 2.326362710790305,
  "run_52": 2.3274364650958868,
  "run_53": 2.3285996199890056,
  "run_54": 2.32505732921242,
  "run_55": 2.3225439450313887,
  "run_56": 2.330075175140144,
  "run_57": 2.3239131063159686,
  "run_58": 2.3226347688432014,
  "run_59": 2.3294190943719313,
  "run_60": 2.325265737330905,
  "run_61": 2.3220536376838807,
  "run_62": 2.3204556102133758,
  "run_63": 2.3281939937209515,
  "run_64": 2.3208259607927944,
  "run_65": 2.3273824352585297,
  "run_66": 2.3283366172969835,
  "run_67": 2.31791906166432,
  "run_68": 2.323146297256002,
  "run_69": 2.328635497027962,
  "run_70": 2.3204721543541664,
  "run_71": 2.3312716230296053,
  "run_72": 2.3330242547139464,
  "run_73": 2.3253613487920224,
  "run_74": 2.3258918844375867,
  "run_75": 2.3213026290600625,
  "run_76": 2.328368447453565,
  "run_77": 2.330157253059192,
  "run_78": 2.3298796976463443,
  "run_79": 2.3226911874049447,
  "run_80": 2.327931476169587,
  "run_81": 2.3275509015463935,
  "run_82": 2.3366244407989645,
  "run_83": 2.326148657895806,
  "run_84": 2.323841647952262,
  "run_85": 2.326992045006314,
  "run_86": 2.3295305949127867,
  "run_87": 2.3285772064481396,
  "run_88": 2.322238310768097,
  "run_89": 2.32777810658999,
  "run_90": 2.329264016574271,
  "run_91": 2.3181292567970164,
  "run_92": 2.330680975519241,
  "run_93": 2.3280043442046603,
  "run_94": 2.3231184117079273,
  "run_95": 2.322964044549606,
  "run_96": 2.33575438668165,
  "run_97": 2.3231485149469866,
  "run_98": 2.3256550945666956,
  "run_99": 2.323624956397536
}