{
  "run_0": 2.0519540996382273,
  "run_1": 2.0524194925441077,
  "run_2": 2.0527927200862663,
  "run_3": 2.0517749102653924,
  "run_4": 2.0584286182646756,
  "run_5": 2.0539323725621834,
  "run_6": 2.0474032406062848,
  "run_7": 2.0514638687796514,
  "run_8": 2.0528473287190967,
  "run_9": 2.0570398624684247,
  "run_10": 2.052631254291553,
  "run_11": 2.053340863758976,
  "run_12": 2.051939785591267,
  "run_13": 2.0542835547717164,
  "run_14": 2.050326946828813,
  "run_15": 2.052751003600125,
  "run_16": 2.0509493027368055,
  "run_17": 2.056433791535741,
  "run_18": 2.051410464528913,
  "run_19": 2.051975578139229,
  "run_20": 2.053199435814328,
  "run_21": 2.0557477125705828,
  "run_22": 2.051567137464318,
  "run_23": 2.059626697805331,
  "run_24": 2.052237866228176,
  "run_25": 2.0546954977116734,
  "run_26": 2.0543787599318546,
  "run_27": 2.0467198612959434,
  "run_28": 2.054673198759753,
  "run_29": 2.0513435831539666,
  "run_30": 2.0528312680849083,
  "run_31": 2.0536824281449975,
  "run_32": 2.052717629807724,
  "run_33": 2.0523098598437897,
  "run_34": 2.0556549802346464,
  "run_35": 2.056129789560646,
  "run_36": 2.0568485643349255,
  "run_37": 2.0555987782677136,
  "run_38": 2.0552028075736373,
  "run_39": 2.055228366856965,
  "run_40": 2.053284322211343,
  "run_41": 2.054207715704402,
  "run_42": 2.0495915444367405,
  "run_43": 2.051969972097755,
  "run_44": 2.0554617101875836,
  "run_45": 2.05338045758438,
  "run_46": 2.053507449139802,
  "run_47": 2.052702906302491,
  "run_48": 2.0527470733630984,
  "run_49": 2.054796931845449,
  "run_50": 2.054576184505074,
  "run_51": 2.05783125087457,
  "run_52": 2.0499173607462464,
  "run_53": 2.0518663467533873,
  "run_54": 2.059418090374789,
  "run_55": 2.0578547471138915,
  "run_56": 2.053344388157269,
  "run_57": 2.0520745213526927,
  "run_58": 2.0527446020858653,
  "run_59": 2.050913799041926,
  "run_60": 2.0550239408245994,
  "run_61": 2.052202643686999,
  "run_62": 2.05220765820812,
  "run_63": 2.054294328325214,
  "run_64": 2.0547169991935004,
  "run_65": 2.0548806459673576,
  "run_66": 2.052538086555314,
  "run_67": 2.0513618916358953,
  "run_68": 2.047113229940795,
  "run_69": 2.0526572810737203,
  "run_70": 2.050726805018217,
  "run_71": 2.0494176936335817,
  "run_72": 2.048303836121327,
  "run_73": 2.0543742468888024,
  "run_74": 2.060307349887264,
  "run_75": 2.0552435893641374,
  "run_76": 2.0554746724512736,
  "run_77": 2.0539783683516557,
  "run_78": 2.059151695157434,
  "run_79": 2.0508504184519736,
  "run_80": 2.0512895141949516,
  "run_81": 2.0532449505744563,
  "run_82": 2.0561711321309986,
  "run_83": 2.0571373257495225,
  "run_84": 2.051322093868762,
  "run_85": 2.0576389288434895,
  "run_86": 2.052625906587323,
  "run_87": 2.0518292397732036,
  "run_88": 2.052679423512274,
  "run_89": 2.0554451788129873,
  "run_90": 2.0562969766271264,
  "run_91": 2.0537104010923395,
  "run_92": 2.051850878629871,
  "run_93": 2.0554993728275024,
  "run_94": 2.0515814819259823,
  "run_95": 2.057774475324071,
  "run_96": 2.0527581866122095,
  "run_97": 2.0536471914486545,
  "run_98": 2.0526176952136628,
  "run_99": 2.0493382377762823
}