{
  "run_0": 2.0550607286513345,
  "run_1": 2.0547266928358527,
  "run_2": 2.0500177350840607,
  "run_3": 2.058990200476766,
  "run_4": 2.052968794018066,
  "run_5": 2.05060931859281,
  "run_6": 2.055291195157151,
  "run_7": 2.0538416609024766,
  "run_8": 2.050363889312667,
  "run_9": 2.057603826979025,
  "run_10": 2.053127642129148,
  "run_11": 2.0527807780160803,
  "run_12": 2.0568121449325956,
  "run_13": 2.057903358349071,
  "run_14": 2.0518003842456456,
  "run_15": 2.052998074165676,
  "run_16": 2.0578022213134957,
  "run_17": 2.0539348530362944,
  "run_18": 2.053570864674822,
  "run_19": 2.055914082909021,
  "run_20": 2.0539997378933554,
  "run_21": 2.0548244406616933,
  "run_22": 2.052074977373515,
  "run_23": 2.051819254225318,
  "run_24": 2.0526875863122016,
  "run_25": 2.05554259743968,
  "run_26": 2.0544102753574967,
  "run_27": 2.0547331003969407,
  "run_28": 2.056029044602102,
  "run_29": 2.0523647753302154,
  "run_30": 2.0525081260357134,
  "run_31": 2.0504649898538507,
  "run_32": 2.0537286455522867,
  "run_33": 2.0600258071399584,
  "run_34": 2.054170452591949,
  "run_35": 2.054718664890744,
  "run_36": 2.0538794522140327,
  "run_37": 2.052714207046507,
  "run_38": 2.050445863436566,
  "run_39": 2.054484547363754,
  "run_40": 2.053989399714292,
  "run_41": 2.053866376701502,
  "run_42": 2.053318402839285,
  "run_43": 2.0492444071120293,
  "run_44": 2.0494766329533527,
  "run_45": 2.056542727103077,
  "run_46": 2.0553224182673397,
  "run_47": 2.0514118538560933,
  "run_48": 2.048564280601456,
  "run_49": 2.0443721803179855,
  "run_50": 2.0527075176553575,
  "run_51": 2.0557933151735717,
  "run_52": 2.058919143479888,
  "run_53": 2.058494438698024,
  "run_54": 2.055220268712554,
  "run_55": 2.0524570513777647,
  "run_56": 2.053516076272385,
  "run_57": 2.0513300140642907,
  "run_58": 2.0512927382018766,
  "run_59": 2.0546944981891886,
  "run_60": 2.053273555249591,
  "run_61": 2.050748009914077,
  "run_62": 2.0526300744511503,
  "run_63": 2.0498207048519492,
  "run_64": 2.052990531752663,
  "run_65": 2.0564770425385523,
  "run_66": 2.053039154833126,
  "run_67": 2.0591518004707017,
  "run_68": 2.056428473158169,
  "run_69": 2.0506565507511945,
  "run_70": 2.0542315828574713,
  "run_71": 2.05792718176121,
  "run_72": 2.056795216474015,
  "run_73": 2.0532393738818158,
  "run_74": 2.056810493886655,
  "run_75": 2.054341963913924,
  "run_76": 2.0507709152216,
  "run_77": 2.0507763671573693,
  "run_78": 2.0497902424000527,
  "run_79": 2.0569277223989104,
  "run_80": 2.051694084411914,
  "run_81": 2.0537589359296695,
  "run_82": 2.0592780222487423,
  "run_83": 2.0573668284524063,
  "run_84": 2.0483571275395014,
  "run_85": 2.05598231411257,
  "run_86": 2.0598688807107615,
  "run_87": 2.054863583885342,
  "run_88": 2.054859971765212,
  "run_89": 2.051957828420994,
  "run_90": 2.056960040525517,
  "run_91": 2.0519454686757808,
  "run_92": 2.058587478979694,
  "run_93": 2.0509383678271256,
  "run_94": 2.051131445787194,
  "run_95": 2.051073328182933,
  "run_96": 2.057441001328517,
  "run_97": 2.058650711054007,
  "run_98": 2.0539363397458166,
  "run_99": 2.059662310243036
}