{
  "run_0": 2.057135355995384,
  "run_1": 2.04657415495112,
  "run_2": 2.05259337532474,
  "run_3": 2.054860278563189,
  "run_4": 2.055072177507216,
  "run_5": 2.059051231088746,
  "run_6": 2.054955226339409,
  "run_7": 2.0508728286841165,
  "run_8": 2.057208912161377,
  "run_9": 2.0538412284582437,
  "run_10": 2.0523957796726497,
  "run_11": 2.0555231367907902,
  "run_12": 2.0556242441286128,
  "run_13": 2.052363373542649,
  "run_14": 2.048282558892242,
  "run_15": 2.0488677508260933,
  "run_16": 2.052982099612396,
  "run_17": 2.0540908796240545,
  "run_18": 2.0528642002126265,
  "run_19": 2.05120994973801,
  "run_20": 2.0595208843484913,
  "run_21": 2.0540763910213435,
  "run_22": 2.054980333925267,
  "run_23": 2.052831246164806,
  "run_24": 2.05283364289721,
  "run_25": 2.055925597624643,
  "run_26": 2.0555059931327975,
  "run_27": 2.052454012568794,
  "run_28": 2.0538853443954466,
  "run_29": 2.050188490451202,
  "run_30": 2.0602255831925693,
  "run_31": 2.0582328920804382,
  "run_32": 2.051605255612766,
  "run_33": 2.05562308483857,
  "run_34": 2.053540336205427,
  "run_35": 2.056518283619443,
  "run_36": 2.0546799994009795,
  "run_37": 2.0530528798573764,
  "run_38": 2.054055922864773,
  "run_39": 2.0544155929569485,
  "run_40": 2.055388456406921,
  "run_41": 2.0579366961898957,
  "run_42": 2.054550306506143,
  "run_43": 2.0544891367929154,
  "run_44": 2.055088873153813,
  "run_45": 2.054677963391084,
  "run_46": 2.05575829390495,
  "run_47": 2.0533732120515453,
  "run_48": 2.055612840287555,
  "run_49": 2.057416950044469,
  "run_50": 2.057172535063714,
  "run_51": 2.0523505898573915,
  "run_52": 2.052356662293462,
  "run_53": 2.051014165137842,
  "run_54": 2.0508200943980595,
  "run_55": 2.0586493724034676,
  "run_56": 2.054445635804291,
  "run_57": 2.0559398103599382,
  "run_58": 2.0562825723320612,
  "run_59": 2.0545266665773108,
  "run_60": 2.051787701923007,
  "run_61": 2.058462426909765,
  "run_62": 2.051324272517845,
  "run_63": 2.0545571396924065,
  "run_64": 2.057132101219989,
  "run_65": 2.0544297850489945,
  "run_66": 2.052630252674647,
  "run_67": 2.0536712744940013,
  "run_68": 2.0507202849469808,
  "run_69": 2.0543203581495884,
  "run_70": 2.051741049408104,
  "run_71": 2.0542173328440554,
  "run_72": 2.0531462736254746,
  "run_73": 2.0575834741396424,
  "run_74": 2.0499158453769963,
  "run_75": 2.0549607173410447,
  "run_76": 2.060582222913917,
  "run_77": 2.052190280748241,
  "run_78": 2.0525537893151085,
  "run_79": 2.053617108178738,
  "run_80": 2.0562586522432205,
  "run_81": 2.0518351635491117,
  "run_82": 2.0530001761204946,
  "run_83": 2.0512686890208056,
  "run_84": 2.054291927335418,
  "run_85": 2.05109582519113,
  "run_86": 2.0477519896358634,
  "run_87": 2.050584464838653,
  "run_88": 2.0523373746435176,
  "run_89": 2.059299951122122,
  "run_90": 2.052546734815163,
  "run_91": 2.0599430803332313,
  "run_92": 2.0510579386908274,
  "run_93": 2.051916058852288,
  "run_94": 2.051778656590468,
  "run_95": 2.0544284006519895,
  "run_96": 2.0569218998172594,
  "run_97": 2.0551534347185876,
  "run_98": 2.0521707835448906,
  "run_99": 2.051277009433842
}