{
  "run_0": 1.2835697913859967,
  "run_1": 1.2841281983222625,
  "run_2": 1.28269573526934,
  "run_3": 1.280705220173849,
  "run_4": 1.279730599346138,
  "run_5": 1.2826902640855102,
  "run_6": 1.282847517528893,
  "run_7": 1.2812978472072758,
  "run_8": 1.2792282731647224,
  "run_9": 1.2802534571281288,
  "run_10": 1.281526925368886,
  "run_11": 1.28265975971923,
  "run_12": 1.286476565731503,
  "run_13": 1.2829684857731172,
  "run_14": 1.2825609381622338,
  "run_15": 1.282049402583005,
  "run_16": 1.2827933773552151,
  "run_17": 1.2840490908291562,
  "run_18": 1.2810625066102865,
  "run_19": 1.2815114577629023,
  "run_20": 1.2777158954675196,
  "run_21": 1.279863957027659,
  "run_22": 1.2826592643700412,
  "run_23": 1.2796625860010225,
  "run_24": 1.2823305364557025,
  "run_25": 1.2839612538907061,
  "run_26": 1.280569878773469,
  "run_27": 1.2802659878263127,
  "run_28": 1.2834420240064057,
  "run_29": 1.2810056570096202,
  "run_30": 1.282872708949021,
  "run_31": 1.281536234308644,
  "run_32": 1.282491294934967,
  "run_33": 1.2804487776263258,
  "run_34": 1.2842348068968346,
  "run_35": 1.281425562814872,
  "run_36": 1.2813595261985264,
  "run_37": 1.2824594523071329,
  "run_38": 1.279775588054039,
  "run_39": 1.2836069453673593,
  "run_40": 1.2803859240572573,
  "run_41": 1.2818889701461682,
  "run_42": 1.28317044838044,
  "run_43": 1.282222381390114,
  "run_44": 1.2807208712179357,
  "run_45": 1.2809228534304244,
  "run_46": 1.2821452965419964,
  "run_47": 1.283635818434753,
  "run_48": 1.2811738776561206,
  "run_49": 1.2809433954204124,
  "run_50": 1.2818040864390055,
  "run_51": 1.2813057412429032,
  "run_52": 1.2819483035981858,
  "run_53": 1.280114701172245,
  "run_54": 1.2838335919661585,
  "run_55": 1.2816436034920053,
  "run_56": 1.281633134162496,
  "run_57": 1.2803079175654177,
  "run_58": 1.2811132883198169,
  "run_59": 1.283174287474552,
  "run_60": 1.2838213066604496,
  "run_61": 1.2810092421060122,
  "run_62": 1.2796169057407956,
  "run_63": 1.2812024837079186,
  "run_64": 1.280464498178414,
  "run_65": 1.278960149546205,
  "run_66": 1.2809869462674792,
  "run_67": 1.2789265226985578,
  "run_68": 1.2824263489320331,
  "run_69": 1.2834798936793832,
  "run_70": 1.279879118419294,
  "run_71": 1.2839300617774851,
  "run_72": 1.2818040350671673,
  "run_73": 1.2803015170217673,
  "run_74": 1.2825315524542207,
  "run_75": 1.2845995550604412,
  "run_76": 1.282493389835907,
  "run_77": 1.2815273961072047,
  "run_78": 1.2814424083037004,
  "run_79": 1.281723032719946,
  "run_80": 1.2834608782713386,
  "run_81": 1.28246151964079,
  "run_82": 1.2822070853726577,
  "run_83": 1.2835390566957887,
  "run_84": 1.2815934733923078,
  "run_85": 1.2833916329790012,
  "run_86": 1.2811459725897245,
  "run_87": 1.2827885102387084,
  "run_88": 1.2855918274159488,
  "run_89": 1.2827705199193886,
  "run_90": 1.2804782737575442,
  "run_91": 1.282016997299281,
  "run_92": 1.281069478452795,
  "run_93": 1.2817861576087068,
  "run_94": 1.2778776078467127,
  "run_95": 1.2787041686441305,
  "run_96": 1.2821908641579776,
  "run_97": 1.2800742087556118,
  "run_98": 1.2795218007137292,
  "run_99": 1.2833587428330053
}