{
  "run_0": 0.8410856535087402,
  "run_1": 0.8389445509971404,
  "run_2": 0.8431475446681694,
  "run_3": 0.8416237425708659,
  "run_4": 0.8427819993385515,
  "run_5": 0.8446618054165058,
  "run_6": 0.8421388415032395,
  "run_7": 0.8406216176271194,
  "run_8": 0.8412644611491876,
  "run_9": 0.8434130551221269,
  "run_10": 0.841291337357727,
  "run_11": 0.842625948826807,
  "run_12": 0.8431436810200663,
  "run_13": 0.8400597234719712,
  "run_14": 0.84111078338699,
  "run_15": 0.841244446747664,
  "run_16": 0.8414361659492059,
  "run_17": 0.8399781585683486,
  "run_18": 0.8400716473124408,
  "run_19": 0.8396558613930881,
  "run_20": 0.8403692572711036,
  "run_21": 0.8435068869070862,
  "run_22": 0.8403973090223384,
  "run_23": 0.8416614514970471,
  "run_24": 0.8423352850504323,
  "run_25": 0.8408855816968076,
  "run_26": 0.8414822161579136,
  "run_27": 0.8415659981552858,
  "run_28": 0.8408865219734536,
  "run_29": 0.8414513003997909,
  "run_30": 0.8421491716075333,
  "run_31": 0.8385475966385121,
  "run_32": 0.8410366490998027,
  "run_33": 0.842204436810165,
  "run_34": 0.8439625819769401,
  "run_35": 0.842079344151393,
  "run_36": 0.8413025732466165,
  "run_37": 0.8416466768420444,
  "run_38": 0.8422137801487728,
  "run_39": 0.8439646645194484,
  "run_40": 0.8421556663866643,
  "run_41": 0.8427085888300556,
  "run_42": 0.8413966359448668,
  "run_43": 0.8390417397844516,
  "run_44": 0.8405261106011502,
  "run_45": 0.8409917415296398,
  "run_46": 0.8429122573529134,
  "run_47": 0.8404308934919054,
  "run_48": 0.8405559385796895,
  "run_49": 0.8437580761026752,
  "run_50": 0.8415881845640626,
  "run_51": 0.8427778809900415,
  "run_52": 0.8413758891492295,
  "run_53": 0.8411578192163469,
  "run_54": 0.8405748250101693,
  "run_55": 0.8433886001284315,
  "run_56": 0.8415087597173081,
  "run_57": 0.8422984864895434,
  "run_58": 0.8410365897987541,
  "run_59": 0.843809851105668,
  "run_60": 0.8430271311672506,
  "run_61": 0.8413435941337452,
  "run_62": 0.8418916532065222,
  "run_63": 0.8416761198122722,
  "run_64": 0.839894259537663,
  "run_65": 0.8433750480799503,
  "run_66": 0.8452772163295258,
  "run_67": 0.8406151604924854,
  "run_68": 0.8438348278706874,
  "run_69": 0.8412471884712244,
  "run_70": 0.8424402270079979,
  "run_71": 0.8432819783437026,
  "run_72": 0.8420657703772771,
  "run_73": 0.8418022819249436,
  "run_74": 0.8411178309901752,
  "run_75": 0.8459287614750859,
  "run_76": 0.8388092384108917,
  "run_77": 0.8433960386032666,
  "run_78": 0.8439379657408665,
  "run_79": 0.8421274434639925,
  "run_80": 0.8420422961738302,
  "run_81": 0.8402853630097962,
  "run_82": 0.841980368144982,
  "run_83": 0.8416926250216037,
  "run_84": 0.842959698472297,
  "run_85": 0.8432141219445831,
  "run_86": 0.8411262726984042,
  "run_87": 0.8426513484402753,
  "run_88": 0.8439202006526932,
  "run_89": 0.842797108635592,
  "run_90": 0.8395859188265837,
  "run_91": 0.844149496583128,
  "run_92": 0.8416977115557752,
  "run_93": 0.8420420176486167,
  "run_94": 0.8439924807836695,
  "run_95": 0.8406032193313802,
  "run_96": 0.8397239519740685,
  "run_97": 0.8435908193808039,
  "run_98": 0.840912590794461,
  "run_99": 0.841757420774221
}