{
  "run_0": 2.3346259037498527,
  "run_1": 2.329517853028736,
  "run_2": 2.3280456617848895,
  "run_3": 2.3276616825889693,
  "run_4": 2.332627936009893,
  "run_5": 2.3254382425496223,
  "run_6": 2.330143389108312,
  "run_7": 2.329056098278226,
  "run_8": 2.3295343893970992,
  "run_9": 2.327903146961412,
  "run_10": 2.3267061123014217,
  "run_11": 2.322907460528779,
  "run_12": 2.323636204590993,
  "run_13": 2.3266790722218387,
  "run_14": 2.3238362059374063,
  "run_15": 2.322649687736721,
  "run_16": 2.3272271746417523,
  "run_17": 2.3271317961535805,
  "run_18": 2.336028177420044,
  "run_19": 2.3220387767148587,
  "run_20": 2.3201613215945867,
  "run_21": 2.326167002846099,
  "run_22": 2.3293090496685656,
  "run_23": 2.3275933648525244,
  "run_24": 2.3321738550251068,
  "run_25": 2.327312835591089,
  "run_26": 2.327133821415507,
  "run_27": 2.3290433619125457,
  "run_28": 2.329180871430468,
  "run_29": 2.3330133199977348,
  "run_30": 2.3236416760713055,
  "run_31": 2.3306450111938997,
  "run_32": 2.3320673925029616,
  "run_33": 2.329078823103041,
  "run_34": 2.3328320735245303,
  "run_35": 2.3263767272301616,
  "run_36": 2.3221178409074774,
  "run_37": 2.321862452129986,
  "run_38": 2.32577264117325,
  "run_39": 2.3257997494874494,
  "run_40": 2.329162652025843,
  "run_41": 2.3230476050338513,
  "run_42": 2.3248405183609995,
  "run_43": 2.330563787910733,
  "run_44": 2.3253565382594727,
  "run_45": 2.3267245953558486,
  "run_46": 2.3238612670258725,
  "run_47": 2.3220497687737907,
  "run_48": 2.3284419987347755,
  "run_49": 2.324178090520757,
  "run_50": 2.322397109062283,
  "run_51": 2.327102273201231,
  "run_52": 2.3314019704886735,
  "run_53": 2.3259572258756744,
  "run_54": 2.3261045363476973,
  "run_55": 2.329063627877953,
  "run_56": 2.3194443258979223,
  "run_57": 2.3249927462564397,
  "run_58": 2.3254534986972293,
  "run_59": 2.327944171133368,
  "run_60": 2.3333885526322753,
  "run_61": 2.323402533684286,
  "run_62": 2.3326688957668957,
  "run_63": 2.3283452499123167,
  "run_64": 2.3312426131708213,
  "run_65": 2.326493200106986,
  "run_66": 2.3259002949343603,
  "run_67": 2.325565838836663,
  "run_68": 2.3297909310037896,
  "run_69": 2.3370028316998837,
  "run_70": 2.320623890084903,
  "run_71": 2.330564638262199,
  "run_72": 2.3238939208619467,
  "run_73": 2.322551252994413,
  "run_74": 2.3272444263147323,
  "run_75": 2.3277937805734528,
  "run_76": 2.329067227722593,
  "run_77": 2.3258509210328175,
  "run_78": 2.3272266791254257,
  "run_79": 2.3240701641876376,
  "run_80": 2.3265339400322573,
  "run_81": 2.3243144026811406,
  "run_82": 2.3234000644607593,
  "run_83": 2.316622597685964,
  "run_84": 2.3293035016999135,
  "run_85": 2.327507533831744,
  "run_86": 2.331223728804,
  "run_87": 2.335432032610806,
  "run_88": 2.3306809989138,
  "run_89": 2.329105999717201,
  "run_90": 2.3261207488107063,
  "run_91": 2.324255549383911,
  "run_92": 2.329976140350726,
  "run_93": 2.323354251743482,
  "run_94": 2.3254333413548522,
  "run_95": 2.327222041582986,
  "run_96": 2.3243033809801186,
  "run_97": 2.3224790289080985,
  "run_98": 2.328666918778295,
  "run_99": 2.3223768083085683
}