{
  "run_0": 2.053546793035669,
  "run_1": 2.056436464685825,
  "run_2": 2.045977438774421,
  "run_3": 2.0566263479796496,
  "run_4": 2.047620569170413,
  "run_5": 2.0514959561751827,
  "run_6": 2.053426578119351,
  "run_7": 2.0543733591940523,
  "run_8": 2.0563780578833737,
  "run_9": 2.053687963735139,
  "run_10": 2.0573445064950753,
  "run_11": 2.0516350241380232,
  "run_12": 2.0518415948173514,
  "run_13": 2.0542168858537337,
  "run_14": 2.0523023519465933,
  "run_15": 2.0492018036617887,
  "run_16": 2.0547305084772565,
  "run_17": 2.054034922818615,
  "run_18": 2.0531091668827934,
  "run_19": 2.0536051202447454,
  "run_20": 2.052557353774154,
  "run_21": 2.0557041678718746,
  "run_22": 2.0509342825436576,
  "run_23": 2.0558562206351856,
  "run_24": 2.0575815825017116,
  "run_25": 2.0586625224585995,
  "run_26": 2.051709356971871,
  "run_27": 2.0566831623605353,
  "run_28": 2.0585452027698103,
  "run_29": 2.05204656158023,
  "run_30": 2.0522657697481392,
  "run_31": 2.0502293110768304,
  "run_32": 2.0595048124424054,
  "run_33": 2.050951462937868,
  "run_34": 2.050724126815382,
  "run_35": 2.0513391744827776,
  "run_36": 2.0542420051461696,
  "run_37": 2.0576919230253123,
  "run_38": 2.0548822628445618,
  "run_39": 2.0501673800522506,
  "run_40": 2.0566426832642524,
  "run_41": 2.0511898759108984,
  "run_42": 2.05386679213533,
  "run_43": 2.0548277676418,
  "run_44": 2.0507140556028456,
  "run_45": 2.05423518163809,
  "run_46": 2.0541045949414687,
  "run_47": 2.0544759107588937,
  "run_48": 2.0552565791417825,
  "run_49": 2.0522371962036736,
  "run_50": 2.0527019283608268,
  "run_51": 2.052949560751537,
  "run_52": 2.055856888005972,
  "run_53": 2.0544398840454283,
  "run_54": 2.0527784122325667,
  "run_55": 2.053734317172919,
  "run_56": 2.0519446857285764,
  "run_57": 2.054675109655351,
  "run_58": 2.054898242948094,
  "run_59": 2.048888015641233,
  "run_60": 2.0543676462067095,
  "run_61": 2.056966103317569,
  "run_62": 2.051995910531602,
  "run_63": 2.0562751277503075,
  "run_64": 2.05368913446287,
  "run_65": 2.0511758020764947,
  "run_66": 2.0583678530496003,
  "run_67": 2.0491191461339975,
  "run_68": 2.0575867697604604,
  "run_69": 2.054556700029849,
  "run_70": 2.0544756257471737,
  "run_71": 2.056124258496146,
  "run_72": 2.051832493328597,
  "run_73": 2.056327904871147,
  "run_74": 2.055174048946494,
  "run_75": 2.059059621209122,
  "run_76": 2.0569519043298943,
  "run_77": 2.053340448098809,
  "run_78": 2.0536375285531054,
  "run_79": 2.054925751081074,
  "run_80": 2.0557805362994372,
  "run_81": 2.0497822706670616,
  "run_82": 2.0510483453901145,
  "run_83": 2.0499884977098906,
  "run_84": 2.055152463297216,
  "run_85": 2.0508841163207383,
  "run_86": 2.051743394940377,
  "run_87": 2.0496459557480096,
  "run_88": 2.0532253843312938,
  "run_89": 2.0513710442998474,
  "run_90": 2.052312643821335,
  "run_91": 2.0524012569198202,
  "run_92": 2.0515833711328137,
  "run_93": 2.053155363296551,
  "run_94": 2.0490073449111827,
  "run_95": 2.0503605863904797,
  "run_96": 2.053721868650706,
  "run_97": 2.048940675741924,
  "run_98": 2.056692807502385,
  "run_99": 2.056046726023591
}