{
  "run_0": 2.0511338998967634,
  "run_1": 2.0567878929070935,
  "run_2": 2.0524313516748616,
  "run_3": 2.05300193474785,
  "run_4": 2.0575589121681865,
  "run_5": 2.050033526835485,
  "run_6": 2.052387138518637,
  "run_7": 2.049939568674035,
  "run_8": 2.050638643248653,
  "run_9": 2.0511949358587724,
  "run_10": 2.056147119802642,
  "run_11": 2.0511834132602704,
  "run_12": 2.05682051462937,
  "run_13": 2.058345843581732,
  "run_14": 2.0540415239922254,
  "run_15": 2.052418737369373,
  "run_16": 2.0502027446288382,
  "run_17": 2.054724710221275,
  "run_18": 2.05392717985157,
  "run_19": 2.052722933453884,
  "run_20": 2.05479741945908,
  "run_21": 2.056755633199189,
  "run_22": 2.0550106700136275,
  "run_23": 2.0556627410355075,
  "run_24": 2.055349360060819,
  "run_25": 2.05507063872649,
  "run_26": 2.051278749788154,
  "run_27": 2.0542775037341334,
  "run_28": 2.056175704074751,
  "run_29": 2.049882303068803,
  "run_30": 2.049838848658585,
  "run_31": 2.0582921448153875,
  "run_32": 2.0554881931887667,
  "run_33": 2.0546394138397392,
  "run_34": 2.053129095365516,
  "run_35": 2.050643473880825,
  "run_36": 2.0500755816792995,
  "run_37": 2.0539067251453185,
  "run_38": 2.052762472611811,
  "run_39": 2.055181423990955,
  "run_40": 2.054916886095609,
  "run_41": 2.0513170044298814,
  "run_42": 2.0541930368101524,
  "run_43": 2.058633576200366,
  "run_44": 2.0536252031024174,
  "run_45": 2.0545579790359674,
  "run_46": 2.057205421375104,
  "run_47": 2.0519213624580828,
  "run_48": 2.052099358964959,
  "run_49": 2.0535728653291305,
  "run_50": 2.0523961449637977,
  "run_51": 2.058218855233764,
  "run_52": 2.0522425732971454,
  "run_53": 2.0526225400740126,
  "run_54": 2.046090144652018,
  "run_55": 2.060051048636526,
  "run_56": 2.0502749464544316,
  "run_57": 2.0537576115307243,
  "run_58": 2.049825855454768,
  "run_59": 2.055904017440709,
  "run_60": 2.0520048679279017,
  "run_61": 2.0547512891482422,
  "run_62": 2.054963420355078,
  "run_63": 2.056859991794517,
  "run_64": 2.0498700216170676,
  "run_65": 2.0543924122829234,
  "run_66": 2.053093984814036,
  "run_67": 2.055469998074123,
  "run_68": 2.0532477998987173,
  "run_69": 2.0544851685167584,
  "run_70": 2.0534394392181694,
  "run_71": 2.0568946604600495,
  "run_72": 2.0542769784953894,
  "run_73": 2.0501785244049304,
  "run_74": 2.0542189834095943,
  "run_75": 2.055898067844614,
  "run_76": 2.053810303081426,
  "run_77": 2.0552346223991416,
  "run_78": 2.0554811878023957,
  "run_79": 2.053617859286845,
  "run_80": 2.0508506279181415,
  "run_81": 2.0526459997060433,
  "run_82": 2.054967657674952,
  "run_83": 2.05693969036144,
  "run_84": 2.0572006033119723,
  "run_85": 2.0498586803596415,
  "run_86": 2.0517023957628417,
  "run_87": 2.050880212463695,
  "run_88": 2.056771710357192,
  "run_89": 2.0539836195303542,
  "run_90": 2.0521900315239305,
  "run_91": 2.0547658675529723,
  "run_92": 2.0514040232804898,
  "run_93": 2.048661075977324,
  "run_94": 2.0503675899634253,
  "run_95": 2.0500902949006385,
  "run_96": 2.056030214099073,
  "run_97": 2.0566500076485195,
  "run_98": 2.045707863893798,
  "run_99": 2.055808351143128
}