{
  "run_0": 0.8424590592643878,
  "run_1": 0.8408635750703948,
  "run_2": 0.8410294686269174,
  "run_3": 0.8414643673546014,
  "run_4": 0.8435553974943872,
  "run_5": 0.8378759803358955,
  "run_6": 0.8404289989197815,
  "run_7": 0.8412475380941742,
  "run_8": 0.8409186535255351,
  "run_9": 0.841443514148953,
  "run_10": 0.8428070940642781,
  "run_11": 0.8418997181888795,
  "run_12": 0.8405274415417676,
  "run_13": 0.8425809713371185,
  "run_14": 0.8411157050577598,
  "run_15": 0.8415375179668381,
  "run_16": 0.8396739132183372,
  "run_17": 0.8401093699789506,
  "run_18": 0.8428679489444848,
  "run_19": 0.8418546153277109,
  "run_20": 0.8405402281800047,
  "run_21": 0.8427662151055426,
  "run_22": 0.841760292797494,
  "run_23": 0.8422882140058391,
  "run_24": 0.8410181063097791,
  "run_25": 0.8397328507213706,
  "run_26": 0.8429853990745151,
  "run_27": 0.8414500265643525,
  "run_28": 0.8411388480585226,
  "run_29": 0.8426526083825022,
  "run_30": 0.8390742790043062,
  "run_31": 0.8413240141026328,
  "run_32": 0.8412893973264159,
  "run_33": 0.8406520332861593,
  "run_34": 0.839358393342407,
  "run_35": 0.8428682653451616,
  "run_36": 0.8414545778590266,
  "run_37": 0.8421978564408228,
  "run_38": 0.8407336838256683,
  "run_39": 0.8411196366110923,
  "run_40": 0.8418258053254735,
  "run_41": 0.8414568126384625,
  "run_42": 0.8438851656580291,
  "run_43": 0.8397325746995782,
  "run_44": 0.8389662396850357,
  "run_45": 0.8440009234472681,
  "run_46": 0.8414035603173301,
  "run_47": 0.8422385690729385,
  "run_48": 0.8430438109726348,
  "run_49": 0.8407018235048828,
  "run_50": 0.8418172870183098,
  "run_51": 0.841743779756479,
  "run_52": 0.8399418698705745,
  "run_53": 0.8405875281750448,
  "run_54": 0.8428748158488505,
  "run_55": 0.8403248261504515,
  "run_56": 0.8407505864380247,
  "run_57": 0.8427400828936621,
  "run_58": 0.8421481064406282,
  "run_59": 0.8416074251012962,
  "run_60": 0.8413488671665649,
  "run_61": 0.8401731801308919,
  "run_62": 0.8423676058385673,
  "run_63": 0.841660162972829,
  "run_64": 0.8419445924916138,
  "run_65": 0.840893203635914,
  "run_66": 0.8436410220925976,
  "run_67": 0.841057291785339,
  "run_68": 0.8406479924368797,
  "run_69": 0.8394162932916135,
  "run_70": 0.8424143283416243,
  "run_71": 0.84185791499566,
  "run_72": 0.8417917544736484,
  "run_73": 0.8417991073168403,
  "run_74": 0.8432365760545469,
  "run_75": 0.8424072898783292,
  "run_76": 0.8426056638046214,
  "run_77": 0.8426475715293965,
  "run_78": 0.840411147549373,
  "run_79": 0.8416079312516344,
  "run_80": 0.8406317409188383,
  "run_81": 0.8400116700420026,
  "run_82": 0.8421964563155395,
  "run_83": 0.8407539029979877,
  "run_84": 0.8429063602847127,
  "run_85": 0.8431509259105352,
  "run_86": 0.8430953245882851,
  "run_87": 0.842421238375021,
  "run_88": 0.8427214354404513,
  "run_89": 0.841338416611355,
  "run_90": 0.8407346956721676,
  "run_91": 0.8419268285705661,
  "run_92": 0.8435500178647701,
  "run_93": 0.8406430774448856,
  "run_94": 0.8398842342931785,
  "run_95": 0.842493250690314,
  "run_96": 0.8424967894085087,
  "run_97": 0.8421081167326915,
  "run_98": 0.8401540113594713,
  "run_99": 0.84163042025433
}