{
  "run_0": 2.3271804674989474,
  "run_1": 2.3247700426316293,
  "run_2": 2.3267180677050483,
  "run_3": 2.31866815185476,
  "run_4": 2.321168421587407,
  "run_5": 2.3221188415588148,
  "run_6": 2.3157117073273454,
  "run_7": 2.321518313962197,
  "run_8": 2.3260971244720676,
  "run_9": 2.3230452334414036,
  "run_10": 2.320807769216419,
  "run_11": 2.3250104047658415,
  "run_12": 2.328835055207353,
  "run_13": 2.330273790334547,
  "run_14": 2.327424378250459,
  "run_15": 2.3250144058802915,
  "run_16": 2.3288026108437614,
  "run_17": 2.3276211021977735,
  "run_18": 2.322450816348982,
  "run_19": 2.3237514181839076,
  "run_20": 2.334051945887042,
  "run_21": 2.323531507649127,
  "run_22": 2.327185198567513,
  "run_23": 2.3275375774501277,
  "run_24": 2.3323484601899427,
  "run_25": 2.3223505746546254,
  "run_26": 2.326716347869344,
  "run_27": 2.320576984941825,
  "run_28": 2.322427663660798,
  "run_29": 2.330822991061533,
  "run_30": 2.3267075719142123,
  "run_31": 2.326217465465187,
  "run_32": 2.3248247410695173,
  "run_33": 2.320871859444083,
  "run_34": 2.3277095212738343,
  "run_35": 2.329332663659856,
  "run_36": 2.323609416944144,
  "run_37": 2.323609664620563,
  "run_38": 2.3319107798838887,
  "run_39": 2.3287576064710014,
  "run_40": 2.3237031687891805,
  "run_41": 2.3217667106042517,
  "run_42": 2.3263166235125627,
  "run_43": 2.328232608010736,
  "run_44": 2.323687349109862,
  "run_45": 2.335094638328662,
  "run_46": 2.3224391343787847,
  "run_47": 2.3251364856823993,
  "run_48": 2.336064897678513,
  "run_49": 2.332526180980658,
  "run_50": 2.327344111834568,
  "run_51": 2.3220936948545177,
  "run_52": 2.331682317897293,
  "run_53": 2.3276005110755027,
  "run_54": 2.326710371318665,
  "run_55": 2.3243746579462026,
  "run_56": 2.3210983347540863,
  "run_57": 2.32135488748751,
  "run_58": 2.3221957479087374,
  "run_59": 2.3335358643932915,
  "run_60": 2.3312250657659277,
  "run_61": 2.326227415508522,
  "run_62": 2.32563815764249,
  "run_63": 2.328282444147609,
  "run_64": 2.3291465161247045,
  "run_65": 2.335154404041292,
  "run_66": 2.3253461137028846,
  "run_67": 2.335512833215473,
  "run_68": 2.3222840847878428,
  "run_69": 2.3363371660441175,
  "run_70": 2.3199652152489216,
  "run_71": 2.326842018766107,
  "run_72": 2.321527093290487,
  "run_73": 2.3301164110931296,
  "run_74": 2.330306613653017,
  "run_75": 2.3276768027915424,
  "run_76": 2.3261875918115984,
  "run_77": 2.3234850160621785,
  "run_78": 2.3258627523838467,
  "run_79": 2.32858027048609,
  "run_80": 2.3261477051809556,
  "run_81": 2.325909666181636,
  "run_82": 2.3287046072730173,
  "run_83": 2.328939905574158,
  "run_84": 2.328017887726772,
  "run_85": 2.324240366204684,
  "run_86": 2.3289630786874964,
  "run_87": 2.3242710397423636,
  "run_88": 2.33024530304541,
  "run_89": 2.325394983456313,
  "run_90": 2.3263660577863567,
  "run_91": 2.3298775735207284,
  "run_92": 2.3219830578424254,
  "run_93": 2.3267160670051568,
  "run_94": 2.325891675793571,
  "run_95": 2.323380441963374,
  "run_96": 2.3238264607112473,
  "run_97": 2.33123685428442,
  "run_98": 2.327522316786449,
  "run_99": 2.3269199397294766
}