{
  "run_0": 1.2822101792014573,
  "run_1": 1.282463754290079,
  "run_2": 1.2804488077155916,
  "run_3": 1.27990677419583,
  "run_4": 1.2829394087115396,
  "run_5": 1.2811769174546543,
  "run_6": 1.2808107042670238,
  "run_7": 1.2821220447374073,
  "run_8": 1.2847095488858484,
  "run_9": 1.2811479761587043,
  "run_10": 1.2816025744530135,
  "run_11": 1.2822885192040239,
  "run_12": 1.2805598209159594,
  "run_13": 1.2820703486702922,
  "run_14": 1.2810560973585061,
  "run_15": 1.2811712915074254,
  "run_16": 1.2828029415779518,
  "run_17": 1.2819201704371275,
  "run_18": 1.2791105147359187,
  "run_19": 1.2828941762005615,
  "run_20": 1.2818501013992334,
  "run_21": 1.2834046121677871,
  "run_22": 1.281160252783327,
  "run_23": 1.2812914700451155,
  "run_24": 1.2793813523616202,
  "run_25": 1.2808270381082933,
  "run_26": 1.2804215604275675,
  "run_27": 1.284247626243178,
  "run_28": 1.2809269804844707,
  "run_29": 1.2805307824314345,
  "run_30": 1.2817243235427247,
  "run_31": 1.27873927141769,
  "run_32": 1.2819023369306604,
  "run_33": 1.2830899057848635,
  "run_34": 1.2831829437159632,
  "run_35": 1.2816772717550409,
  "run_36": 1.2818926122511691,
  "run_37": 1.2815511583188504,
  "run_38": 1.281184499036744,
  "run_39": 1.284670889417328,
  "run_40": 1.2817416956241883,
  "run_41": 1.2835503264273447,
  "run_42": 1.281126278662231,
  "run_43": 1.2787300728779798,
  "run_44": 1.2840008407605201,
  "run_45": 1.2810385431625033,
  "run_46": 1.2808301831638238,
  "run_47": 1.280486993311488,
  "run_48": 1.2817062700537867,
  "run_49": 1.2822220197624812,
  "run_50": 1.2846428118594657,
  "run_51": 1.2808068701910784,
  "run_52": 1.2803003573118787,
  "run_53": 1.2816849375052919,
  "run_54": 1.282184691968324,
  "run_55": 1.2812400169912492,
  "run_56": 1.2828121591772534,
  "run_57": 1.2830838451342692,
  "run_58": 1.2835791368166074,
  "run_59": 1.2813548382700235,
  "run_60": 1.2842150661015839,
  "run_61": 1.2840731317546976,
  "run_62": 1.2795614309492103,
  "run_63": 1.2820582638818667,
  "run_64": 1.2835329696289708,
  "run_65": 1.2848209654494278,
  "run_66": 1.2815218670236277,
  "run_67": 1.282628750679144,
  "run_68": 1.2821404069593778,
  "run_69": 1.2837846353434264,
  "run_70": 1.2803539693010362,
  "run_71": 1.2826139744920084,
  "run_72": 1.2842871110147944,
  "run_73": 1.2765286050540983,
  "run_74": 1.2834640716857286,
  "run_75": 1.28173037751754,
  "run_76": 1.2811994236302118,
  "run_77": 1.2815942276810106,
  "run_78": 1.2781459833005278,
  "run_79": 1.2813111291576256,
  "run_80": 1.2820308074318265,
  "run_81": 1.2796512985990298,
  "run_82": 1.2806565018080005,
  "run_83": 1.28109954270318,
  "run_84": 1.2800802578891433,
  "run_85": 1.282136287858818,
  "run_86": 1.2790879029735964,
  "run_87": 1.282296123110367,
  "run_88": 1.2810619682179427,
  "run_89": 1.2801668944325326,
  "run_90": 1.2822723116895254,
  "run_91": 1.2814532278315638,
  "run_92": 1.2804558702274884,
  "run_93": 1.2809240855761428,
  "run_94": 1.282686362186346,
  "run_95": 1.2806642827524364,
  "run_96": 1.2831818537644764,
  "run_97": 1.2835064005474042,
  "run_98": 1.2816805758183651,
  "run_99": 1.2848600634740641
}