{
  "run_0": 0.527146962788065,
  "run_1": 0.5241780953647278,
  "run_2": 0.5237503035801221,
  "run_3": 0.5240731135965068,
  "run_4": 0.5242905509288504,
  "run_5": 0.5234147376570546,
  "run_6": 0.5233123719659092,
  "run_7": 0.5233736429542971,
  "run_8": 0.5245023783553986,
  "run_9": 0.5259496542028181,
  "run_10": 0.5244771374733869,
  "run_11": 0.5228517942674964,
  "run_12": 0.5237074041726517,
  "run_13": 0.5236148395139637,
  "run_14": 0.52284790933587,
  "run_15": 0.5223227912467943,
  "run_16": 0.5260167054793988,
  "run_17": 0.5246238917394616,
  "run_18": 0.5250526468944129,
  "run_19": 0.5252105242714119,
  "run_20": 0.5275278865027002,
  "run_21": 0.5244893964296867,
  "run_22": 0.5244233912458868,
  "run_23": 0.5250577246345409,
  "run_24": 0.5243280048403035,
  "run_25": 0.5218371605632605,
  "run_26": 0.5253496934921206,
  "run_27": 0.5234845866008775,
  "run_28": 0.5274553920789237,
  "run_29": 0.526547636861434,
  "run_30": 0.5237511454015653,
  "run_31": 0.5245921166065078,
  "run_32": 0.5254378381969239,
  "run_33": 0.524853336674366,
  "run_34": 0.5258194455137768,
  "run_35": 0.5244512811369916,
  "run_36": 0.5222209997085736,
  "run_37": 0.5240783561424551,
  "run_38": 0.5248496794435206,
  "run_39": 0.5234073612781932,
  "run_40": 0.5243770349502119,
  "run_41": 0.523962641211206,
  "run_42": 0.5247305341854359,
  "run_43": 0.526063978930727,
  "run_44": 0.5221761700844668,
  "run_45": 0.5240730978955973,
  "run_46": 0.5226345621606162,
  "run_47": 0.5268893061681846,
  "run_48": 0.5240546442731004,
  "run_49": 0.5266094571018632,
  "run_50": 0.5244205809048265,
  "run_51": 0.5231541174264046,
  "run_52": 0.5253926532441209,
  "run_53": 0.5254572849714564,
  "run_54": 0.5248230569106336,
  "run_55": 0.5246922736256306,
  "run_56": 0.5256969945734549,
  "run_57": 0.52363519600069,
  "run_58": 0.5240231523480398,
  "run_59": 0.5237095846884278,
  "run_60": 0.5217833277765197,
  "run_61": 0.5257368023601088,
  "run_62": 0.5250555151510725,
  "run_63": 0.5251343590981349,
  "run_64": 0.522809914581801,
  "run_65": 0.5249770084888822,
  "run_66": 0.5247420641128198,
  "run_67": 0.5221148543903192,
  "run_68": 0.5260592646433387,
  "run_69": 0.5260909662266455,
  "run_70": 0.5244728380464297,
  "run_71": 0.524641694364349,
  "run_72": 0.5253861996335634,
  "run_73": 0.5242148601161818,
  "run_74": 0.5235097096100629,
  "run_75": 0.5234356471536039,
  "run_76": 0.5234486611096139,
  "run_77": 0.5224289649531322,
  "run_78": 0.52456905352929,
  "run_79": 0.5226306307685739,
  "run_80": 0.5251736120418659,
  "run_81": 0.525385483656842,
  "run_82": 0.5272528448061075,
  "run_83": 0.5259486049896174,
  "run_84": 0.5247840424774946,
  "run_85": 0.5244810958136207,
  "run_86": 0.523706105430105,
  "run_87": 0.5241683453915592,
  "run_88": 0.5259240690255657,
  "run_89": 0.5254777473217288,
  "run_90": 0.5240083732994425,
  "run_91": 0.5255150979471519,
  "run_92": 0.5241201235895077,
  "run_93": 0.523252593925439,
  "run_94": 0.5224648144275634,
  "run_95": 0.5255923296131838,
  "run_96": 0.5223994529775846,
  "run_97": 0.5248216771505876,
  "run_98": 0.5244806338288542,
  "run_99": 0.5241627850508759
}