{
  "run_0": 0.5226541290168112,
  "run_1": 0.5258051070689532,
  "run_2": 0.5236884782543143,
  "run_3": 0.5250837349730176,
  "run_4": 0.5242702229942657,
  "run_5": 0.5220859634355192,
  "run_6": 0.5199780213654859,
  "run_7": 0.5254797396032436,
  "run_8": 0.5235532063259077,
  "run_9": 0.5247310029593781,
  "run_10": 0.5221111956577276,
  "run_11": 0.5257479573069312,
  "run_12": 0.523725338248205,
  "run_13": 0.5220303996291394,
  "run_14": 0.5266568769044939,
  "run_15": 0.5243830479207456,
  "run_16": 0.5267866801324382,
  "run_17": 0.5243823317899188,
  "run_18": 0.5238890430326144,
  "run_19": 0.5226904112001148,
  "run_20": 0.5255172420462096,
  "run_21": 0.5235556056149813,
  "run_22": 0.5246130903042502,
  "run_23": 0.5239710150435706,
  "run_24": 0.5261178217140142,
  "run_25": 0.5231935429518118,
  "run_26": 0.5242597153637293,
  "run_27": 0.5247352480406295,
  "run_28": 0.5232392982193981,
  "run_29": 0.522931270969265,
  "run_30": 0.5241873197092658,
  "run_31": 0.5248676013402547,
  "run_32": 0.5236785456205844,
  "run_33": 0.5224330335358855,
  "run_34": 0.5231108003125232,
  "run_35": 0.5241368218797273,
  "run_36": 0.5227627911242103,
  "run_37": 0.5234761115358514,
  "run_38": 0.5221792841378574,
  "run_39": 0.5241859618407474,
  "run_40": 0.5251393719473002,
  "run_41": 0.5231815754784022,
  "run_42": 0.5240740638466724,
  "run_43": 0.5214099020886186,
  "run_44": 0.5232389230579255,
  "run_45": 0.5240427090828124,
  "run_46": 0.5222645206142054,
  "run_47": 0.525322800910779,
  "run_48": 0.5251684154317542,
  "run_49": 0.5225145115140825,
  "run_50": 0.5232583050828326,
  "run_51": 0.5258536597851952,
  "run_52": 0.5250520300147352,
  "run_53": 0.5252594816409344,
  "run_54": 0.5245315985749895,
  "run_55": 0.5245730679617309,
  "run_56": 0.5267164833941282,
  "run_57": 0.5251113265409898,
  "run_58": 0.5227623539305604,
  "run_59": 0.526597684136858,
  "run_60": 0.5268487937767518,
  "run_61": 0.5246583367104455,
  "run_62": 0.5230435562049969,
  "run_63": 0.5240235280272962,
  "run_64": 0.5244133192442659,
  "run_65": 0.523570704775576,
  "run_66": 0.5241060329344188,
  "run_67": 0.5227880267999515,
  "run_68": 0.5236296104211986,
  "run_69": 0.5227158470494059,
  "run_70": 0.5259644863545041,
  "run_71": 0.5254981606887619,
  "run_72": 0.5247681144791569,
  "run_73": 0.526375864133392,
  "run_74": 0.5236329672709118,
  "run_75": 0.5236970469612442,
  "run_76": 0.5239323370643365,
  "run_77": 0.5257694677835675,
  "run_78": 0.5255752571434785,
  "run_79": 0.5240217021969094,
  "run_80": 0.525635176053461,
  "run_81": 0.5209872260628898,
  "run_82": 0.5235408468189563,
  "run_83": 0.523041525734895,
  "run_84": 0.5225236270719861,
  "run_85": 0.5265894463335559,
  "run_86": 0.524285355412047,
  "run_87": 0.5243998001357657,
  "run_88": 0.5243726884530701,
  "run_89": 0.5242561858629339,
  "run_90": 0.5241532135924353,
  "run_91": 0.5221868425659959,
  "run_92": 0.5229490680926779,
  "run_93": 0.522957848944728,
  "run_94": 0.5259584356234318,
  "run_95": 0.5245960065181057,
  "run_96": 0.5237455017233783,
  "run_97": 0.5259970083441323,
  "run_98": 0.5235977551439098,
  "run_99": 0.5249436843274351
}