{
  "run_0": 1.7454512591663747,
  "run_1": 1.7496339855371112,
  "run_2": 1.7514226953342518,
  "run_3": 1.7487762495915962,
  "run_4": 1.7486800284525392,
  "run_5": 1.7518282608853057,
  "run_6": 1.7475937130090577,
  "run_7": 1.7463291625136161,
  "run_8": 1.7504549148640647,
  "run_9": 1.7536563459989016,
  "run_10": 1.7527786382993962,
  "run_11": 1.7466326491546882,
  "run_12": 1.7504725260089122,
  "run_13": 1.7523239366050392,
  "run_14": 1.748971146478554,
  "run_15": 1.7535701078364618,
  "run_16": 1.7550356202285347,
  "run_17": 1.7490814008070414,
  "run_18": 1.7504836165449102,
  "run_19": 1.752146713229502,
  "run_20": 1.747800091290463,
  "run_21": 1.7524144741268486,
  "run_22": 1.7505906668938003,
  "run_23": 1.7508490211560215,
  "run_24": 1.7512240527238123,
  "run_25": 1.7534611872828145,
  "run_26": 1.7533493318389675,
  "run_27": 1.7562926764146989,
  "run_28": 1.75057877117321,
  "run_29": 1.7507556207304928,
  "run_30": 1.751457864513636,
  "run_31": 1.7522166011794977,
  "run_32": 1.7486099713294079,
  "run_33": 1.7489608009368989,
  "run_34": 1.7479824667593962,
  "run_35": 1.7472634141682069,
  "run_36": 1.7475239046690099,
  "run_37": 1.749225166811562,
  "run_38": 1.7488139316380265,
  "run_39": 1.7515964754198847,
  "run_40": 1.7476007994387597,
  "run_41": 1.753284715137344,
  "run_42": 1.7513603085704028,
  "run_43": 1.7481815695137044,
  "run_44": 1.7522202422714217,
  "run_45": 1.7529114394862277,
  "run_46": 1.75188478066879,
  "run_47": 1.7505623830585957,
  "run_48": 1.7522571156383575,
  "run_49": 1.7494303059640894,
  "run_50": 1.7514073663183471,
  "run_51": 1.747981979263499,
  "run_52": 1.7494889204633828,
  "run_53": 1.7544155611664314,
  "run_54": 1.7527776713596,
  "run_55": 1.7514929525977239,
  "run_56": 1.7515406678128669,
  "run_57": 1.7543115929195714,
  "run_58": 1.7487387891212158,
  "run_59": 1.751588195588687,
  "run_60": 1.748720684647487,
  "run_61": 1.7469667994603006,
  "run_62": 1.7508573801106104,
  "run_63": 1.7491392422378604,
  "run_64": 1.7461114865799876,
  "run_65": 1.7506629607525517,
  "run_66": 1.7491830502570154,
  "run_67": 1.7528021384246202,
  "run_68": 1.7483306770118139,
  "run_69": 1.7522535911886123,
  "run_70": 1.744704296367901,
  "run_71": 1.750512068212673,
  "run_72": 1.7426199023634161,
  "run_73": 1.7502358563315565,
  "run_74": 1.7512290646806394,
  "run_75": 1.751130975306281,
  "run_76": 1.7476970908467704,
  "run_77": 1.7471273316126223,
  "run_78": 1.752012811421552,
  "run_79": 1.7507170042350526,
  "run_80": 1.7549907447539346,
  "run_81": 1.7449338001918495,
  "run_82": 1.7507754743782398,
  "run_83": 1.7481639987058928,
  "run_84": 1.7514833331962683,
  "run_85": 1.7521031532867695,
  "run_86": 1.749294439257089,
  "run_87": 1.7460550941902953,
  "run_88": 1.7537808745543868,
  "run_89": 1.7488609871939003,
  "run_90": 1.747643039922859,
  "run_91": 1.7511057156593937,
  "run_92": 1.7539700102492852,
  "run_93": 1.7476403924668162,
  "run_94": 1.7481738317965057,
  "run_95": 1.7516776865300783,
  "run_96": 1.7510507046773047,
  "run_97": 1.752803780421886,
  "run_98": 1.7536622780519617,
  "run_99": 1.7521844876012287
}