{
  "run_0": 0.5216043317787389,
  "run_1": 0.5260881270642006,
  "run_2": 0.5243258715024002,
  "run_3": 0.5239046239512095,
  "run_4": 0.5239221148413427,
  "run_5": 0.5248249840795378,
  "run_6": 0.5252443740451975,
  "run_7": 0.5246831277022816,
  "run_8": 0.5230721939031335,
  "run_9": 0.5258466265289751,
  "run_10": 0.5245014949768505,
  "run_11": 0.5247882684128466,
  "run_12": 0.524608222037396,
  "run_13": 0.5243529843423949,
  "run_14": 0.5249857068916182,
  "run_15": 0.5258561148251997,
  "run_16": 0.5231440679548898,
  "run_17": 0.5231632256836836,
  "run_18": 0.5253421953152136,
  "run_19": 0.5232990106353758,
  "run_20": 0.5268686531317023,
  "run_21": 0.525822060769854,
  "run_22": 0.5227993316125268,
  "run_23": 0.5263022765080266,
  "run_24": 0.5258602011045035,
  "run_25": 0.5232385406504685,
  "run_26": 0.5249744003195422,
  "run_27": 0.5248366140003772,
  "run_28": 0.5258463376733398,
  "run_29": 0.5233409455452419,
  "run_30": 0.5252909704766349,
  "run_31": 0.5229440659955542,
  "run_32": 0.5246086182450751,
  "run_33": 0.5232795603411085,
  "run_34": 0.5247843254133079,
  "run_35": 0.5225498980291226,
  "run_36": 0.5227690853806016,
  "run_37": 0.5260692825955495,
  "run_38": 0.5279946224001723,
  "run_39": 0.5265963040817732,
  "run_40": 0.5237810871614557,
  "run_41": 0.525261142743346,
  "run_42": 0.5239042547283346,
  "run_43": 0.5249405052497838,
  "run_44": 0.5251986364144833,
  "run_45": 0.5232805824956466,
  "run_46": 0.5247907459396745,
  "run_47": 0.5238976417123213,
  "run_48": 0.5256980565292058,
  "run_49": 0.5252987335985362,
  "run_50": 0.5259511582586152,
  "run_51": 0.5243927722103678,
  "run_52": 0.5249044540507508,
  "run_53": 0.5253779190207847,
  "run_54": 0.5236951985372955,
  "run_55": 0.5258974321125558,
  "run_56": 0.5248592128163208,
  "run_57": 0.5235681080510469,
  "run_58": 0.5258890743415208,
  "run_59": 0.524078133455656,
  "run_60": 0.5222352646668876,
  "run_61": 0.5239923217096857,
  "run_62": 0.5243008777545224,
  "run_63": 0.525778800842309,
  "run_64": 0.5241415398242242,
  "run_65": 0.5237990582322904,
  "run_66": 0.5245129939229545,
  "run_67": 0.5267835129128424,
  "run_68": 0.5248474919933175,
  "run_69": 0.5229635808857253,
  "run_70": 0.5255673196204534,
  "run_71": 0.5240518922836149,
  "run_72": 0.5256569689485153,
  "run_73": 0.5229876286772139,
  "run_74": 0.5222417418354197,
  "run_75": 0.5274284038111617,
  "run_76": 0.5255998130515913,
  "run_77": 0.5242344365168805,
  "run_78": 0.522025102649453,
  "run_79": 0.5255082732571419,
  "run_80": 0.5217957629966171,
  "run_81": 0.5251879146088194,
  "run_82": 0.5241270565989831,
  "run_83": 0.5250580429329947,
  "run_84": 0.5235369899791,
  "run_85": 0.5243230698451432,
  "run_86": 0.5254122928359674,
  "run_87": 0.5223403425396307,
  "run_88": 0.5257649696008895,
  "run_89": 0.5250345601978715,
  "run_90": 0.5274063624136461,
  "run_91": 0.5240582666086738,
  "run_92": 0.5242275281730411,
  "run_93": 0.5254068553881177,
  "run_94": 0.5250701992030048,
  "run_95": 0.5250214393722316,
  "run_96": 0.5221261193315923,
  "run_97": 0.5244439258421856,
  "run_98": 0.5249447422214648,
  "run_99": 0.5240086658311988
}