{
  "run_0": 0.8413165461565881,
  "run_1": 0.8416109424285746,
  "run_2": 0.842485337440808,
  "run_3": 0.8424870383813781,
  "run_4": 0.840651520955631,
  "run_5": 0.8412976222428098,
  "run_6": 0.8413379426885368,
  "run_7": 0.8423827366638174,
  "run_8": 0.8422875381649066,
  "run_9": 0.8421840424705075,
  "run_10": 0.8420499593083659,
  "run_11": 0.8401139790371487,
  "run_12": 0.8437210616967381,
  "run_13": 0.8414842421113224,
  "run_14": 0.8422210105625301,
  "run_15": 0.8419735645053515,
  "run_16": 0.8452859816363788,
  "run_17": 0.8412071304912967,
  "run_18": 0.8418747458959152,
  "run_19": 0.8419533871416518,
  "run_20": 0.8404496218576927,
  "run_21": 0.8400625962367982,
  "run_22": 0.8449229204652974,
  "run_23": 0.8416936865486728,
  "run_24": 0.8399236300486104,
  "run_25": 0.8412537930462576,
  "run_26": 0.8407443646169731,
  "run_27": 0.8436958715359413,
  "run_28": 0.8417564792561121,
  "run_29": 0.841277081313468,
  "run_30": 0.8417326152381801,
  "run_31": 0.8430409524344379,
  "run_32": 0.8399018309359285,
  "run_33": 0.841817393422716,
  "run_34": 0.8418880772052639,
  "run_35": 0.8381309548536588,
  "run_36": 0.8426177445265273,
  "run_37": 0.8396705459879258,
  "run_38": 0.8424502104251586,
  "run_39": 0.8399439908456916,
  "run_40": 0.843677487293755,
  "run_41": 0.8382509575995796,
  "run_42": 0.8414742623662964,
  "run_43": 0.8421970007050328,
  "run_44": 0.8397377052256193,
  "run_45": 0.8409160804228715,
  "run_46": 0.8422013490883987,
  "run_47": 0.8420374780470974,
  "run_48": 0.8410786382188546,
  "run_49": 0.8437507025226487,
  "run_50": 0.8416822949055967,
  "run_51": 0.8388638778634478,
  "run_52": 0.842623667216295,
  "run_53": 0.8433216184803245,
  "run_54": 0.8392183858632265,
  "run_55": 0.843849051908123,
  "run_56": 0.842107927741605,
  "run_57": 0.843859426151862,
  "run_58": 0.8437248745347368,
  "run_59": 0.8436792355765711,
  "run_60": 0.841799106079982,
  "run_61": 0.8437673256547298,
  "run_62": 0.842692291205474,
  "run_63": 0.842540471806707,
  "run_64": 0.840558408799787,
  "run_65": 0.8392557291205496,
  "run_66": 0.8415925843029277,
  "run_67": 0.8413391989601022,
  "run_68": 0.8396591319577691,
  "run_69": 0.8378708057740878,
  "run_70": 0.842300216143583,
  "run_71": 0.8407665669004072,
  "run_72": 0.8420951386196963,
  "run_73": 0.8421357535258476,
  "run_74": 0.842722817810216,
  "run_75": 0.8409621713437619,
  "run_76": 0.8426061096209936,
  "run_77": 0.8403404307960092,
  "run_78": 0.8430977974783589,
  "run_79": 0.8417500597000624,
  "run_80": 0.840588878361526,
  "run_81": 0.8431370199089122,
  "run_82": 0.8426485716541318,
  "run_83": 0.8443156243688781,
  "run_84": 0.8394710798378652,
  "run_85": 0.8428495304003486,
  "run_86": 0.8418313411374951,
  "run_87": 0.8420537927600812,
  "run_88": 0.841861874427835,
  "run_89": 0.842445792309762,
  "run_90": 0.8407564459517161,
  "run_91": 0.8400234152550675,
  "run_92": 0.8411524469448712,
  "run_93": 0.8429452460250279,
  "run_94": 0.8401482339998235,
  "run_95": 0.8413843790832229,
  "run_96": 0.841299863870909,
  "run_97": 0.8421452420471591,
  "run_98": 0.8431351752894807,
  "run_99": 0.8416935177813507
}