{
  "run_0": 1.7533412157682913,
  "run_1": 1.74929985086666,
  "run_2": 1.7516774905422483,
  "run_3": 1.749922152911384,
  "run_4": 1.7499473905784197,
  "run_5": 1.7484029334826001,
  "run_6": 1.7504507161641796,
  "run_7": 1.7507661217745125,
  "run_8": 1.7490967480131792,
  "run_9": 1.7516651289090541,
  "run_10": 1.7493558896433137,
  "run_11": 1.7505827575221566,
  "run_12": 1.749644702209491,
  "run_13": 1.7470451748498206,
  "run_14": 1.7508157457323872,
  "run_15": 1.7547268973063437,
  "run_16": 1.7522334628530347,
  "run_17": 1.7476312507526712,
  "run_18": 1.7523626542986666,
  "run_19": 1.7520124667211088,
  "run_20": 1.7479398816876364,
  "run_21": 1.7525968333820574,
  "run_22": 1.7500583121131088,
  "run_23": 1.7482568189273069,
  "run_24": 1.7467790810271413,
  "run_25": 1.747507692483433,
  "run_26": 1.7531178754501657,
  "run_27": 1.754563249592102,
  "run_28": 1.7516729568556824,
  "run_29": 1.7514829232865803,
  "run_30": 1.7499010289643868,
  "run_31": 1.749899504735564,
  "run_32": 1.7533283590159439,
  "run_33": 1.7497652197626314,
  "run_34": 1.7509076743507581,
  "run_35": 1.7444945970950145,
  "run_36": 1.7510921581701426,
  "run_37": 1.7520822555272229,
  "run_38": 1.7485212281076814,
  "run_39": 1.751417144750486,
  "run_40": 1.7498284055314286,
  "run_41": 1.752021579080861,
  "run_42": 1.7526486224760953,
  "run_43": 1.7482980013159015,
  "run_44": 1.7473873252927024,
  "run_45": 1.7504784434084533,
  "run_46": 1.7507646548145797,
  "run_47": 1.755314531955975,
  "run_48": 1.7476866893038574,
  "run_49": 1.7491577918656516,
  "run_50": 1.7482006565299284,
  "run_51": 1.7527014803441718,
  "run_52": 1.7511773239516066,
  "run_53": 1.7489625484677376,
  "run_54": 1.7530673956753609,
  "run_55": 1.7523982876683288,
  "run_56": 1.755174393957256,
  "run_57": 1.7497688166312488,
  "run_58": 1.7527162637291287,
  "run_59": 1.7545455938271723,
  "run_60": 1.7495240128252534,
  "run_61": 1.750998355901419,
  "run_62": 1.7529926248819643,
  "run_63": 1.7527188115952792,
  "run_64": 1.7525333436074437,
  "run_65": 1.7521505206015169,
  "run_66": 1.7479530188996066,
  "run_67": 1.751894856594947,
  "run_68": 1.749201770348641,
  "run_69": 1.7534490911445335,
  "run_70": 1.7479147613720178,
  "run_71": 1.7534126865012318,
  "run_72": 1.7500706141647062,
  "run_73": 1.7511285879894876,
  "run_74": 1.7523538735318125,
  "run_75": 1.7533338571529178,
  "run_76": 1.7550381372434254,
  "run_77": 1.7475747659974366,
  "run_78": 1.7510940334786165,
  "run_79": 1.7474242165519196,
  "run_80": 1.7524972950439806,
  "run_81": 1.7501409366300853,
  "run_82": 1.7536921997043464,
  "run_83": 1.7534683082001226,
  "run_84": 1.7510124699606027,
  "run_85": 1.752393135688183,
  "run_86": 1.7533485509587183,
  "run_87": 1.7476120160739752,
  "run_88": 1.7514730009619934,
  "run_89": 1.7497203613235195,
  "run_90": 1.747433908893938,
  "run_91": 1.7519471578051684,
  "run_92": 1.751619864020962,
  "run_93": 1.7470651684516167,
  "run_94": 1.7469152201697824,
  "run_95": 1.7475792233942302,
  "run_96": 1.7532280917799403,
  "run_97": 1.7517308308116288,
  "run_98": 1.7486569242166952,
  "run_99": 1.7479153228028323
}