{
  "run_0": 1.2810090079988108,
  "run_1": 1.282965455092766,
  "run_2": 1.281928846295754,
  "run_3": 1.2800603338275627,
  "run_4": 1.2832192491904726,
  "run_5": 1.2797218735734723,
  "run_6": 1.2822048022330865,
  "run_7": 1.2807257346476397,
  "run_8": 1.2823264132186463,
  "run_9": 1.2834361116772626,
  "run_10": 1.283119997548667,
  "run_11": 1.2837482526664317,
  "run_12": 1.2778739613313368,
  "run_13": 1.2810620153812975,
  "run_14": 1.281126993954101,
  "run_15": 1.2792516106421834,
  "run_16": 1.2785402599217255,
  "run_17": 1.2811547786494053,
  "run_18": 1.2819323155315754,
  "run_19": 1.2808637282122934,
  "run_20": 1.280490156865199,
  "run_21": 1.281681558130515,
  "run_22": 1.2815348236726611,
  "run_23": 1.2798063699333555,
  "run_24": 1.280967799298995,
  "run_25": 1.281530640425137,
  "run_26": 1.2836480567093935,
  "run_27": 1.27834516727237,
  "run_28": 1.2812417916587315,
  "run_29": 1.280154344227273,
  "run_30": 1.2788492745214581,
  "run_31": 1.281269179329258,
  "run_32": 1.279486839678412,
  "run_33": 1.2820788793125804,
  "run_34": 1.282331771017856,
  "run_35": 1.279588585982676,
  "run_36": 1.2834910127920987,
  "run_37": 1.2804321029530363,
  "run_38": 1.2817652119582934,
  "run_39": 1.2808580932922333,
  "run_40": 1.2812830079526971,
  "run_41": 1.281125088416795,
  "run_42": 1.2828252009543857,
  "run_43": 1.280981797207107,
  "run_44": 1.2799730972453183,
  "run_45": 1.2838373628042796,
  "run_46": 1.2847759242554857,
  "run_47": 1.278990182021655,
  "run_48": 1.2822387791759868,
  "run_49": 1.2791779313030007,
  "run_50": 1.2801161697438994,
  "run_51": 1.2828357910318795,
  "run_52": 1.280442999410958,
  "run_53": 1.2809455542072057,
  "run_54": 1.2811880333604222,
  "run_55": 1.283284075649095,
  "run_56": 1.2803507958651543,
  "run_57": 1.2818726483286076,
  "run_58": 1.2830017224063797,
  "run_59": 1.2834563714511433,
  "run_60": 1.2799707491938204,
  "run_61": 1.2780500051599382,
  "run_62": 1.2803221513895675,
  "run_63": 1.2804177100449472,
  "run_64": 1.280500432846333,
  "run_65": 1.280818535050047,
  "run_66": 1.2791620412614788,
  "run_67": 1.2809544672368243,
  "run_68": 1.2802243080901774,
  "run_69": 1.2817725211630921,
  "run_70": 1.282600133128873,
  "run_71": 1.2814868098063974,
  "run_72": 1.2806236417298693,
  "run_73": 1.2795238176359205,
  "run_74": 1.278718223848635,
  "run_75": 1.2800556266099012,
  "run_76": 1.2810516850882199,
  "run_77": 1.2759354652682893,
  "run_78": 1.2807802297410693,
  "run_79": 1.2819110018664799,
  "run_80": 1.2812866531015696,
  "run_81": 1.2805113234493142,
  "run_82": 1.2806647683718395,
  "run_83": 1.2823541245073913,
  "run_84": 1.2819907338922074,
  "run_85": 1.2809672826451082,
  "run_86": 1.2827517135713902,
  "run_87": 1.2791436466303097,
  "run_88": 1.2822296756763811,
  "run_89": 1.2804611728776147,
  "run_90": 1.2836773212980868,
  "run_91": 1.2822303854350503,
  "run_92": 1.2834341417391975,
  "run_93": 1.2826141976140022,
  "run_94": 1.2803862001919037,
  "run_95": 1.2823500676083681,
  "run_96": 1.2812070807490197,
  "run_97": 1.2802547154269606,
  "run_98": 1.2829160465081042,
  "run_99": 1.2836941493057994
}