{
  "run_0": 2.0534597384106084,
  "run_1": 2.0547280718348233,
  "run_2": 2.048904171516986,
  "run_3": 2.0503018401890745,
  "run_4": 2.0531776624091007,
  "run_5": 2.0510419883949833,
  "run_6": 2.0527052712790406,
  "run_7": 2.0551265851550267,
  "run_8": 2.0555751940442275,
  "run_9": 2.052828019449367
}