{
  "run_0": 0.8415758057097974,
  "run_1": 0.8431797238776629,
  "run_2": 0.8417084735392695,
  "run_3": 0.8422029647328847,
  "run_4": 0.8431271687771205,
  "run_5": 0.8422830769765921,
  "run_6": 0.8439411732635774,
  "run_7": 0.8414661042064658,
  "run_8": 0.8421307510346152,
  "run_9": 0.839826884377664,
  "run_10": 0.8425596919211059,
  "run_11": 0.8422970654995734,
  "run_12": 0.8417027869184316,
  "run_13": 0.8394337543715067,
  "run_14": 0.8416973838958011,
  "run_15": 0.8420210652849622,
  "run_16": 0.8417881671862806,
  "run_17": 0.8408517872184889,
  "run_18": 0.8435699683713274,
  "run_19": 0.8429840352963499,
  "run_20": 0.8398626634115279,
  "run_21": 0.8424706330827922,
  "run_22": 0.8404208092540993,
  "run_23": 0.8441284266142753,
  "run_24": 0.8411425219212105,
  "run_25": 0.8412963687579312,
  "run_26": 0.8424856468294707,
  "run_27": 0.8390117076575572,
  "run_28": 0.8402995931961578,
  "run_29": 0.84412513816225,
  "run_30": 0.8404653839835867,
  "run_31": 0.841899462536734,
  "run_32": 0.8433099295750363,
  "run_33": 0.8391877761893765,
  "run_34": 0.84126605558856,
  "run_35": 0.8391539854085251,
  "run_36": 0.8414925555174406,
  "run_37": 0.8402764853239766,
  "run_38": 0.8424084774473434,
  "run_39": 0.8399254357562748,
  "run_40": 0.8421119920530781,
  "run_41": 0.8407216981321852,
  "run_42": 0.8417793520456349,
  "run_43": 0.8449976882197637,
  "run_44": 0.8435509946519748,
  "run_45": 0.8433956390455508,
  "run_46": 0.8406043058604382,
  "run_47": 0.8433499392760654,
  "run_48": 0.8393008716085152,
  "run_49": 0.839710762159173,
  "run_50": 0.8416375409581085,
  "run_51": 0.8437348491497286,
  "run_52": 0.8425603194536634,
  "run_53": 0.8409211000428464,
  "run_54": 0.8404921712357089,
  "run_55": 0.8430807261574758,
  "run_56": 0.842189066463445,
  "run_57": 0.8463034594948887,
  "run_58": 0.8398115417886319,
  "run_59": 0.8412817603249002,
  "run_60": 0.8423431911429856,
  "run_61": 0.8422999846165631,
  "run_62": 0.8433004908348916,
  "run_63": 0.8414751935915662,
  "run_64": 0.8434132723427841,
  "run_65": 0.8411106230858293,
  "run_66": 0.8400272587072913,
  "run_67": 0.8413549241962703,
  "run_68": 0.841970725019471,
  "run_69": 0.8423454312742351,
  "run_70": 0.8439006945554411,
  "run_71": 0.8435086292463909,
  "run_72": 0.8407099305737372,
  "run_73": 0.8429537882168511,
  "run_74": 0.8416865679415017,
  "run_75": 0.84068141389875,
  "run_76": 0.8434513348842723,
  "run_77": 0.8428046891197176,
  "run_78": 0.8417706246959581,
  "run_79": 0.8434853153490767,
  "run_80": 0.8405760793683144,
  "run_81": 0.8413825280394834,
  "run_82": 0.8399125675131415,
  "run_83": 0.8420848217110887,
  "run_84": 0.8440928226160757,
  "run_85": 0.8401932240688732,
  "run_86": 0.8431723780070985,
  "run_87": 0.840692037552024,
  "run_88": 0.8413307647820072,
  "run_89": 0.8430029744901084,
  "run_90": 0.8401947868081324,
  "run_91": 0.8400311735609037,
  "run_92": 0.843218600916347,
  "run_93": 0.8409687921676101,
  "run_94": 0.8407316469678,
  "run_95": 0.8414002900433123,
  "run_96": 0.8393462997933031,
  "run_97": 0.8406176390201298,
  "run_98": 0.8418745978318417,
  "run_99": 0.8423681152458113
}