{
  "run_0": 1.283872807456931,
  "run_1": 1.2818491598973052,
  "run_2": 1.2808842259704636,
  "run_3": 1.2839165489942233,
  "run_4": 1.2836928814614557,
  "run_5": 1.2787546097330507,
  "run_6": 1.2806985508799602,
  "run_7": 1.2832756070630853,
  "run_8": 1.283808897790363,
  "run_9": 1.2841859600993366,
  "run_10": 1.2814018169161807,
  "run_11": 1.2831938647843273,
  "run_12": 1.2817807841606956,
  "run_13": 1.2795011414546718,
  "run_14": 1.2852855044076892,
  "run_15": 1.2828449294288478,
  "run_16": 1.2811841508476753,
  "run_17": 1.281131603542326,
  "run_18": 1.281822994544859,
  "run_19": 1.2807660512386203,
  "run_20": 1.2818597830647138,
  "run_21": 1.2789127755540148,
  "run_22": 1.2814622582650963,
  "run_23": 1.2804074023626335,
  "run_24": 1.2822525352323226,
  "run_25": 1.2807287035192458,
  "run_26": 1.2835966720626315,
  "run_27": 1.2814772758752517,
  "run_28": 1.2812905615329773,
  "run_29": 1.2816486174767872,
  "run_30": 1.281386158847599,
  "run_31": 1.2798721034779015,
  "run_32": 1.2807543504082384,
  "run_33": 1.2842299543490028,
  "run_34": 1.2827849861417453,
  "run_35": 1.2783262213219353,
  "run_36": 1.282201531613916,
  "run_37": 1.2845340239216894,
  "run_38": 1.284237547164291,
  "run_39": 1.2800607439577252,
  "run_40": 1.282004559404415,
  "run_41": 1.2804103154621922,
  "run_42": 1.2848589360878166,
  "run_43": 1.2830945868972004,
  "run_44": 1.2823589477272486,
  "run_45": 1.2837373499971534,
  "run_46": 1.281071348139239,
  "run_47": 1.2826292567799182,
  "run_48": 1.2822872845978552,
  "run_49": 1.2818366436715585,
  "run_50": 1.283952836729682,
  "run_51": 1.280259753139791,
  "run_52": 1.28101175390614,
  "run_53": 1.284736299610576,
  "run_54": 1.2806943196616702,
  "run_55": 1.284485108715157,
  "run_56": 1.2795058712374496,
  "run_57": 1.2823149441976411,
  "run_58": 1.2805761949151346,
  "run_59": 1.2827123213144933,
  "run_60": 1.2817175809236443,
  "run_61": 1.2826422049245918,
  "run_62": 1.2832606115347205,
  "run_63": 1.2818795452770062,
  "run_64": 1.2826326152733962,
  "run_65": 1.283422252027432,
  "run_66": 1.2816581743297475,
  "run_67": 1.2837727068208908,
  "run_68": 1.2787861234854163,
  "run_69": 1.2798810503207039,
  "run_70": 1.2815663965651896,
  "run_71": 1.2812804117015806,
  "run_72": 1.2806502612630073,
  "run_73": 1.2800265739177457,
  "run_74": 1.2834471191848955,
  "run_75": 1.281242796255989,
  "run_76": 1.2824428225266375,
  "run_77": 1.2824280478463939,
  "run_78": 1.279632355131268,
  "run_79": 1.2805795161999014,
  "run_80": 1.2833184772898194,
  "run_81": 1.283917990704527,
  "run_82": 1.2800455842012832,
  "run_83": 1.2832153611680595,
  "run_84": 1.282612029589119,
  "run_85": 1.2808823115326602,
  "run_86": 1.2817032798735992,
  "run_87": 1.2814862094022916,
  "run_88": 1.282153547633083,
  "run_89": 1.2827041361686355,
  "run_90": 1.2795517582456744,
  "run_91": 1.2815160063403752,
  "run_92": 1.2804441414761492,
  "run_93": 1.2811836101439193,
  "run_94": 1.2803996923403935,
  "run_95": 1.2813383192898598,
  "run_96": 1.280752929311822,
  "run_97": 1.2776192861364843,
  "run_98": 1.2789705958584292,
  "run_99": 1.2823255815932146
}