{
  "run_0": 2.059140240318054,
  "run_1": 2.059552180189992,
  "run_2": 2.05470676072186,
  "run_3": 2.049832736702246,
  "run_4": 2.052372237484611,
  "run_5": 2.0529878660056444,
  "run_6": 2.0551220527174956,
  "run_7": 2.0526331684878834,
  "run_8": 2.0558026518811543,
  "run_9": 2.0576436947299133,
  "run_10": 2.0554397987005215,
  "run_11": 2.0511549436718415,
  "run_12": 2.0551601598923286,
  "run_13": 2.053585414047282,
  "run_14": 2.054772518600305,
  "run_15": 2.052922265962663,
  "run_16": 2.0513534531418376,
  "run_17": 2.053632453136785,
  "run_18": 2.052884716578183,
  "run_19": 2.05104279229919,
  "run_20": 2.0530832076266874,
  "run_21": 2.0525595310428546,
  "run_22": 2.0535631793907996,
  "run_23": 2.051977267746623,
  "run_24": 2.051694795193309,
  "run_25": 2.052067766361862,
  "run_26": 2.0516164633327914,
  "run_27": 2.0539090956588266,
  "run_28": 2.0557475415504474,
  "run_29": 2.051754175287721,
  "run_30": 2.0542857787160047,
  "run_31": 2.0530841054526245,
  "run_32": 2.0569745900509586,
  "run_33": 2.049191777581471,
  "run_34": 2.054560639748825,
  "run_35": 2.052350729147046,
  "run_36": 2.052746569576332,
  "run_37": 2.0540622615862825,
  "run_38": 2.0539958509109972,
  "run_39": 2.0521055244683284,
  "run_40": 2.058418393031133,
  "run_41": 2.050817253774521,
  "run_42": 2.0540694958572487,
  "run_43": 2.055613695139471,
  "run_44": 2.0527260305418062,
  "run_45": 2.0576847942886416,
  "run_46": 2.051555874057144,
  "run_47": 2.056598946610868,
  "run_48": 2.052385727205436,
  "run_49": 2.0547703061890283,
  "run_50": 2.0595894434694983,
  "run_51": 2.055943272747351,
  "run_52": 2.0483706100455787,
  "run_53": 2.053479777306412,
  "run_54": 2.054823016111508,
  "run_55": 2.0526199263980476,
  "run_56": 2.050412933578319,
  "run_57": 2.043604316699591,
  "run_58": 2.051217470811371,
  "run_59": 2.0566715640753763,
  "run_60": 2.0528327184440185,
  "run_61": 2.054107514479661,
  "run_62": 2.0593578231469296,
  "run_63": 2.0500074228353937,
  "run_64": 2.0500260305494815,
  "run_65": 2.058940147644986,
  "run_66": 2.051536063414204,
  "run_67": 2.0534069101863106,
  "run_68": 2.0495305237577575,
  "run_69": 2.0633540567458604,
  "run_70": 2.056124827600957,
  "run_71": 2.056271804912993,
  "run_72": 2.0519258461437206,
  "run_73": 2.051338047813375,
  "run_74": 2.0544894826439,
  "run_75": 2.0515990190616233,
  "run_76": 2.0508353006435973,
  "run_77": 2.058098385229106,
  "run_78": 2.054160206317632,
  "run_79": 2.0512771661800726,
  "run_80": 2.04942280195416,
  "run_81": 2.0523229682169104,
  "run_82": 2.049176831736453,
  "run_83": 2.0589199663066187,
  "run_84": 2.050293604195691,
  "run_85": 2.0547544234800843,
  "run_86": 2.0542581794263772,
  "run_87": 2.0565510913205807,
  "run_88": 2.0579068358315746,
  "run_89": 2.054148360158931,
  "run_90": 2.0517845030857824,
  "run_91": 2.0526401065121083,
  "run_92": 2.0562283660352527,
  "run_93": 2.0592565551508684,
  "run_94": 2.0595807602805625,
  "run_95": 2.0525952974106123,
  "run_96": 2.055729935373008,
  "run_97": 2.057238168969248,
  "run_98": 2.0553658073094203,
  "run_99": 2.05920715139501
}