{
  "run_0": 0.8402457050277143,
  "run_1": 0.84037095326846,
  "run_2": 0.8394881525258472,
  "run_3": 0.8398146941553709,
  "run_4": 0.8424922089349826,
  "run_5": 0.8412896403967618,
  "run_6": 0.8419384783208427,
  "run_7": 0.8423317392286638,
  "run_8": 0.8419660638793118,
  "run_9": 0.8437151445529805
}