{
  "run_0": 1.750129252293706,
  "run_1": 1.7478852731130534,
  "run_2": 1.747625688112155,
  "run_3": 1.7486265629428146,
  "run_4": 1.751788451008801,
  "run_5": 1.7516010080601283,
  "run_6": 1.751139026532508,
  "run_7": 1.7502230531396417,
  "run_8": 1.7483348256020308,
  "run_9": 1.7503880746920166
}