{
  "run_0": 1.2830603429159768,
  "run_1": 1.2790387983965865,
  "run_2": 1.2843953334176414,
  "run_3": 1.2817842197200338,
  "run_4": 1.281085635276441,
  "run_5": 1.2784043761683122,
  "run_6": 1.2806046618543596,
  "run_7": 1.2819151802514253,
  "run_8": 1.2785524538863302,
  "run_9": 1.2830323786255142,
  "run_10": 1.2862091524146266,
  "run_11": 1.2808645106931162,
  "run_12": 1.2812462539349607,
  "run_13": 1.2835409257246964,
  "run_14": 1.2843800080567915,
  "run_15": 1.2808308628352403,
  "run_16": 1.283064375467931,
  "run_17": 1.2831405915090248,
  "run_18": 1.2809530198619474,
  "run_19": 1.2819873186538875,
  "run_20": 1.2813429704122656,
  "run_21": 1.2823660493871287,
  "run_22": 1.280262048489767,
  "run_23": 1.2811530624890117,
  "run_24": 1.2824956696759033,
  "run_25": 1.2813730605719298,
  "run_26": 1.2823143679124143,
  "run_27": 1.280269107498117,
  "run_28": 1.2817027217212444,
  "run_29": 1.2785659022426232,
  "run_30": 1.2789588087363477,
  "run_31": 1.2829044412476978,
  "run_32": 1.2816892973284193,
  "run_33": 1.285621437992038,
  "run_34": 1.282247629824133,
  "run_35": 1.2823566004770819,
  "run_36": 1.27935087925761,
  "run_37": 1.2809196543907522,
  "run_38": 1.2820760131911508,
  "run_39": 1.2828948316872117,
  "run_40": 1.2813229945154558,
  "run_41": 1.2831556400470032,
  "run_42": 1.2803566671832751,
  "run_43": 1.278751687158838,
  "run_44": 1.2803421671514847,
  "run_45": 1.2810662692784724,
  "run_46": 1.2815114300006738,
  "run_47": 1.2798481871388048,
  "run_48": 1.2805352569625281,
  "run_49": 1.2850713857263436,
  "run_50": 1.2824344164593557,
  "run_51": 1.28187858797741,
  "run_52": 1.281153775124776,
  "run_53": 1.2794106867431299,
  "run_54": 1.282127099887078,
  "run_55": 1.2825385499983495,
  "run_56": 1.2831021606612991,
  "run_57": 1.2812511368480672,
  "run_58": 1.2819107902590063,
  "run_59": 1.2843151561050667,
  "run_60": 1.2819222096486351,
  "run_61": 1.2860048686698147,
  "run_62": 1.27943571100813,
  "run_63": 1.283324486283128,
  "run_64": 1.2811919619113117,
  "run_65": 1.2810754857245539,
  "run_66": 1.2835874233623779,
  "run_67": 1.2808188242380707,
  "run_68": 1.281298258287454,
  "run_69": 1.280261345095389,
  "run_70": 1.282709813885135,
  "run_71": 1.2797152840450499,
  "run_72": 1.2803135366718024,
  "run_73": 1.281497197121171,
  "run_74": 1.2814197785214745,
  "run_75": 1.2823855157208996,
  "run_76": 1.2815961438155554,
  "run_77": 1.2810616525253593,
  "run_78": 1.2845449514536202,
  "run_79": 1.2814352973313459,
  "run_80": 1.2814926656512557,
  "run_81": 1.2832870199494093,
  "run_82": 1.278850577736422,
  "run_83": 1.2823989968359126,
  "run_84": 1.281915731484648,
  "run_85": 1.2825820979956601,
  "run_86": 1.2837680374133988,
  "run_87": 1.281773007704158,
  "run_88": 1.2779167327858154,
  "run_89": 1.2832633005290879,
  "run_90": 1.281107261381048,
  "run_91": 1.2817763896035093,
  "run_92": 1.2844282828945812,
  "run_93": 1.2786735314831974,
  "run_94": 1.2811925872008065,
  "run_95": 1.281516853714847,
  "run_96": 1.279958346970684,
  "run_97": 1.281963228026323,
  "run_98": 1.2803613858877292,
  "run_99": 1.2830475143029993
}