{
  "run_0": 1.2800307063052867,
  "run_1": 1.2828159841244,
  "run_2": 1.2818498701169212,
  "run_3": 1.2785013119711286,
  "run_4": 1.2820586425214773,
  "run_5": 1.2841611540720255,
  "run_6": 1.2805381590467513,
  "run_7": 1.279249404064894,
  "run_8": 1.2811684576192408,
  "run_9": 1.281349651440099,
  "run_10": 1.2795623619089675,
  "run_11": 1.2815012966851107,
  "run_12": 1.2834879479616632,
  "run_13": 1.2803124770169456,
  "run_14": 1.2819024693373922,
  "run_15": 1.283808204921134,
  "run_16": 1.2829735069214596,
  "run_17": 1.2788164652546194,
  "run_18": 1.280096143924566,
  "run_19": 1.2810613109102256,
  "run_20": 1.2829617056179803,
  "run_21": 1.2807759274851653,
  "run_22": 1.2792600279731703,
  "run_23": 1.2820338592534084,
  "run_24": 1.279340780122378,
  "run_25": 1.2823859155985233,
  "run_26": 1.2817960999253786,
  "run_27": 1.2851281065947961,
  "run_28": 1.2828427859278002,
  "run_29": 1.2795279974928317,
  "run_30": 1.2793874770318907,
  "run_31": 1.2812656148546608,
  "run_32": 1.2813746944315796,
  "run_33": 1.28139051279526,
  "run_34": 1.2809223570254975,
  "run_35": 1.2803234192134352,
  "run_36": 1.2818160970796417,
  "run_37": 1.2832684703820307,
  "run_38": 1.282695318354077,
  "run_39": 1.2838158975402412,
  "run_40": 1.2828076998035212,
  "run_41": 1.2816022518789731,
  "run_42": 1.2824998746590721,
  "run_43": 1.2807786302730784,
  "run_44": 1.280376016835195,
  "run_45": 1.2843210940877587,
  "run_46": 1.2818993907926948,
  "run_47": 1.2830238524143842,
  "run_48": 1.2805985460373535,
  "run_49": 1.2815187527880512,
  "run_50": 1.27906441208223,
  "run_51": 1.2815782618368103,
  "run_52": 1.2871093000585463,
  "run_53": 1.2797885691779738,
  "run_54": 1.2792242982338236,
  "run_55": 1.284259224235412,
  "run_56": 1.2788906592346725,
  "run_57": 1.281177963336505,
  "run_58": 1.2808262412139735,
  "run_59": 1.2811051961976205,
  "run_60": 1.2822999825466397,
  "run_61": 1.2814359107147566,
  "run_62": 1.2833894034495372,
  "run_63": 1.2805236954833021,
  "run_64": 1.282422425974226,
  "run_65": 1.2793337315797169,
  "run_66": 1.2823388264452382,
  "run_67": 1.2818491112646662,
  "run_68": 1.280761729418851,
  "run_69": 1.2834118485739943,
  "run_70": 1.2809355757139143,
  "run_71": 1.2831584441254449,
  "run_72": 1.281735389165727,
  "run_73": 1.2815056556797002,
  "run_74": 1.2802218724507526,
  "run_75": 1.2803667254341602,
  "run_76": 1.2805711064552394,
  "run_77": 1.2828472822739285,
  "run_78": 1.2880091833356877,
  "run_79": 1.2827472300775788,
  "run_80": 1.2811315043078095,
  "run_81": 1.2847841274381082,
  "run_82": 1.2812793406963947,
  "run_83": 1.281753449496694,
  "run_84": 1.2820843160061832,
  "run_85": 1.2783636432897754,
  "run_86": 1.2805752165934048,
  "run_87": 1.2828815296521876,
  "run_88": 1.2822496079498884,
  "run_89": 1.2837663849130556,
  "run_90": 1.2838675582987964,
  "run_91": 1.2836963076082997,
  "run_92": 1.2843028782547212,
  "run_93": 1.2816044073442692,
  "run_94": 1.2843788466798698,
  "run_95": 1.280675708765067,
  "run_96": 1.2795052672417757,
  "run_97": 1.2815817996204255,
  "run_98": 1.2799351701083896,
  "run_99": 1.2806230861409715
}