{
  "run_0": 1.280981385645206,
  "run_1": 1.2813584164836822,
  "run_2": 1.2802655814660229,
  "run_3": 1.2833214990913437,
  "run_4": 1.2831888953768578,
  "run_5": 1.2819704556381197,
  "run_6": 1.2828838060911187,
  "run_7": 1.2778288836740075,
  "run_8": 1.2809970936421244,
  "run_9": 1.2794596650080932,
  "run_10": 1.2822364355594595,
  "run_11": 1.2807399887318138,
  "run_12": 1.28270474050094,
  "run_13": 1.2825040300258355,
  "run_14": 1.2804238907819503,
  "run_15": 1.2821698338831509,
  "run_16": 1.2803424190998576,
  "run_17": 1.2815796866834503,
  "run_18": 1.2813477273659402,
  "run_19": 1.2851634145443998,
  "run_20": 1.2799900324145574,
  "run_21": 1.2801699558143356,
  "run_22": 1.2822640640996847,
  "run_23": 1.2819906117836934,
  "run_24": 1.2814120652306484,
  "run_25": 1.282814492569762,
  "run_26": 1.2804414517711709,
  "run_27": 1.2832342772500105,
  "run_28": 1.2828846040896689,
  "run_29": 1.2838860843544027,
  "run_30": 1.281084660658194,
  "run_31": 1.280718690242407,
  "run_32": 1.2800379149041476,
  "run_33": 1.277122604408415,
  "run_34": 1.2818734331366717,
  "run_35": 1.2809830402032276,
  "run_36": 1.2811977242971548,
  "run_37": 1.2830159436297501,
  "run_38": 1.2767335995972293,
  "run_39": 1.2819994864083515,
  "run_40": 1.2793033917956795,
  "run_41": 1.2819876290371564,
  "run_42": 1.2818802182757605,
  "run_43": 1.2829314943264247,
  "run_44": 1.2795931240995326,
  "run_45": 1.280853652531376,
  "run_46": 1.281388960267813,
  "run_47": 1.2836629211011645,
  "run_48": 1.2806944346703437,
  "run_49": 1.2827637636357656,
  "run_50": 1.2856616221021095,
  "run_51": 1.2827407211181063,
  "run_52": 1.2809370685903692,
  "run_53": 1.2861562919302434,
  "run_54": 1.278318526178594,
  "run_55": 1.2809579203169859,
  "run_56": 1.278715965955769,
  "run_57": 1.280908306837547,
  "run_58": 1.2794777061185674,
  "run_59": 1.280479867608794,
  "run_60": 1.2791815994330777,
  "run_61": 1.2826551239870383,
  "run_62": 1.2840101275188862,
  "run_63": 1.2803793112435213,
  "run_64": 1.2799856129145775,
  "run_65": 1.2828616732644205,
  "run_66": 1.2784240996937455,
  "run_67": 1.2811773175345071,
  "run_68": 1.2790846811526118,
  "run_69": 1.2809437469655505,
  "run_70": 1.2806516066828375,
  "run_71": 1.2812091946427364,
  "run_72": 1.2822767800188877,
  "run_73": 1.2834848724390606,
  "run_74": 1.284556852665657,
  "run_75": 1.2808164499196524,
  "run_76": 1.2822733550156815,
  "run_77": 1.2797432106488573,
  "run_78": 1.2834736159040359,
  "run_79": 1.2800809433332732,
  "run_80": 1.2806998105061298,
  "run_81": 1.2809003741279854,
  "run_82": 1.2829156081462976,
  "run_83": 1.2786202928474983,
  "run_84": 1.2816429298941685,
  "run_85": 1.2830376646012038,
  "run_86": 1.2771658801128785,
  "run_87": 1.2815098638740883,
  "run_88": 1.2842747334746278,
  "run_89": 1.2824481560277021,
  "run_90": 1.285277405622329,
  "run_91": 1.277556461484742,
  "run_92": 1.2823248304884243,
  "run_93": 1.2803764594249576,
  "run_94": 1.2787351746597155,
  "run_95": 1.2815489762621328,
  "run_96": 1.281164781290101,
  "run_97": 1.2803572889410553,
  "run_98": 1.2816878344586844,
  "run_99": 1.2822431442859406
}