{
  "run_0": 0.5249862713308503,
  "run_1": 0.5245563374172301,
  "run_2": 0.5225322513618289,
  "run_3": 0.5248072076034608,
  "run_4": 0.5253794100776852,
  "run_5": 0.5244898786458206,
  "run_6": 0.5258205435587461,
  "run_7": 0.5261969599813191,
  "run_8": 0.5249226906437913,
  "run_9": 0.5270368969237529,
  "run_10": 0.5222980460056607,
  "run_11": 0.524108731150849,
  "run_12": 0.5236345545712764,
  "run_13": 0.5259707259478452,
  "run_14": 0.5261663417299621,
  "run_15": 0.5225412159172792,
  "run_16": 0.5255738654522071,
  "run_17": 0.5244676016570282,
  "run_18": 0.5248592993674398,
  "run_19": 0.5204840559213961,
  "run_20": 0.5229045336993718,
  "run_21": 0.5221917988730718,
  "run_22": 0.5246533387385107,
  "run_23": 0.5248692811947706,
  "run_24": 0.5235457379528735,
  "run_25": 0.5242480691606671,
  "run_26": 0.5220443529453368,
  "run_27": 0.5232074773016133,
  "run_28": 0.5262320988369388,
  "run_29": 0.5250637781174607,
  "run_30": 0.524372107994166,
  "run_31": 0.5228837512720224,
  "run_32": 0.5238050348384926,
  "run_33": 0.5249939578146957,
  "run_34": 0.5216909774450593,
  "run_35": 0.5253298871154438,
  "run_36": 0.5263989498568188,
  "run_37": 0.5241282905548122,
  "run_38": 0.5252565714835923,
  "run_39": 0.525102769533929,
  "run_40": 0.5254588681103896,
  "run_41": 0.5258445329661322,
  "run_42": 0.5225886591459956,
  "run_43": 0.5257761188799975,
  "run_44": 0.5238987902168537,
  "run_45": 0.5255238584119627,
  "run_46": 0.5248925372354581,
  "run_47": 0.5214331221667842,
  "run_48": 0.5237342645242246,
  "run_49": 0.5232219262485984,
  "run_50": 0.5258632396444627,
  "run_51": 0.5248772457348391,
  "run_52": 0.5227482386164262,
  "run_53": 0.523887049182794,
  "run_54": 0.5232111982447417,
  "run_55": 0.5239895568381243,
  "run_56": 0.5242061822395794,
  "run_57": 0.5224685523458289,
  "run_58": 0.5254710258259145,
  "run_59": 0.5230074483161734,
  "run_60": 0.5234761485168089,
  "run_61": 0.5260887715200901,
  "run_62": 0.5244231034514799,
  "run_63": 0.5241060410264019,
  "run_64": 0.5230939058206879,
  "run_65": 0.5261895746305875,
  "run_66": 0.5248801538880196,
  "run_67": 0.522454113357861,
  "run_68": 0.5252625400266391,
  "run_69": 0.5216409838379565,
  "run_70": 0.5253723130418967,
  "run_71": 0.5239716140656814,
  "run_72": 0.5266622977165822,
  "run_73": 0.5248234564183959,
  "run_74": 0.5236142590081098,
  "run_75": 0.5264935751022951,
  "run_76": 0.5271254324463012,
  "run_77": 0.5234122090562282,
  "run_78": 0.5253357784915097,
  "run_79": 0.5229093245912779,
  "run_80": 0.5254077373036165,
  "run_81": 0.525534318213818,
  "run_82": 0.526611663298919,
  "run_83": 0.5245710164683552,
  "run_84": 0.52593459635666,
  "run_85": 0.5242426033829354,
  "run_86": 0.5231806255885283,
  "run_87": 0.525574680834723,
  "run_88": 0.5221274781578278,
  "run_89": 0.5239480593589563,
  "run_90": 0.5255178351392629,
  "run_91": 0.5235499034233021,
  "run_92": 0.5250787064961946,
  "run_93": 0.522408899798248,
  "run_94": 0.5241625503056411,
  "run_95": 0.5230229588761445,
  "run_96": 0.5236699290903942,
  "run_97": 0.523033032903787,
  "run_98": 0.5237023691085306,
  "run_99": 0.5254028041244392
}