{
  "run_0": 1.7530862951259414,
  "run_1": 1.7514181454315714,
  "run_2": 1.7506733825549579,
  "run_3": 1.7496353617030516,
  "run_4": 1.7494906945043338,
  "run_5": 1.7534984083893688,
  "run_6": 1.7495914231650933,
  "run_7": 1.7502628619958185,
  "run_8": 1.7483360950803732,
  "run_9": 1.7526567538075195,
  "run_10": 1.7505708436837257,
  "run_11": 1.7508284709223156,
  "run_12": 1.7544745167854872,
  "run_13": 1.7498759542641835,
  "run_14": 1.7495293845684803,
  "run_15": 1.7464930694399767,
  "run_16": 1.7527248637473598,
  "run_17": 1.7505694419161286,
  "run_18": 1.7489120097992157,
  "run_19": 1.751764481433969,
  "run_20": 1.7512485204420676,
  "run_21": 1.7520514480754983,
  "run_22": 1.7495386481465047,
  "run_23": 1.7476263338235913,
  "run_24": 1.7508892664637052,
  "run_25": 1.752864642937579,
  "run_26": 1.749269769096216,
  "run_27": 1.7514462605466752,
  "run_28": 1.752334081180319,
  "run_29": 1.751171135582576,
  "run_30": 1.7483370138136656,
  "run_31": 1.7514059089936567,
  "run_32": 1.7522312425552735,
  "run_33": 1.7540771693531259,
  "run_34": 1.7503625737377355,
  "run_35": 1.752224084294019,
  "run_36": 1.7521636704724757,
  "run_37": 1.7518007910838473,
  "run_38": 1.7503852185356166,
  "run_39": 1.7510300228099653,
  "run_40": 1.751334008054127,
  "run_41": 1.7455509116925123,
  "run_42": 1.7490943682517606,
  "run_43": 1.7544484443886768,
  "run_44": 1.7483235951688485,
  "run_45": 1.7489589278687032,
  "run_46": 1.7499356620679365,
  "run_47": 1.7485943761972123,
  "run_48": 1.7520528510376785,
  "run_49": 1.7494668033613847,
  "run_50": 1.7513655545085363,
  "run_51": 1.7495135566044704,
  "run_52": 1.749078631831679,
  "run_53": 1.74928543430177,
  "run_54": 1.747032298098429,
  "run_55": 1.7495544872932078,
  "run_56": 1.7480609890468422,
  "run_57": 1.7509404435798834,
  "run_58": 1.7516374762451132,
  "run_59": 1.7490746633694032,
  "run_60": 1.7541777454965815,
  "run_61": 1.7500771532121773,
  "run_62": 1.7477314619747044,
  "run_63": 1.7477265928453631,
  "run_64": 1.7527863427822115,
  "run_65": 1.7496695988095134,
  "run_66": 1.7503843366177507,
  "run_67": 1.7486448940179664,
  "run_68": 1.7471957212540394,
  "run_69": 1.7499141202715776,
  "run_70": 1.7489967082597488,
  "run_71": 1.7509444003903165,
  "run_72": 1.7506645140141082,
  "run_73": 1.7479953801347698,
  "run_74": 1.7497678694926322,
  "run_75": 1.754052672964268,
  "run_76": 1.7476103294904246,
  "run_77": 1.7518238301684614,
  "run_78": 1.7502867282294852,
  "run_79": 1.7498833958287148,
  "run_80": 1.75048384515816,
  "run_81": 1.7537985719023488,
  "run_82": 1.7547596785666548,
  "run_83": 1.7479802202644694,
  "run_84": 1.7516205850811608,
  "run_85": 1.749253621433122,
  "run_86": 1.7511875091167075,
  "run_87": 1.75095878979679,
  "run_88": 1.7494029694759887,
  "run_89": 1.749235613748572,
  "run_90": 1.7498003036196426,
  "run_91": 1.75057496331008,
  "run_92": 1.7513926668504984,
  "run_93": 1.7467194320855415,
  "run_94": 1.751929461761616,
  "run_95": 1.7527743735761394,
  "run_96": 1.7517356463670783,
  "run_97": 1.7479541477365124,
  "run_98": 1.7492897284558262,
  "run_99": 1.7510198399193801
}