{
  "run_0": 0.8385123392210195,
  "run_1": 0.8406159285443837,
  "run_2": 0.84027582636983,
  "run_3": 0.8435247698925435,
  "run_4": 0.8380189765174189,
  "run_5": 0.8416854776608189,
  "run_6": 0.8408913504450555,
  "run_7": 0.8419808476224708,
  "run_8": 0.8399959438521307,
  "run_9": 0.8406783172705549,
  "run_10": 0.8423099489127323,
  "run_11": 0.8394743676811252,
  "run_12": 0.8413922196900749,
  "run_13": 0.8441562428022742,
  "run_14": 0.839924786016992,
  "run_15": 0.841533629302891,
  "run_16": 0.8414609328178796,
  "run_17": 0.8422703161657418,
  "run_18": 0.8412298481404543,
  "run_19": 0.8402263712805532,
  "run_20": 0.8412517725240083,
  "run_21": 0.8417873726392968,
  "run_22": 0.8429113390151115,
  "run_23": 0.8407731748029892,
  "run_24": 0.8410766803681514,
  "run_25": 0.8415508062567519,
  "run_26": 0.8421018989246765,
  "run_27": 0.8432748405108141,
  "run_28": 0.8410829769574321,
  "run_29": 0.8412268940663776,
  "run_30": 0.8419114300027707,
  "run_31": 0.8437415471845688,
  "run_32": 0.8426840346007974,
  "run_33": 0.8411895476420131,
  "run_34": 0.844432046217908,
  "run_35": 0.8384827992596339,
  "run_36": 0.8423426670935781,
  "run_37": 0.8403892879962741,
  "run_38": 0.8412722711177965,
  "run_39": 0.8421153345317298,
  "run_40": 0.8400784068842339,
  "run_41": 0.8409240179716287,
  "run_42": 0.8426773979609027,
  "run_43": 0.843545834149321,
  "run_44": 0.8400992426111494,
  "run_45": 0.8410767029503338,
  "run_46": 0.8411785700526103,
  "run_47": 0.8434167111188431,
  "run_48": 0.8415637414555048,
  "run_49": 0.8407071073382737,
  "run_50": 0.8430342983731675,
  "run_51": 0.8428628235244068,
  "run_52": 0.8391394094142344,
  "run_53": 0.8444021011114264,
  "run_54": 0.8432441223209569,
  "run_55": 0.8440660521018988,
  "run_56": 0.8431164448347851,
  "run_57": 0.8418783325671222,
  "run_58": 0.8402028189155836,
  "run_59": 0.8408746497931929,
  "run_60": 0.8446596741664324,
  "run_61": 0.8424321616722518,
  "run_62": 0.8425937776087739,
  "run_63": 0.8421713848596623,
  "run_64": 0.8398525473665653,
  "run_65": 0.8408840722660785,
  "run_66": 0.840066450020699,
  "run_67": 0.8443686803294336,
  "run_68": 0.840377698529523,
  "run_69": 0.844866299699598,
  "run_70": 0.8408834917055047,
  "run_71": 0.8386440294257792,
  "run_72": 0.8432601930796944,
  "run_73": 0.8409276369160104,
  "run_74": 0.8397992465138762,
  "run_75": 0.8416121269256316,
  "run_76": 0.8400400223879136,
  "run_77": 0.8428851229022127,
  "run_78": 0.841966283695316,
  "run_79": 0.8428798384613164,
  "run_80": 0.8437733793288419,
  "run_81": 0.8440821252084579,
  "run_82": 0.8425638638531625,
  "run_83": 0.8403569159772698,
  "run_84": 0.8408876771352894,
  "run_85": 0.8411604303739636,
  "run_86": 0.8396588542833482,
  "run_87": 0.8421877729419046,
  "run_88": 0.8423949466380783,
  "run_89": 0.8416557932783943,
  "run_90": 0.8426664239297093,
  "run_91": 0.8423368458579402,
  "run_92": 0.8408189801298449,
  "run_93": 0.8416109832361034,
  "run_94": 0.8419442928202207,
  "run_95": 0.8422314571908123,
  "run_96": 0.8408627155130944,
  "run_97": 0.8398310191781457,
  "run_98": 0.8419325425316285,
  "run_99": 0.8436741477439333
}