{
  "run_0": 2.0553223598197956,
  "run_1": 2.0495450131243795,
  "run_2": 2.0496165992615287,
  "run_3": 2.0520878732146137,
  "run_4": 2.06178229545698,
  "run_5": 2.053614434138299,
  "run_6": 2.0601876712053246,
  "run_7": 2.0561264063722207,
  "run_8": 2.0550248686708668,
  "run_9": 2.0550875575560723,
  "run_10": 2.0533454343798434,
  "run_11": 2.05568465467986,
  "run_12": 2.055110112195427,
  "run_13": 2.050054082435249,
  "run_14": 2.0578410414061516,
  "run_15": 2.0541865874125023,
  "run_16": 2.057493463102989,
  "run_17": 2.0479807623226076,
  "run_18": 2.0566823028784813,
  "run_19": 2.0547976226049487,
  "run_20": 2.053456142942738,
  "run_21": 2.0505042643541307,
  "run_22": 2.060204824975943,
  "run_23": 2.0541164803236143,
  "run_24": 2.0544956611944376,
  "run_25": 2.049963098532727,
  "run_26": 2.056272764370434,
  "run_27": 2.0561368867717125,
  "run_28": 2.050181990856867,
  "run_29": 2.0499467189999283,
  "run_30": 2.0528055401772973,
  "run_31": 2.056481659678459,
  "run_32": 2.056920388390383,
  "run_33": 2.0498381134984087,
  "run_34": 2.0565874780897775,
  "run_35": 2.056073973187013,
  "run_36": 2.055833369274594,
  "run_37": 2.047337337416446,
  "run_38": 2.0519875424978675,
  "run_39": 2.0547387554649825,
  "run_40": 2.050142030048832,
  "run_41": 2.0528310349284444,
  "run_42": 2.0531510947205347,
  "run_43": 2.0513407190547133,
  "run_44": 2.050258944119219,
  "run_45": 2.0542649043676375,
  "run_46": 2.0506934897883076,
  "run_47": 2.0478625742013423,
  "run_48": 2.054735559101192,
  "run_49": 2.0547899820955213,
  "run_50": 2.055937998748335,
  "run_51": 2.054620521065619,
  "run_52": 2.053316951145926,
  "run_53": 2.055453177916878,
  "run_54": 2.0521294935517624,
  "run_55": 2.056618947685233,
  "run_56": 2.0491027982394074,
  "run_57": 2.053850047361877,
  "run_58": 2.0572801553011892,
  "run_59": 2.0543143751821735,
  "run_60": 2.054934975929582,
  "run_61": 2.055478165921125,
  "run_62": 2.055309447984724,
  "run_63": 2.053324938171141,
  "run_64": 2.05264166864001,
  "run_65": 2.0520408404395436,
  "run_66": 2.0527645623791018,
  "run_67": 2.0539627220187144,
  "run_68": 2.0539952491458964,
  "run_69": 2.060451152312756,
  "run_70": 2.055188623483099,
  "run_71": 2.0544507194469612,
  "run_72": 2.0482441138797,
  "run_73": 2.054232855685495,
  "run_74": 2.0509206643705515,
  "run_75": 2.0562268290065138,
  "run_76": 2.0514029951002017,
  "run_77": 2.053287101257949,
  "run_78": 2.056481305510166,
  "run_79": 2.0559604577909245,
  "run_80": 2.056000151362357,
  "run_81": 2.057631578298621,
  "run_82": 2.048382193330938,
  "run_83": 2.051723942572376,
  "run_84": 2.0545591221968897,
  "run_85": 2.054120128941998,
  "run_86": 2.051742345897367,
  "run_87": 2.0599938334349397,
  "run_88": 2.054665081306075,
  "run_89": 2.0507098685025977,
  "run_90": 2.053143923409191,
  "run_91": 2.059415275057909,
  "run_92": 2.0530460682588414,
  "run_93": 2.0513782401645204,
  "run_94": 2.0502219854990362,
  "run_95": 2.0507860704954766,
  "run_96": 2.0563437595602356,
  "run_97": 2.0580642169773777,
  "run_98": 2.051852990461721,
  "run_99": 2.0544137662516646
}