{
  "run_0": 2.326125252129068,
  "run_1": 2.324846955649828,
  "run_2": 2.3283380439667547,
  "run_3": 2.3302092625482405,
  "run_4": 2.32448974800825,
  "run_5": 2.3237545850020793,
  "run_6": 2.3186528378523246,
  "run_7": 2.323229418907376,
  "run_8": 2.3314091147809197,
  "run_9": 2.3197229420435397,
  "run_10": 2.323216180836102,
  "run_11": 2.325651899273832,
  "run_12": 2.326848476356387,
  "run_13": 2.326769928576502,
  "run_14": 2.3253462462460703,
  "run_15": 2.330198949976995,
  "run_16": 2.327690390277702,
  "run_17": 2.3227271852807228,
  "run_18": 2.331191156440436,
  "run_19": 2.3282424468208323,
  "run_20": 2.322507359368436,
  "run_21": 2.32305107588425,
  "run_22": 2.3287657870105396,
  "run_23": 2.3302639731791186,
  "run_24": 2.327285925964079,
  "run_25": 2.3290161531329465,
  "run_26": 2.32667938004038,
  "run_27": 2.3334220321686288,
  "run_28": 2.323916464093231,
  "run_29": 2.3222457402110512,
  "run_30": 2.326129234520162,
  "run_31": 2.326122793263643,
  "run_32": 2.3179643156840717,
  "run_33": 2.3280721184971886,
  "run_34": 2.325296817280753,
  "run_35": 2.328686345678158,
  "run_36": 2.3295112683476207,
  "run_37": 2.3256918830570217,
  "run_38": 2.321866502043163,
  "run_39": 2.329164206765867,
  "run_40": 2.3230487594389837,
  "run_41": 2.3207893764475767,
  "run_42": 2.3234931318788106,
  "run_43": 2.32009521007617,
  "run_44": 2.3334808965172766,
  "run_45": 2.326939829367821,
  "run_46": 2.328736399749792,
  "run_47": 2.317740617683719,
  "run_48": 2.3281959504439445,
  "run_49": 2.331980882930252,
  "run_50": 2.3230911155518394,
  "run_51": 2.3238621162108175,
  "run_52": 2.324770143829141,
  "run_53": 2.3272547425539902,
  "run_54": 2.3277895698191813,
  "run_55": 2.3272331005732725,
  "run_56": 2.327512031223452,
  "run_57": 2.327897564532421,
  "run_58": 2.329866387360925,
  "run_59": 2.323516183763134,
  "run_60": 2.327151221927869,
  "run_61": 2.326321092847048,
  "run_62": 2.3289784214373337,
  "run_63": 2.32053673178491,
  "run_64": 2.3268899444261777,
  "run_65": 2.319546859801849,
  "run_66": 2.338370361378766,
  "run_67": 2.325389881624398,
  "run_68": 2.3249982097192525,
  "run_69": 2.3333182592218322,
  "run_70": 2.3249431732547596,
  "run_71": 2.3209973415603367,
  "run_72": 2.3318544631594924,
  "run_73": 2.327893257101143,
  "run_74": 2.329436383769394,
  "run_75": 2.3282855596656096,
  "run_76": 2.323369571712287,
  "run_77": 2.3239144814112715,
  "run_78": 2.328840970647381,
  "run_79": 2.321101594856394,
  "run_80": 2.3253305339577732,
  "run_81": 2.329645780097651,
  "run_82": 2.328826709785845,
  "run_83": 2.3216468844229743,
  "run_84": 2.3224951538917398,
  "run_85": 2.325116302712371,
  "run_86": 2.322385430168213,
  "run_87": 2.3273572833419265,
  "run_88": 2.3256202077838743,
  "run_89": 2.3263195603103624,
  "run_90": 2.3337839206202777,
  "run_91": 2.3269478832378723,
  "run_92": 2.319633625174312,
  "run_93": 2.3331405042305517,
  "run_94": 2.327300982185198,
  "run_95": 2.327809565114601,
  "run_96": 2.3308799511814904,
  "run_97": 2.326457768457476,
  "run_98": 2.3213924400176777,
  "run_99": 2.3234818015101046
}