{
  "run_0": 1.282015105003226,
  "run_1": 1.281347005426826,
  "run_2": 1.282049746016425,
  "run_3": 1.2800394220098295,
  "run_4": 1.282005076847319,
  "run_5": 1.2808353720091863,
  "run_6": 1.2826574210517365,
  "run_7": 1.2830139447772593,
  "run_8": 1.2827286715948343,
  "run_9": 1.286116948430461,
  "run_10": 1.2820037981877532,
  "run_11": 1.282160209561786,
  "run_12": 1.2814961526562276,
  "run_13": 1.2816182354968866,
  "run_14": 1.2815456974847148,
  "run_15": 1.2834982827033252,
  "run_16": 1.2833236053608104,
  "run_17": 1.2801397876989058,
  "run_18": 1.283326808051842,
  "run_19": 1.2841632301975492,
  "run_20": 1.2823217213934244,
  "run_21": 1.2805688581417463,
  "run_22": 1.2784519396247187,
  "run_23": 1.2827065828988855,
  "run_24": 1.2812916794745424,
  "run_25": 1.2817548745109193,
  "run_26": 1.280136291184344,
  "run_27": 1.281182310508553,
  "run_28": 1.2825590759700667,
  "run_29": 1.2772515731557585,
  "run_30": 1.2810024742121204,
  "run_31": 1.2825205429751803,
  "run_32": 1.2797924721892466,
  "run_33": 1.2829467280318465,
  "run_34": 1.2816638389503812,
  "run_35": 1.2802889960733077,
  "run_36": 1.280461293813496,
  "run_37": 1.2820988523403576,
  "run_38": 1.279984637618028,
  "run_39": 1.2829447519583046,
  "run_40": 1.280226008550207,
  "run_41": 1.2797495948146975,
  "run_42": 1.2801492883517562,
  "run_43": 1.2820131264212424,
  "run_44": 1.2826121171224754,
  "run_45": 1.2838043550720901,
  "run_46": 1.2788387278638382,
  "run_47": 1.2837650189373568,
  "run_48": 1.283048067075269,
  "run_49": 1.2810535273541945,
  "run_50": 1.2836541954552625,
  "run_51": 1.2809121679080873,
  "run_52": 1.2804206816194785,
  "run_53": 1.2833380357764694,
  "run_54": 1.2806969199560463,
  "run_55": 1.2789307200600508,
  "run_56": 1.2806114962701778,
  "run_57": 1.280248974951733,
  "run_58": 1.2821988314591968,
  "run_59": 1.2802361808527645,
  "run_60": 1.2812156345142167,
  "run_61": 1.2828131798148612,
  "run_62": 1.279953151088983,
  "run_63": 1.2825501893447118,
  "run_64": 1.2820914352238895,
  "run_65": 1.282111486356229,
  "run_66": 1.2820707967266272,
  "run_67": 1.282348819857055,
  "run_68": 1.2790145210131167,
  "run_69": 1.281492739728676,
  "run_70": 1.2783704605768962,
  "run_71": 1.281511059596001,
  "run_72": 1.2810387088338533,
  "run_73": 1.280331277995522,
  "run_74": 1.282228691945957,
  "run_75": 1.2833539648563597,
  "run_76": 1.28122101299837,
  "run_77": 1.2824965888381923,
  "run_78": 1.2829791737180454,
  "run_79": 1.283925544205547,
  "run_80": 1.2814745629871833,
  "run_81": 1.2811097581074606,
  "run_82": 1.2830699748601333,
  "run_83": 1.2823162430092607,
  "run_84": 1.283697748382847,
  "run_85": 1.280704276687673,
  "run_86": 1.2818128031656335,
  "run_87": 1.2809136092827642,
  "run_88": 1.28258722938451,
  "run_89": 1.281841354678228,
  "run_90": 1.2818666307374156,
  "run_91": 1.2814996600573614,
  "run_92": 1.2833900947476276,
  "run_93": 1.2819842211174595,
  "run_94": 1.2790039674565479,
  "run_95": 1.2774346436363657,
  "run_96": 1.2800147352277287,
  "run_97": 1.2796302747211168,
  "run_98": 1.2816389354194593,
  "run_99": 1.277240100942243
}