{
  "run_0": 1.7492742109322235,
  "run_1": 1.751777570218399,
  "run_2": 1.7495735921426792,
  "run_3": 1.7508396024873107,
  "run_4": 1.751695352726319,
  "run_5": 1.750985731714818,
  "run_6": 1.7560891639424656,
  "run_7": 1.7555215858617945,
  "run_8": 1.7498578279043073,
  "run_9": 1.7504364337091673,
  "run_10": 1.7510904844488575,
  "run_11": 1.752050921018896,
  "run_12": 1.7462807154087554,
  "run_13": 1.7490442456831592,
  "run_14": 1.7527147766275075,
  "run_15": 1.7521018601989615,
  "run_16": 1.747018902952577,
  "run_17": 1.7488404817293715,
  "run_18": 1.7516106430835245,
  "run_19": 1.7501667211392677,
  "run_20": 1.7510144010649042,
  "run_21": 1.7511108300021858,
  "run_22": 1.7511808939998152,
  "run_23": 1.751973839611611,
  "run_24": 1.7514561829687938,
  "run_25": 1.748529104033905,
  "run_26": 1.7519343985963705,
  "run_27": 1.7492511583307169,
  "run_28": 1.7510178400592031,
  "run_29": 1.752116096081465,
  "run_30": 1.7498835867128562,
  "run_31": 1.753030442245859,
  "run_32": 1.752013493935389,
  "run_33": 1.7533633904801231,
  "run_34": 1.7488553556109891,
  "run_35": 1.7533068934585083,
  "run_36": 1.7490711596305868,
  "run_37": 1.7520021380463926,
  "run_38": 1.7463091785400264,
  "run_39": 1.749015470359958,
  "run_40": 1.7510733640219511,
  "run_41": 1.7515153379629136,
  "run_42": 1.7499120452652757,
  "run_43": 1.7477720888203279,
  "run_44": 1.7482606757560841,
  "run_45": 1.7505432812657635,
  "run_46": 1.7520090748670554,
  "run_47": 1.749820860046468,
  "run_48": 1.7542372135970425,
  "run_49": 1.7508651165904923,
  "run_50": 1.7534347217231578,
  "run_51": 1.7489320217269717,
  "run_52": 1.748869412475485,
  "run_53": 1.7482629429289545,
  "run_54": 1.7490619625499495,
  "run_55": 1.7590134406519125,
  "run_56": 1.7504153744332167,
  "run_57": 1.7486279731127212,
  "run_58": 1.7505750856195639,
  "run_59": 1.7509468416072282,
  "run_60": 1.7497285313268602,
  "run_61": 1.7487442967344975,
  "run_62": 1.7484130991331863,
  "run_63": 1.7502871269871099,
  "run_64": 1.7506205045194285,
  "run_65": 1.7537790713824137,
  "run_66": 1.7532464368253122,
  "run_67": 1.749910604213266,
  "run_68": 1.7496306713131198,
  "run_69": 1.7506671820235304,
  "run_70": 1.7455195123994538,
  "run_71": 1.7506335186861195,
  "run_72": 1.7494583562386623,
  "run_73": 1.7534413263427326,
  "run_74": 1.7560862542314386,
  "run_75": 1.747347001986109,
  "run_76": 1.7521130312688324,
  "run_77": 1.7511815798044048,
  "run_78": 1.751649788613863,
  "run_79": 1.745896302829893,
  "run_80": 1.7495570432994858,
  "run_81": 1.7515837167485637,
  "run_82": 1.7502861556556244,
  "run_83": 1.7549505057926236,
  "run_84": 1.749462570985148,
  "run_85": 1.7525047540589902,
  "run_86": 1.7518375095790883,
  "run_87": 1.7482962977630598,
  "run_88": 1.7521129504953756,
  "run_89": 1.7512945829121997,
  "run_90": 1.75316920360369,
  "run_91": 1.75373618888296,
  "run_92": 1.7499905348676064,
  "run_93": 1.7529187071356183,
  "run_94": 1.7502854180297873,
  "run_95": 1.7499895366494087,
  "run_96": 1.7494409779626656,
  "run_97": 1.7490266447132348,
  "run_98": 1.7500556671423741,
  "run_99": 1.751896977454123
}