{
  "run_0": 2.052992338149223,
  "run_1": 2.0459722801118962,
  "run_2": 2.0530611919985935,
  "run_3": 2.054710005948838,
  "run_4": 2.054620027975907,
  "run_5": 2.0569787453424713,
  "run_6": 2.054193987634648,
  "run_7": 2.055262886632262,
  "run_8": 2.0538427526405303,
  "run_9": 2.057487475267185,
  "run_10": 2.053135127338305,
  "run_11": 2.0600887621834048,
  "run_12": 2.051162814177882,
  "run_13": 2.0549047651318824,
  "run_14": 2.051109698363741,
  "run_15": 2.0534953736978605,
  "run_16": 2.0515491156032866,
  "run_17": 2.0537850986508426,
  "run_18": 2.0499681377823933,
  "run_19": 2.0533659048181025,
  "run_20": 2.0549239600312106,
  "run_21": 2.053952869339468,
  "run_22": 2.0512932356060762,
  "run_23": 2.053419706179256,
  "run_24": 2.053595839391014,
  "run_25": 2.0555942300853896,
  "run_26": 2.0544230395410192,
  "run_27": 2.0578974542544106,
  "run_28": 2.0554025249573096,
  "run_29": 2.0516366490524347,
  "run_30": 2.0532663029210956,
  "run_31": 2.0507711247789175,
  "run_32": 2.0520780553006235,
  "run_33": 2.054491176425918,
  "run_34": 2.0547084840508836,
  "run_35": 2.055842031997733,
  "run_36": 2.0508700498633496,
  "run_37": 2.0534123635771895,
  "run_38": 2.056062293193002,
  "run_39": 2.0520533319838896,
  "run_40": 2.049820998231389,
  "run_41": 2.0548973961861337,
  "run_42": 2.0521704169410206,
  "run_43": 2.0567525484488947,
  "run_44": 2.0563950339019854,
  "run_45": 2.0555162834681493,
  "run_46": 2.0503974131205904,
  "run_47": 2.052318085979168,
  "run_48": 2.0524956796221345,
  "run_49": 2.053655484224943,
  "run_50": 2.052286959023718,
  "run_51": 2.0504581021369455,
  "run_52": 2.054296043099316,
  "run_53": 2.0532183075693324,
  "run_54": 2.0526397443521662,
  "run_55": 2.0529186425961785,
  "run_56": 2.0576533086078963,
  "run_57": 2.049580740632706,
  "run_58": 2.0541801304729845,
  "run_59": 2.0555311269042438,
  "run_60": 2.0541880665722814,
  "run_61": 2.056233598257206,
  "run_62": 2.051174299771473,
  "run_63": 2.0500446318536616,
  "run_64": 2.0550594924649133,
  "run_65": 2.047973332845342,
  "run_66": 2.0516698750404303,
  "run_67": 2.054920434707361,
  "run_68": 2.057037214434338,
  "run_69": 2.0509353044864587,
  "run_70": 2.0548984657132925,
  "run_71": 2.0552350292930326,
  "run_72": 2.0557030765351487,
  "run_73": 2.0541549950909785,
  "run_74": 2.0506337627647757,
  "run_75": 2.0567366644411793,
  "run_76": 2.049293084043997,
  "run_77": 2.049426515086407,
  "run_78": 2.0485034499293464,
  "run_79": 2.054204536714429,
  "run_80": 2.051300364609514,
  "run_81": 2.051755591822761,
  "run_82": 2.0569205169237756,
  "run_83": 2.051357845159327,
  "run_84": 2.0534157773495556,
  "run_85": 2.0549994017335678,
  "run_86": 2.0517814644182306,
  "run_87": 2.0518089215381767,
  "run_88": 2.0569564220416594,
  "run_89": 2.0571400049271658,
  "run_90": 2.051117369972112,
  "run_91": 2.050528231375718,
  "run_92": 2.051572397769865,
  "run_93": 2.0524973566517835,
  "run_94": 2.049633132958721,
  "run_95": 2.0563599861599755,
  "run_96": 2.0538440006014325,
  "run_97": 2.054739329400871,
  "run_98": 2.052254522107531,
  "run_99": 2.058186814508561
}