{
  "run_0": 2.052892484660227,
  "run_1": 2.0517896348984515,
  "run_2": 2.060880647964453,
  "run_3": 2.0564755121885487,
  "run_4": 2.0529996640314847,
  "run_5": 2.0512150770156277,
  "run_6": 2.052736725389968,
  "run_7": 2.0578761368561427,
  "run_8": 2.053257440676893,
  "run_9": 2.0508066097563997,
  "run_10": 2.058703619650936,
  "run_11": 2.05184776767447,
  "run_12": 2.0560233332390956,
  "run_13": 2.052981060151187,
  "run_14": 2.050226577960853,
  "run_15": 2.0595908947387023,
  "run_16": 2.0516270473882874,
  "run_17": 2.0553826493283585,
  "run_18": 2.055822099304821,
  "run_19": 2.056361437596829,
  "run_20": 2.0535861753005165,
  "run_21": 2.054329854823304,
  "run_22": 2.051030455187813,
  "run_23": 2.0615377599443723,
  "run_24": 2.054177573581765,
  "run_25": 2.0575914900631256,
  "run_26": 2.049066843185529,
  "run_27": 2.0527975863602808,
  "run_28": 2.05563170849982,
  "run_29": 2.053830209778157,
  "run_30": 2.0539188335919585,
  "run_31": 2.0524326736310443,
  "run_32": 2.0544018160428448,
  "run_33": 2.052498595913793,
  "run_34": 2.047797549570141,
  "run_35": 2.0561168387831987,
  "run_36": 2.0552158365023887,
  "run_37": 2.049539261371982,
  "run_38": 2.053685669946292,
  "run_39": 2.0578968585770396,
  "run_40": 2.054485660226531,
  "run_41": 2.056459212113242,
  "run_42": 2.0549890499654593,
  "run_43": 2.051639013013446,
  "run_44": 2.052669978693497,
  "run_45": 2.05775096425432,
  "run_46": 2.056211620423327,
  "run_47": 2.052700934013646,
  "run_48": 2.0553979871760077,
  "run_49": 2.0525680955552605,
  "run_50": 2.055644126596207,
  "run_51": 2.0529157890294707,
  "run_52": 2.0555111767776424,
  "run_53": 2.0540274844968196,
  "run_54": 2.059334382833163,
  "run_55": 2.054768657427539,
  "run_56": 2.05146069991676,
  "run_57": 2.052820828072442,
  "run_58": 2.055650299293972,
  "run_59": 2.054837911064367,
  "run_60": 2.051300210182979,
  "run_61": 2.0479715705258577,
  "run_62": 2.0512240141905163,
  "run_63": 2.0547449528161352,
  "run_64": 2.0499681815889548,
  "run_65": 2.051477426713348,
  "run_66": 2.053629751136589,
  "run_67": 2.0534574174233695,
  "run_68": 2.0555155301632744,
  "run_69": 2.0535299135190916,
  "run_70": 2.055810772417368,
  "run_71": 2.055557151872593,
  "run_72": 2.0598864117887836,
  "run_73": 2.048718522617689,
  "run_74": 2.052843074098545,
  "run_75": 2.0501137126161026,
  "run_76": 2.0554498113963953,
  "run_77": 2.051208062677231,
  "run_78": 2.050429425190296,
  "run_79": 2.0555321008512264,
  "run_80": 2.0524774637667593,
  "run_81": 2.0528172421775897,
  "run_82": 2.0550882942041016,
  "run_83": 2.0527287573807937,
  "run_84": 2.056691768971098,
  "run_85": 2.0558336334185032,
  "run_86": 2.056893061409799,
  "run_87": 2.055565632041492,
  "run_88": 2.0513902757744455,
  "run_89": 2.053064865805328,
  "run_90": 2.0489872415062127,
  "run_91": 2.053167339750933,
  "run_92": 2.052949026913462,
  "run_93": 2.054702143473488,
  "run_94": 2.05312055418949,
  "run_95": 2.0562263513264534,
  "run_96": 2.054649420835243,
  "run_97": 2.0534259690331416,
  "run_98": 2.0602933579814233,
  "run_99": 2.0548143259704243
}