{
  "run_0": 1.7491280272146685,
  "run_1": 1.7479640470385096,
  "run_2": 1.749375202330161,
  "run_3": 1.7511011089035502,
  "run_4": 1.7501292179105818,
  "run_5": 1.7481351617093324,
  "run_6": 1.7501768283216488,
  "run_7": 1.749245455816145,
  "run_8": 1.748912047395368,
  "run_9": 1.7459865283261486
}