{
  "run_0": 0.5242192455298177,
  "run_1": 0.523315826916148,
  "run_2": 0.5227400189601527,
  "run_3": 0.5227653315979802,
  "run_4": 0.5262980585291862,
  "run_5": 0.525854401777559,
  "run_6": 0.5237824442003521,
  "run_7": 0.5230960234043508,
  "run_8": 0.5246856806084139,
  "run_9": 0.5269651451471883
}