{
  "run_0": 2.3212911619555774,
  "run_1": 2.3223032269838066,
  "run_2": 2.330031726787078,
  "run_3": 2.3211786325929564,
  "run_4": 2.325039743900149,
  "run_5": 2.327632735340424,
  "run_6": 2.3232343302055773,
  "run_7": 2.326524894594971,
  "run_8": 2.3238558322076805,
  "run_9": 2.325909535450724,
  "run_10": 2.327335771098819,
  "run_11": 2.3246374600244657,
  "run_12": 2.3275425354341186,
  "run_13": 2.319713705535002,
  "run_14": 2.3356100619345455,
  "run_15": 2.3207235643671833,
  "run_16": 2.334513061836382,
  "run_17": 2.328070497557593,
  "run_18": 2.3296518054610362,
  "run_19": 2.324700560618968,
  "run_20": 2.3285082139321838,
  "run_21": 2.3262352663643897,
  "run_22": 2.329532439054983,
  "run_23": 2.3343453375045744,
  "run_24": 2.326209763880425,
  "run_25": 2.3328728572533466,
  "run_26": 2.3364496759390327,
  "run_27": 2.325542919508267,
  "run_28": 2.3252401411230323,
  "run_29": 2.3235520647528416,
  "run_30": 2.3271076321448594,
  "run_31": 2.3317501656365676,
  "run_32": 2.3294917619647464,
  "run_33": 2.32964450797523,
  "run_34": 2.3208774792095572,
  "run_35": 2.3222617909331,
  "run_36": 2.3203004718124323,
  "run_37": 2.3251946307281446,
  "run_38": 2.3199784400103836,
  "run_39": 2.329400863639038,
  "run_40": 2.331001362084345,
  "run_41": 2.3302408307705083,
  "run_42": 2.3259312576492714,
  "run_43": 2.324528907800955,
  "run_44": 2.328997084421482,
  "run_45": 2.3240810630384003,
  "run_46": 2.32792630891309,
  "run_47": 2.3288640338513846,
  "run_48": 2.3249756313951897,
  "run_49": 2.3242991360495586,
  "run_50": 2.3229174220343936,
  "run_51": 2.3220374391305945,
  "run_52": 2.3244214749215417,
  "run_53": 2.3292061011121277,
  "run_54": 2.3254864899304915,
  "run_55": 2.3284616353479453,
  "run_56": 2.3273045692691006,
  "run_57": 2.3317643461478554,
  "run_58": 2.3272869046001077,
  "run_59": 2.328420357676469,
  "run_60": 2.3269400807984217,
  "run_61": 2.324767190013787,
  "run_62": 2.329953455304974,
  "run_63": 2.331270925549134,
  "run_64": 2.3287024571904693,
  "run_65": 2.324200225000351,
  "run_66": 2.330030778670226,
  "run_67": 2.3326603602635756,
  "run_68": 2.329519671769276,
  "run_69": 2.32910197462064,
  "run_70": 2.3368519531502945,
  "run_71": 2.326141927360646,
  "run_72": 2.321810703752749,
  "run_73": 2.326026472658738,
  "run_74": 2.3276936252464195,
  "run_75": 2.323874360623898,
  "run_76": 2.321988052032706,
  "run_77": 2.3257716933287695,
  "run_78": 2.325217864263233,
  "run_79": 2.3240052724233133,
  "run_80": 2.3309588487296846,
  "run_81": 2.327896634527605,
  "run_82": 2.32023145492772,
  "run_83": 2.326571933767308,
  "run_84": 2.325846724039537,
  "run_85": 2.3279368646581,
  "run_86": 2.3230771620566335,
  "run_87": 2.325359080361889,
  "run_88": 2.331009751251957,
  "run_89": 2.3257647440116678,
  "run_90": 2.3158983833227453,
  "run_91": 2.324127339443832,
  "run_92": 2.330151888765837,
  "run_93": 2.330616505260439,
  "run_94": 2.3314815398804303,
  "run_95": 2.329221633183715,
  "run_96": 2.3295310141557457,
  "run_97": 2.3331674921410017,
  "run_98": 2.314660079010117,
  "run_99": 2.3279614322989146
}