{
  "run_0": 0.5252330866292659,
  "run_1": 0.5258998007317789,
  "run_2": 0.5216025649777032,
  "run_3": 0.5254310623236983,
  "run_4": 0.5252903307812569,
  "run_5": 0.5233076812442953,
  "run_6": 0.5246618103113662,
  "run_7": 0.5268868624288517,
  "run_8": 0.5220772585964697,
  "run_9": 0.5236487630636452,
  "run_10": 0.5237823332066002,
  "run_11": 0.5253671535188478,
  "run_12": 0.5246002427665735,
  "run_13": 0.5259324312462981,
  "run_14": 0.5222129469560043,
  "run_15": 0.5257922186414634,
  "run_16": 0.5254112919859661,
  "run_17": 0.5233925216643861,
  "run_18": 0.5239107240072602,
  "run_19": 0.5252440417811922,
  "run_20": 0.5268257420593789,
  "run_21": 0.5238054271821487,
  "run_22": 0.5246653149094035,
  "run_23": 0.5259501663652655,
  "run_24": 0.5241188611062683,
  "run_25": 0.5231169300387151,
  "run_26": 0.5253374609864969,
  "run_27": 0.5246403046165811,
  "run_28": 0.5234101809705806,
  "run_29": 0.5240156314650473,
  "run_30": 0.5222285589139383,
  "run_31": 0.5238343718446188,
  "run_32": 0.5235278242592885,
  "run_33": 0.5220822412653339,
  "run_34": 0.5231364152815655,
  "run_35": 0.5262029696916175,
  "run_36": 0.5237694590428079,
  "run_37": 0.5240897146396614,
  "run_38": 0.5239974598281497,
  "run_39": 0.5242856132251916,
  "run_40": 0.5267248220710121,
  "run_41": 0.5236394552295635,
  "run_42": 0.5247229169052445,
  "run_43": 0.5223227749900352,
  "run_44": 0.5225821979606597,
  "run_45": 0.5264066603009507,
  "run_46": 0.5252043659200647,
  "run_47": 0.523257641157535,
  "run_48": 0.5236517838140752,
  "run_49": 0.5262139171877451,
  "run_50": 0.5240024308806598,
  "run_51": 0.5234414203412069,
  "run_52": 0.5236820520006955,
  "run_53": 0.5238579868984125,
  "run_54": 0.5243154816392016,
  "run_55": 0.5253149974658297,
  "run_56": 0.5239607304132577,
  "run_57": 0.5232747567368504,
  "run_58": 0.5227830068725781,
  "run_59": 0.5230762226262916,
  "run_60": 0.5271846333881036,
  "run_61": 0.524677021345253,
  "run_62": 0.5264346779165165,
  "run_63": 0.521837014409866,
  "run_64": 0.5249137426363198,
  "run_65": 0.5236798099435364,
  "run_66": 0.524175931416848,
  "run_67": 0.523658511710151,
  "run_68": 0.5225956747518572,
  "run_69": 0.5227355567794244,
  "run_70": 0.523868291753553,
  "run_71": 0.5243323261190187,
  "run_72": 0.5247560942201668,
  "run_73": 0.5224206062578641,
  "run_74": 0.5257189084068054,
  "run_75": 0.5239866931261705,
  "run_76": 0.5249783044513799,
  "run_77": 0.5232435893116995,
  "run_78": 0.5252171999598462,
  "run_79": 0.5241428302079021,
  "run_80": 0.5258686519842829,
  "run_81": 0.5227115288459728,
  "run_82": 0.5246171616875223,
  "run_83": 0.5240040217485549,
  "run_84": 0.5224643755156139,
  "run_85": 0.5254441723913027,
  "run_86": 0.5225061366230309,
  "run_87": 0.5229633329888974,
  "run_88": 0.5242506881150131,
  "run_89": 0.5236824173575202,
  "run_90": 0.5234152753351344,
  "run_91": 0.5246990514700447,
  "run_92": 0.5251183113724177,
  "run_93": 0.5235001616841085,
  "run_94": 0.5258005636879524,
  "run_95": 0.5230666348299976,
  "run_96": 0.5247639922119295,
  "run_97": 0.5253403784320972,
  "run_98": 0.5232739096767369,
  "run_99": 0.5250200774193288
}