{
  "run_0": 2.334139562108932,
  "run_1": 2.3249969384393414,
  "run_2": 2.3229442537465763,
  "run_3": 2.3306570663598376,
  "run_4": 2.318423614938145,
  "run_5": 2.328961705503648,
  "run_6": 2.330539430019724,
  "run_7": 2.3233100772223505,
  "run_8": 2.327019847750588,
  "run_9": 2.323373569480623,
  "run_10": 2.3254291151509214,
  "run_11": 2.330409840379662,
  "run_12": 2.3242769208825345,
  "run_13": 2.3205884337259777,
  "run_14": 2.325652182990617,
  "run_15": 2.3249869255263276,
  "run_16": 2.326618374999027,
  "run_17": 2.321015344391313,
  "run_18": 2.330860636748633,
  "run_19": 2.3223830892085644,
  "run_20": 2.3305960094691436,
  "run_21": 2.3295956609191233,
  "run_22": 2.326782623743692,
  "run_23": 2.333146743713885,
  "run_24": 2.3233686830083045,
  "run_25": 2.3311776557028705,
  "run_26": 2.3244170044403494,
  "run_27": 2.3245377543631403,
  "run_28": 2.3232646995739787,
  "run_29": 2.324531962115454,
  "run_30": 2.324887605379379,
  "run_31": 2.3264211240396473,
  "run_32": 2.3263237791285203,
  "run_33": 2.3260537404769313,
  "run_34": 2.325462969225612,
  "run_35": 2.318853377954062,
  "run_36": 2.3203693226546998,
  "run_37": 2.3233412658609884,
  "run_38": 2.3200022878156643,
  "run_39": 2.327766686798727,
  "run_40": 2.331379628793706,
  "run_41": 2.3308221580903945,
  "run_42": 2.3203233363302442,
  "run_43": 2.3314388866415867,
  "run_44": 2.3289825123256103,
  "run_45": 2.328423004839943,
  "run_46": 2.323880260370466,
  "run_47": 2.3261420212903823,
  "run_48": 2.3309947707899537,
  "run_49": 2.3272270128831347,
  "run_50": 2.323788607437758,
  "run_51": 2.3316511219617997,
  "run_52": 2.3283944935800642,
  "run_53": 2.3226010070902054,
  "run_54": 2.323980998862028,
  "run_55": 2.3332586022306816,
  "run_56": 2.32911514273554,
  "run_57": 2.3266768970762786,
  "run_58": 2.324844127800902,
  "run_59": 2.3286256505811544,
  "run_60": 2.3316625055494367,
  "run_61": 2.317556696519145,
  "run_62": 2.3302685320782017,
  "run_63": 2.3261737533479327,
  "run_64": 2.3239403605281588,
  "run_65": 2.3263246810177596,
  "run_66": 2.322803934427295,
  "run_67": 2.3355481513796157,
  "run_68": 2.327694059564404,
  "run_69": 2.3257515944315497,
  "run_70": 2.3261904400866227,
  "run_71": 2.3286801561549333,
  "run_72": 2.3261018374824163,
  "run_73": 2.3270748965151347,
  "run_74": 2.3262537583490532,
  "run_75": 2.3248330443194476,
  "run_76": 2.3367457561161946,
  "run_77": 2.3305534681248177,
  "run_78": 2.3257848673531467,
  "run_79": 2.3297056717076696,
  "run_80": 2.3271171367751866,
  "run_81": 2.321501957352683,
  "run_82": 2.3263943597344543,
  "run_83": 2.327445503268595,
  "run_84": 2.32346893148516,
  "run_85": 2.3230052072270237,
  "run_86": 2.3219242116044594,
  "run_87": 2.327997607190569,
  "run_88": 2.3240451565009,
  "run_89": 2.3277667691360824,
  "run_90": 2.3211098882508576,
  "run_91": 2.3293161610658224,
  "run_92": 2.323693474608007,
  "run_93": 2.325404994822676,
  "run_94": 2.3260557896296663,
  "run_95": 2.3277001025958213,
  "run_96": 2.329303179743406,
  "run_97": 2.3262900825229558,
  "run_98": 2.322820384416302,
  "run_99": 2.327993895510418
}