{
  "run_0": 2.3255287950697574,
  "run_1": 2.327324269512988,
  "run_2": 2.325929636481127,
  "run_3": 2.3245989547211465,
  "run_4": 2.323967128730732,
  "run_5": 2.324071616864901,
  "run_6": 2.3290060505183856,
  "run_7": 2.32821483802156,
  "run_8": 2.3296852407232462,
  "run_9": 2.321787820791272,
  "run_10": 2.3249406823238754,
  "run_11": 2.3246856775994686,
  "run_12": 2.3288209673504343,
  "run_13": 2.3219076307779685,
  "run_14": 2.3271066286603546,
  "run_15": 2.3249930139129984,
  "run_16": 2.3248603637440084,
  "run_17": 2.3259016341441168,
  "run_18": 2.331034764295384,
  "run_19": 2.328849118492431,
  "run_20": 2.3247931523706074,
  "run_21": 2.3320575718666574,
  "run_22": 2.3318578276151305,
  "run_23": 2.3270085113079233,
  "run_24": 2.3230652487493897,
  "run_25": 2.3253614649951633,
  "run_26": 2.322296785588591,
  "run_27": 2.317796999173262,
  "run_28": 2.3285307088515332,
  "run_29": 2.318361192475618,
  "run_30": 2.32620723815363,
  "run_31": 2.3277330270957575,
  "run_32": 2.3246867751755165,
  "run_33": 2.325405987351937,
  "run_34": 2.318498105098855,
  "run_35": 2.320294252839397,
  "run_36": 2.3285646444540133,
  "run_37": 2.3302057897341246,
  "run_38": 2.3333738598751297,
  "run_39": 2.3251014608938267,
  "run_40": 2.315529998070353,
  "run_41": 2.3280462262907227,
  "run_42": 2.3286078819980016,
  "run_43": 2.3241490491522585,
  "run_44": 2.3276921483761788,
  "run_45": 2.3360140290238216,
  "run_46": 2.3308252517122323,
  "run_47": 2.3219894560801815,
  "run_48": 2.3298377313599303,
  "run_49": 2.325407961436165,
  "run_50": 2.324875094639857,
  "run_51": 2.3284211772955774,
  "run_52": 2.326765368937129,
  "run_53": 2.33191360514288,
  "run_54": 2.3177089923807896,
  "run_55": 2.3293137804131403,
  "run_56": 2.320695230092807,
  "run_57": 2.326387893107379,
  "run_58": 2.331278553032543,
  "run_59": 2.32750847328,
  "run_60": 2.318971512578151,
  "run_61": 2.321231955051225,
  "run_62": 2.3187454525890336,
  "run_63": 2.3244273091109573,
  "run_64": 2.3300722088725854,
  "run_65": 2.3189802489105604,
  "run_66": 2.3304014632734784,
  "run_67": 2.3222066102640424,
  "run_68": 2.327532038971328,
  "run_69": 2.328754994828742,
  "run_70": 2.3263779143184693,
  "run_71": 2.3304680414274284,
  "run_72": 2.3295557537547404,
  "run_73": 2.3260832837099628,
  "run_74": 2.3235838046370976,
  "run_75": 2.329518612601446,
  "run_76": 2.327360781593014,
  "run_77": 2.31929662566733,
  "run_78": 2.329852961433162,
  "run_79": 2.3275441919106528,
  "run_80": 2.3251656430284275,
  "run_81": 2.3248302186497787,
  "run_82": 2.3243202875549156,
  "run_83": 2.3259006810029117,
  "run_84": 2.3206168173892365,
  "run_85": 2.3218615002890566,
  "run_86": 2.3309690748362666,
  "run_87": 2.326698929365156,
  "run_88": 2.333093329137259,
  "run_89": 2.3281508753506936,
  "run_90": 2.3263050725997587,
  "run_91": 2.3267008602315524,
  "run_92": 2.327448749196792,
  "run_93": 2.321764942190579,
  "run_94": 2.326729060851153,
  "run_95": 2.323598655651817,
  "run_96": 2.3293794715305554,
  "run_97": 2.3262659445411478,
  "run_98": 2.3236301736063623,
  "run_99": 2.3204921915440098
}