{
  "run_0": 2.3241214424854952,
  "run_1": 2.3258644596252163,
  "run_2": 2.3246598428503953,
  "run_3": 2.323038734188302,
  "run_4": 2.328453024744784,
  "run_5": 2.3254222622652025,
  "run_6": 2.3228625110185304,
  "run_7": 2.327048449816278,
  "run_8": 2.324103286185799,
  "run_9": 2.32683888145491
}