{
  "run_0": 2.329637397667792,
  "run_1": 2.332024322174966,
  "run_2": 2.3333026274287936,
  "run_3": 2.326169527832327,
  "run_4": 2.327447601288421,
  "run_5": 2.3222528623406684,
  "run_6": 2.3260980675046996,
  "run_7": 2.329950834129417,
  "run_8": 2.330832162151986,
  "run_9": 2.3306755419016687,
  "run_10": 2.330495705211672,
  "run_11": 2.3255479475317538,
  "run_12": 2.3230453954429495,
  "run_13": 2.324395989996086,
  "run_14": 2.3309051663949307,
  "run_15": 2.3249100277720185,
  "run_16": 2.3302760816450587,
  "run_17": 2.32615443939428,
  "run_18": 2.324759723717199,
  "run_19": 2.3311150287269853,
  "run_20": 2.3315549377778675,
  "run_21": 2.3274469839497556,
  "run_22": 2.3239348758857505,
  "run_23": 2.327172433750541,
  "run_24": 2.3282846040421443,
  "run_25": 2.3264354184498064,
  "run_26": 2.322909380465571,
  "run_27": 2.328766796359965,
  "run_28": 2.324879801112891,
  "run_29": 2.324969799348569,
  "run_30": 2.3210657180825094,
  "run_31": 2.328590745161383,
  "run_32": 2.324901737337805,
  "run_33": 2.3263348295302486,
  "run_34": 2.3300096315111447,
  "run_35": 2.326436479193411,
  "run_36": 2.3241937292004655,
  "run_37": 2.3228048968525927,
  "run_38": 2.3263427745222938,
  "run_39": 2.325518783365975,
  "run_40": 2.3225895408305233,
  "run_41": 2.3254116283015387,
  "run_42": 2.3293584250130954,
  "run_43": 2.328058212265588,
  "run_44": 2.3264749441661667,
  "run_45": 2.3223416988020436,
  "run_46": 2.325796937008317,
  "run_47": 2.3280951228819906,
  "run_48": 2.325441721583909,
  "run_49": 2.3259780184662757,
  "run_50": 2.3258384453222636,
  "run_51": 2.330440547366876,
  "run_52": 2.3240760299625784,
  "run_53": 2.332742965333006,
  "run_54": 2.327979779901908,
  "run_55": 2.3296435335814607,
  "run_56": 2.3190263414729695,
  "run_57": 2.323671344146374,
  "run_58": 2.328424678006687,
  "run_59": 2.3221609103899516,
  "run_60": 2.323907592465706,
  "run_61": 2.3288462107045897,
  "run_62": 2.3265260445127933,
  "run_63": 2.324862395949892,
  "run_64": 2.3230937411925496,
  "run_65": 2.331171362406405,
  "run_66": 2.322416301687862,
  "run_67": 2.3279224747036724,
  "run_68": 2.3276326740723614,
  "run_69": 2.3267097003119073,
  "run_70": 2.3229623307055314,
  "run_71": 2.322901625814293,
  "run_72": 2.32585660010334,
  "run_73": 2.327426907560875,
  "run_74": 2.321068228101358,
  "run_75": 2.317158928105227,
  "run_76": 2.323346646099373,
  "run_77": 2.325415913819815,
  "run_78": 2.3333627250515083,
  "run_79": 2.325067181047469,
  "run_80": 2.325150360782021,
  "run_81": 2.3282970695577667,
  "run_82": 2.31811823783515,
  "run_83": 2.3270063020085217,
  "run_84": 2.3200503219928454,
  "run_85": 2.3252476836810145,
  "run_86": 2.324320914736807,
  "run_87": 2.3235699673574675,
  "run_88": 2.3276887651257194,
  "run_89": 2.3232999144273396,
  "run_90": 2.32416594528474,
  "run_91": 2.3208688256192027,
  "run_92": 2.316589008040395,
  "run_93": 2.3242196755443185,
  "run_94": 2.3267190989507323,
  "run_95": 2.322548041181738,
  "run_96": 2.3232791542656916,
  "run_97": 2.3227464620524745,
  "run_98": 2.3270602444425434,
  "run_99": 2.323045667925637
}