{
  "run_0": 0.8420737904589491,
  "run_1": 0.8411316549107378,
  "run_2": 0.8406703847785852,
  "run_3": 0.8410337474709367,
  "run_4": 0.840405965116207,
  "run_5": 0.8411256423611053,
  "run_6": 0.8404179490966721,
  "run_7": 0.8409178621638235,
  "run_8": 0.8413194003599161,
  "run_9": 0.8417685341500853,
  "run_10": 0.8413924900295333,
  "run_11": 0.8447081634017223,
  "run_12": 0.8410735932801319,
  "run_13": 0.8413895073516602,
  "run_14": 0.840193869475897,
  "run_15": 0.8418357228340543,
  "run_16": 0.841559557311866,
  "run_17": 0.8420471864405246,
  "run_18": 0.8410798243422309,
  "run_19": 0.8410013485978893,
  "run_20": 0.8402306419973937,
  "run_21": 0.8428514071000821,
  "run_22": 0.8425846017396945,
  "run_23": 0.8402162445138033,
  "run_24": 0.8424813908937316,
  "run_25": 0.8397846825812583,
  "run_26": 0.8407315912740301,
  "run_27": 0.8430605769442644,
  "run_28": 0.8419705441887649,
  "run_29": 0.8420878633995695,
  "run_30": 0.8416648981828583,
  "run_31": 0.8417910600383248,
  "run_32": 0.8460543380832231,
  "run_33": 0.8420467652097902,
  "run_34": 0.8394348591938978,
  "run_35": 0.8416348948125191,
  "run_36": 0.8426686152033785,
  "run_37": 0.8405413843953182,
  "run_38": 0.839473478790548,
  "run_39": 0.8398830341244725,
  "run_40": 0.8421045448662021,
  "run_41": 0.8408528426078123,
  "run_42": 0.8392146714615583,
  "run_43": 0.8402281128883353,
  "run_44": 0.8407569297216726,
  "run_45": 0.8397944077662832,
  "run_46": 0.8409885287777629,
  "run_47": 0.8412371132637484,
  "run_48": 0.8432473656496009,
  "run_49": 0.838538009952727,
  "run_50": 0.8410660469280302,
  "run_51": 0.8405282808369234,
  "run_52": 0.8414350930475524,
  "run_53": 0.8427991495872068,
  "run_54": 0.841338604051266,
  "run_55": 0.8402998916704537,
  "run_56": 0.8439938049242515,
  "run_57": 0.8397367876841191,
  "run_58": 0.8419207893107479,
  "run_59": 0.8410437711222756,
  "run_60": 0.8402565584602273,
  "run_61": 0.8417462515375035,
  "run_62": 0.8408921342494412,
  "run_63": 0.8402286759541164,
  "run_64": 0.8407602662945474,
  "run_65": 0.8427822700194841,
  "run_66": 0.8433378996616165,
  "run_67": 0.8420025287472321,
  "run_68": 0.840140465637957,
  "run_69": 0.8403980586196245,
  "run_70": 0.8401733171002107,
  "run_71": 0.8389585366908244,
  "run_72": 0.8412222373630194,
  "run_73": 0.842749518253026,
  "run_74": 0.8438546378474387,
  "run_75": 0.8418014938313935,
  "run_76": 0.8407020583739843,
  "run_77": 0.8413900074812543,
  "run_78": 0.8415009509518331,
  "run_79": 0.8425141177817616,
  "run_80": 0.8392872624055893,
  "run_81": 0.8407546450433829,
  "run_82": 0.8397821344491334,
  "run_83": 0.8428069541898487,
  "run_84": 0.8424072069334793,
  "run_85": 0.841258962566903,
  "run_86": 0.841407682195012,
  "run_87": 0.8409573765520322,
  "run_88": 0.8403891002747648,
  "run_89": 0.8428751294449424,
  "run_90": 0.8417738494514333,
  "run_91": 0.840227024835521,
  "run_92": 0.842438125083828,
  "run_93": 0.8408902195514938,
  "run_94": 0.8434261246261072,
  "run_95": 0.8411977208714795,
  "run_96": 0.8423214823889735,
  "run_97": 0.8427997383930292,
  "run_98": 0.8426320036231528,
  "run_99": 0.8422616413820309
}