{
  "run_0": 2.0490058780567497,
  "run_1": 2.0511418858073918,
  "run_2": 2.0535577550174815,
  "run_3": 2.0546406682461216,
  "run_4": 2.059695888978277,
  "run_5": 2.0506371981164206,
  "run_6": 2.05378398722721,
  "run_7": 2.0528001046481608,
  "run_8": 2.0519045634764126,
  "run_9": 2.0574601000096813,
  "run_10": 2.0577829876359752,
  "run_11": 2.056815832204403,
  "run_12": 2.05172187626195,
  "run_13": 2.053339681564427,
  "run_14": 2.0478986098521688,
  "run_15": 2.049614721187207,
  "run_16": 2.0517561104950266,
  "run_17": 2.0550456984345096,
  "run_18": 2.053923076174467,
  "run_19": 2.0517204584716104,
  "run_20": 2.0529294239253186,
  "run_21": 2.053830033242122,
  "run_22": 2.048949958207474,
  "run_23": 2.058480851807321,
  "run_24": 2.0495720799952832,
  "run_25": 2.0520629510574766,
  "run_26": 2.0492755663199045,
  "run_27": 2.0504188371928187,
  "run_28": 2.0512948804040145,
  "run_29": 2.051431233311996,
  "run_30": 2.0510115866110157,
  "run_31": 2.0549732331542883,
  "run_32": 2.0545568760566852,
  "run_33": 2.052044748120733,
  "run_34": 2.05507045089043,
  "run_35": 2.055288753039977,
  "run_36": 2.0535527442370163,
  "run_37": 2.049792704290205,
  "run_38": 2.0562893863959717,
  "run_39": 2.055176181774349,
  "run_40": 2.0547344826608325,
  "run_41": 2.0570465991646794,
  "run_42": 2.0560527242645033,
  "run_43": 2.057751666999162,
  "run_44": 2.0563127049027186,
  "run_45": 2.0505286238921623,
  "run_46": 2.0551294882372098,
  "run_47": 2.061090746846712,
  "run_48": 2.056007802118107,
  "run_49": 2.0518866031264382,
  "run_50": 2.0503591194018482,
  "run_51": 2.0490814156936863,
  "run_52": 2.054054608549933,
  "run_53": 2.0574342013599884,
  "run_54": 2.052347982506986,
  "run_55": 2.0551072604423033,
  "run_56": 2.055325825830014,
  "run_57": 2.054020750707638,
  "run_58": 2.0552694870140473,
  "run_59": 2.055856332323245,
  "run_60": 2.050401620746188,
  "run_61": 2.0498151287984223,
  "run_62": 2.047662504317944,
  "run_63": 2.0495513960243086,
  "run_64": 2.0562063613499175,
  "run_65": 2.060495302346361,
  "run_66": 2.0513591332701306,
  "run_67": 2.052818528356539,
  "run_68": 2.060015248433739,
  "run_69": 2.0512463351215833,
  "run_70": 2.0541927285392725,
  "run_71": 2.056509913106417,
  "run_72": 2.0529277363102603,
  "run_73": 2.0596213059172492,
  "run_74": 2.0526761780594924,
  "run_75": 2.055732270391048,
  "run_76": 2.055580757583932,
  "run_77": 2.057045200720812,
  "run_78": 2.0518959865949062,
  "run_79": 2.0525925021006217,
  "run_80": 2.0514130269994877,
  "run_81": 2.0569437849125727,
  "run_82": 2.0538047585306067,
  "run_83": 2.0500911442625926,
  "run_84": 2.0536137310615237,
  "run_85": 2.0515857210992343,
  "run_86": 2.0533128905045652,
  "run_87": 2.0514654340675147,
  "run_88": 2.0521208842205616,
  "run_89": 2.0543782007101905,
  "run_90": 2.052197513335806,
  "run_91": 2.0538458429042463,
  "run_92": 2.052732413787951,
  "run_93": 2.0539492230746363,
  "run_94": 2.050719620767053,
  "run_95": 2.052414376359525,
  "run_96": 2.0532622004816736,
  "run_97": 2.0580855526277624,
  "run_98": 2.0531169600745907,
  "run_99": 2.0483084313972046
}