{
  "run_0": 1.7507224738809968,
  "run_1": 1.7521891189359244,
  "run_2": 1.754375614740234,
  "run_3": 1.7515580110800746,
  "run_4": 1.7468072167991004,
  "run_5": 1.7488097346177578,
  "run_6": 1.7529684584760687,
  "run_7": 1.7574879370877947,
  "run_8": 1.7480972697454948,
  "run_9": 1.7490475387484437,
  "run_10": 1.7481611226854537,
  "run_11": 1.7524926061523955,
  "run_12": 1.7516597428155296,
  "run_13": 1.7564951033898701,
  "run_14": 1.7531603168768544,
  "run_15": 1.7501978005377943,
  "run_16": 1.7501971934657403,
  "run_17": 1.7492566779041567,
  "run_18": 1.7471849757885454,
  "run_19": 1.748907382514287,
  "run_20": 1.7523918392412017,
  "run_21": 1.75303808592467,
  "run_22": 1.7538860741525364,
  "run_23": 1.7501249369063812,
  "run_24": 1.7524283185359821,
  "run_25": 1.7510996751499266,
  "run_26": 1.7487753636325651,
  "run_27": 1.75116549537214,
  "run_28": 1.743778949430491,
  "run_29": 1.7504382666998881,
  "run_30": 1.7528459249760804,
  "run_31": 1.750028544518592,
  "run_32": 1.7488717355509638,
  "run_33": 1.7501495915323144,
  "run_34": 1.7524662338897334,
  "run_35": 1.748071982944943,
  "run_36": 1.7517161031861899,
  "run_37": 1.747101793240231,
  "run_38": 1.7495708257125957,
  "run_39": 1.7503510082021485,
  "run_40": 1.7480979697277095,
  "run_41": 1.7492460904211473,
  "run_42": 1.7533852890813475,
  "run_43": 1.7517815832414831,
  "run_44": 1.7543305712293138,
  "run_45": 1.7459088145121755,
  "run_46": 1.7533854200918904,
  "run_47": 1.7480512042882643,
  "run_48": 1.7549484722859598,
  "run_49": 1.74667828853361,
  "run_50": 1.7525914997284133,
  "run_51": 1.7506825795517649,
  "run_52": 1.7529896943189751,
  "run_53": 1.7496751579027578,
  "run_54": 1.7512833139785848,
  "run_55": 1.751209305445601,
  "run_56": 1.7505358989376596,
  "run_57": 1.749851057138285,
  "run_58": 1.751437499477672,
  "run_59": 1.752160023857904,
  "run_60": 1.7518541453721546,
  "run_61": 1.7551257720668565,
  "run_62": 1.7498655549757869,
  "run_63": 1.751584552164132,
  "run_64": 1.7520902539228915,
  "run_65": 1.75046314906431,
  "run_66": 1.7512551704011456,
  "run_67": 1.7540678795912885,
  "run_68": 1.7494304091576538,
  "run_69": 1.7534211555204786,
  "run_70": 1.7510599943337872,
  "run_71": 1.7493213823222373,
  "run_72": 1.747168145674098,
  "run_73": 1.7544955664523008,
  "run_74": 1.7499589209699384,
  "run_75": 1.755170847731441,
  "run_76": 1.7507166695909158,
  "run_77": 1.7486158397125535,
  "run_78": 1.751716040073325,
  "run_79": 1.7513249354382747,
  "run_80": 1.7483553873242916,
  "run_81": 1.7537523242681377,
  "run_82": 1.749314191888387,
  "run_83": 1.7494172375530288,
  "run_84": 1.7480423342272147,
  "run_85": 1.7493203697688382,
  "run_86": 1.7535938554880093,
  "run_87": 1.7534704639030312,
  "run_88": 1.7482432571168676,
  "run_89": 1.7523301209636324,
  "run_90": 1.750971589318848,
  "run_91": 1.7477364912376334,
  "run_92": 1.7510710888351235,
  "run_93": 1.750861977622125,
  "run_94": 1.7503565854511391,
  "run_95": 1.7516091254178394,
  "run_96": 1.7529475600358886,
  "run_97": 1.750954041143286,
  "run_98": 1.7468562206414806,
  "run_99": 1.752061135233363
}