{
  "run_0": 1.7536902990944736,
  "run_1": 1.7451646771663054,
  "run_2": 1.747099010595938,
  "run_3": 1.747994079995081,
  "run_4": 1.7510261408501364,
  "run_5": 1.7523647032705139,
  "run_6": 1.7510646178996632,
  "run_7": 1.7490593271965234,
  "run_8": 1.7493362089163358,
  "run_9": 1.7485200418878417,
  "run_10": 1.7496249894767395,
  "run_11": 1.7490136217993286,
  "run_12": 1.7517007406172462,
  "run_13": 1.7542952719493423,
  "run_14": 1.747782568386282,
  "run_15": 1.7484898183186262,
  "run_16": 1.75000648066715,
  "run_17": 1.7486619607032519,
  "run_18": 1.750458099564173,
  "run_19": 1.7525849974425096,
  "run_20": 1.7522283286219345,
  "run_21": 1.7513684569607295,
  "run_22": 1.7482820970366992,
  "run_23": 1.7514658318283913,
  "run_24": 1.7517151065327257,
  "run_25": 1.7514560801945493,
  "run_26": 1.7492657952848418,
  "run_27": 1.751814937701791,
  "run_28": 1.750664991259376,
  "run_29": 1.7478479409252594,
  "run_30": 1.7505115335926447,
  "run_31": 1.7504289777445625,
  "run_32": 1.7517687337274501,
  "run_33": 1.7522317910234273,
  "run_34": 1.7538771584462096,
  "run_35": 1.7492941320083641,
  "run_36": 1.751918218966321,
  "run_37": 1.7497987037638503,
  "run_38": 1.7561101354057818,
  "run_39": 1.7458488251030817,
  "run_40": 1.7487120214572291,
  "run_41": 1.7539525417241255,
  "run_42": 1.7565893099531507,
  "run_43": 1.7491850344812048,
  "run_44": 1.7523118202821446,
  "run_45": 1.7493158741901347,
  "run_46": 1.7484384218448432,
  "run_47": 1.753377419963724,
  "run_48": 1.7473270371376612,
  "run_49": 1.751292216455059,
  "run_50": 1.7502557258030216,
  "run_51": 1.7522725112981892,
  "run_52": 1.7447596953210676,
  "run_53": 1.7522179617613736,
  "run_54": 1.7552057637044536,
  "run_55": 1.7517706914510829,
  "run_56": 1.752172527932976,
  "run_57": 1.7478121581947192,
  "run_58": 1.7485985471939616,
  "run_59": 1.7490541733888259,
  "run_60": 1.7542380549299028,
  "run_61": 1.7498202810629213,
  "run_62": 1.7505278566542717,
  "run_63": 1.7499344230347602,
  "run_64": 1.7511507795638195,
  "run_65": 1.7533334793823114,
  "run_66": 1.7521475497443402,
  "run_67": 1.7529242941068441,
  "run_68": 1.7479332829987997,
  "run_69": 1.753916876210534,
  "run_70": 1.7504801949365287,
  "run_71": 1.7533085523694476,
  "run_72": 1.752265927482512,
  "run_73": 1.7550305936306752,
  "run_74": 1.754904374446241,
  "run_75": 1.7468443691450635,
  "run_76": 1.749867565871,
  "run_77": 1.7480722274306828,
  "run_78": 1.7504255836252378,
  "run_79": 1.7496405008949258,
  "run_80": 1.754667188300005,
  "run_81": 1.743666354886373,
  "run_82": 1.7477857640443233,
  "run_83": 1.7484462276791919,
  "run_84": 1.7497559805092495,
  "run_85": 1.7493987376158282,
  "run_86": 1.7526257341526734,
  "run_87": 1.752669806247042,
  "run_88": 1.7503764535445168,
  "run_89": 1.7501341018835803,
  "run_90": 1.7531878866200756,
  "run_91": 1.7530015421386491,
  "run_92": 1.7522433970005964,
  "run_93": 1.749837043193132,
  "run_94": 1.7493305744998506,
  "run_95": 1.7514503652479427,
  "run_96": 1.75336901102685,
  "run_97": 1.753279561660677,
  "run_98": 1.7551878547169508,
  "run_99": 1.7510415905028753
}