{
  "run_0": 2.0546992237272366,
  "run_1": 2.0528368193051514,
  "run_2": 2.0512932313571435,
  "run_3": 2.0526967446110067,
  "run_4": 2.0530926808004755,
  "run_5": 2.0511143380901973,
  "run_6": 2.052023006118013,
  "run_7": 2.0563906245431762,
  "run_8": 2.0538656594277085,
  "run_9": 2.052284255283767
}