{
  "run_0": 2.052829186135557,
  "run_1": 2.0565197670545015,
  "run_2": 2.054524210837177,
  "run_3": 2.0537449464856636,
  "run_4": 2.058936984976461,
  "run_5": 2.05216584761386,
  "run_6": 2.056571636558102,
  "run_7": 2.053885769683522,
  "run_8": 2.054401390175453,
  "run_9": 2.05230869087321,
  "run_10": 2.0527564926929904,
  "run_11": 2.053083605956908,
  "run_12": 2.0553392930694265,
  "run_13": 2.054320793455193,
  "run_14": 2.055696475629413,
  "run_15": 2.0505432398640027,
  "run_16": 2.0559319990594513,
  "run_17": 2.057417379228947,
  "run_18": 2.0560513658838184,
  "run_19": 2.0564541711867625,
  "run_20": 2.0548688142185805,
  "run_21": 2.0584542161315325,
  "run_22": 2.045885925530327,
  "run_23": 2.055373417387767,
  "run_24": 2.0559642725884326,
  "run_25": 2.054099745121151,
  "run_26": 2.0475896790049344,
  "run_27": 2.055947691058919,
  "run_28": 2.057387700542644,
  "run_29": 2.049635185365201,
  "run_30": 2.054871543857313,
  "run_31": 2.053881817770572,
  "run_32": 2.052603997964175,
  "run_33": 2.0561349090883847,
  "run_34": 2.05634247684907,
  "run_35": 2.0526325396026595,
  "run_36": 2.0523281464748546,
  "run_37": 2.055492128763781,
  "run_38": 2.0529466251769106,
  "run_39": 2.0519170271142975,
  "run_40": 2.052292041923171,
  "run_41": 2.051002407655711,
  "run_42": 2.05247534462016,
  "run_43": 2.0534444897523345,
  "run_44": 2.051734609698149,
  "run_45": 2.0538311411266506,
  "run_46": 2.05150104117166,
  "run_47": 2.0534089718121806,
  "run_48": 2.0528827640413523,
  "run_49": 2.054546199705212,
  "run_50": 2.055607362176218,
  "run_51": 2.056439564479432,
  "run_52": 2.057171759121549,
  "run_53": 2.053040865225645,
  "run_54": 2.0537064034544383,
  "run_55": 2.052299790660853,
  "run_56": 2.050358712604031,
  "run_57": 2.054306837290299,
  "run_58": 2.0512524418370135,
  "run_59": 2.055254642634831,
  "run_60": 2.0508946641656265,
  "run_61": 2.050841732764031,
  "run_62": 2.048999980908158,
  "run_63": 2.052055268653095,
  "run_64": 2.053706310811261,
  "run_65": 2.052051741194615,
  "run_66": 2.0546576314083524,
  "run_67": 2.0544492893810054,
  "run_68": 2.053630607638902,
  "run_69": 2.0537577917120133,
  "run_70": 2.0550031187536426,
  "run_71": 2.058437408667159,
  "run_72": 2.0541508042736476,
  "run_73": 2.0526561050789396,
  "run_74": 2.058109361815002,
  "run_75": 2.0552629208167974,
  "run_76": 2.0504644842529696,
  "run_77": 2.0569314575189996,
  "run_78": 2.0482187181438305,
  "run_79": 2.0630119159905536,
  "run_80": 2.0529016910558755,
  "run_81": 2.0514089085277702,
  "run_82": 2.0507092884800797,
  "run_83": 2.0530308948143485,
  "run_84": 2.0537085139431412,
  "run_85": 2.0535204883854856,
  "run_86": 2.052064347937972,
  "run_87": 2.0565045050861714,
  "run_88": 2.055419797290428,
  "run_89": 2.054613246703933,
  "run_90": 2.0453919407209686,
  "run_91": 2.0529626588401513,
  "run_92": 2.0534265211229807,
  "run_93": 2.0588638811165363,
  "run_94": 2.055825103833772,
  "run_95": 2.0480409600811416,
  "run_96": 2.0535290489681195,
  "run_97": 2.0541241968401067,
  "run_98": 2.0556902646831445,
  "run_99": 2.0482520191201674
}