{
  "run_0": 2.3260913707395963,
  "run_1": 2.325856279305812,
  "run_2": 2.3328553422569978,
  "run_3": 2.327211077802924,
  "run_4": 2.327818247733154,
  "run_5": 2.3212992828932726,
  "run_6": 2.3220882283473134,
  "run_7": 2.3322695818756722,
  "run_8": 2.324803025082064,
  "run_9": 2.3302233216077446
}