{
  "run_0": 2.3275740578338655,
  "run_1": 2.322424230437624,
  "run_2": 2.3282750995829575,
  "run_3": 2.3272686356671866,
  "run_4": 2.3287906775953706,
  "run_5": 2.3262436866248377,
  "run_6": 2.3242255124267612,
  "run_7": 2.3266936676220933,
  "run_8": 2.3211369606848975,
  "run_9": 2.3275092594917615,
  "run_10": 2.3239512057312677,
  "run_11": 2.3196956925622283,
  "run_12": 2.3229315382844566,
  "run_13": 2.331365044098398,
  "run_14": 2.3252969363332747,
  "run_15": 2.3287670062268226,
  "run_16": 2.3316086105230203,
  "run_17": 2.3300264099668473,
  "run_18": 2.3262797866717038,
  "run_19": 2.328477015545201,
  "run_20": 2.3228819521688693,
  "run_21": 2.3264382299399653,
  "run_22": 2.327616829310349,
  "run_23": 2.3285748884575757,
  "run_24": 2.3260127561551056,
  "run_25": 2.3256937701687748,
  "run_26": 2.3270231643979313,
  "run_27": 2.3223807759546924,
  "run_28": 2.326169168559231,
  "run_29": 2.3247368070816172,
  "run_30": 2.329240870917371,
  "run_31": 2.322522347855622,
  "run_32": 2.3303440060564147,
  "run_33": 2.329775611076185,
  "run_34": 2.3268419453761373,
  "run_35": 2.3311359437873476,
  "run_36": 2.326850196806527,
  "run_37": 2.3256460927860068,
  "run_38": 2.3270738004222684,
  "run_39": 2.3227902145855297,
  "run_40": 2.32144617350194,
  "run_41": 2.324835749539944,
  "run_42": 2.3343601561244998,
  "run_43": 2.3259957168502865,
  "run_44": 2.3242650389062334,
  "run_45": 2.3276856510219304,
  "run_46": 2.331081934713592,
  "run_47": 2.3223841614778826,
  "run_48": 2.3255268251095513,
  "run_49": 2.327165699464796,
  "run_50": 2.323682509675288,
  "run_51": 2.329821358824515,
  "run_52": 2.327178709096689,
  "run_53": 2.323300773701112,
  "run_54": 2.325836182053036,
  "run_55": 2.327341850155441,
  "run_56": 2.3296243252534667,
  "run_57": 2.32626227155205,
  "run_58": 2.320336861494649,
  "run_59": 2.3201432293525484,
  "run_60": 2.327007813210115,
  "run_61": 2.3224390685026775,
  "run_62": 2.329418852410413,
  "run_63": 2.3214456838331197,
  "run_64": 2.330588841661439,
  "run_65": 2.3277691769164366,
  "run_66": 2.324146800597962,
  "run_67": 2.3310674980564756,
  "run_68": 2.331546838412497,
  "run_69": 2.326216454982583,
  "run_70": 2.323645021756562,
  "run_71": 2.3198294512345385,
  "run_72": 2.3368621337137547,
  "run_73": 2.32446876992671,
  "run_74": 2.327203431660857,
  "run_75": 2.3272690757785934,
  "run_76": 2.3243927629661325,
  "run_77": 2.3245776126035067,
  "run_78": 2.326302437702879,
  "run_79": 2.3219304308232713,
  "run_80": 2.3274130778191497,
  "run_81": 2.3303281836296024,
  "run_82": 2.3270206514310026,
  "run_83": 2.328986224385114,
  "run_84": 2.3234474988367313,
  "run_85": 2.324247639282071,
  "run_86": 2.3210909539657845,
  "run_87": 2.324757929579194,
  "run_88": 2.3315427888625706,
  "run_89": 2.323252639657248,
  "run_90": 2.321253434259517,
  "run_91": 2.332943559619849,
  "run_92": 2.32224679535949,
  "run_93": 2.319305817866844,
  "run_94": 2.329380135968673,
  "run_95": 2.3221108248416744,
  "run_96": 2.326885275881537,
  "run_97": 2.3238414409076418,
  "run_98": 2.3258606495761063,
  "run_99": 2.3264963120913014
}