{
  "run_0": 0.5258092097956384,
  "run_1": 0.5216298891744244,
  "run_2": 0.5236222659131641,
  "run_3": 0.522507920263128,
  "run_4": 0.5212532469252709,
  "run_5": 0.5233625801067265,
  "run_6": 0.5276627971375657,
  "run_7": 0.5257447900213146,
  "run_8": 0.5252152961406751,
  "run_9": 0.5227106367640455,
  "run_10": 0.5247081173998817,
  "run_11": 0.525697505489328,
  "run_12": 0.5240678489467341,
  "run_13": 0.5262657947455429,
  "run_14": 0.5245643607993893,
  "run_15": 0.5246436938407475,
  "run_16": 0.5237000074197372,
  "run_17": 0.5246064662724957,
  "run_18": 0.5235216182198374,
  "run_19": 0.526084476402519,
  "run_20": 0.5237348069953007,
  "run_21": 0.5244412658959842,
  "run_22": 0.524024188038648,
  "run_23": 0.5254774555943391,
  "run_24": 0.5252222896260744,
  "run_25": 0.5234331688002387,
  "run_26": 0.5245086441381935,
  "run_27": 0.5231727878462699,
  "run_28": 0.5243297530643527,
  "run_29": 0.5245198304325308,
  "run_30": 0.5232732822335662,
  "run_31": 0.5231794753678518,
  "run_32": 0.5227801141076438,
  "run_33": 0.5237905451254563,
  "run_34": 0.523982072803326,
  "run_35": 0.5260246329034981,
  "run_36": 0.5263954381570758,
  "run_37": 0.5242939386793337,
  "run_38": 0.5258228944211704,
  "run_39": 0.5250846901838562,
  "run_40": 0.5261120841204289,
  "run_41": 0.5217958414946402,
  "run_42": 0.5239512569688688,
  "run_43": 0.526124708209669,
  "run_44": 0.5247848124861862,
  "run_45": 0.5240417812422516,
  "run_46": 0.5246156096686204,
  "run_47": 0.5240383989331053,
  "run_48": 0.5243647479854128,
  "run_49": 0.5234254529369499,
  "run_50": 0.5222233427524968,
  "run_51": 0.5241350152710953,
  "run_52": 0.5232925851232293,
  "run_53": 0.5247217496620069,
  "run_54": 0.5239416303163672,
  "run_55": 0.5224436740999613,
  "run_56": 0.5255052734379067,
  "run_57": 0.525181808793914,
  "run_58": 0.5254259196164849,
  "run_59": 0.523013840897273,
  "run_60": 0.5261754904794638,
  "run_61": 0.5244867828727374,
  "run_62": 0.5257298144650251,
  "run_63": 0.5246518992644563,
  "run_64": 0.5251655192590388,
  "run_65": 0.5234346978720331,
  "run_66": 0.5257499623870523,
  "run_67": 0.5220855399402398,
  "run_68": 0.5257196183020301,
  "run_69": 0.5261700740332466,
  "run_70": 0.5258698691877077,
  "run_71": 0.5256194085560182,
  "run_72": 0.524582373169467,
  "run_73": 0.5228672381840855,
  "run_74": 0.5225168473152009,
  "run_75": 0.5240777585942167,
  "run_76": 0.524353618607178,
  "run_77": 0.524820986304203,
  "run_78": 0.5235578346699807,
  "run_79": 0.5226807246846373,
  "run_80": 0.5239864131086005,
  "run_81": 0.5244027689473918,
  "run_82": 0.5248578836380293,
  "run_83": 0.5233003391164331,
  "run_84": 0.5249418762918711,
  "run_85": 0.5252843577457346,
  "run_86": 0.5233299939210888,
  "run_87": 0.5221270813036896,
  "run_88": 0.5250916423636153,
  "run_89": 0.5262238003971399,
  "run_90": 0.5230192616580982,
  "run_91": 0.5253052514138146,
  "run_92": 0.5248619838007211,
  "run_93": 0.526643069644287,
  "run_94": 0.5257798556643438,
  "run_95": 0.5248579312235351,
  "run_96": 0.5225653017196058,
  "run_97": 0.5249942156082401,
  "run_98": 0.5247134975560085,
  "run_99": 0.5261837717132395
}