{
  "run_0": 0.5238281521663841,
  "run_1": 0.5235664936032607,
  "run_2": 0.5229283362637598,
  "run_3": 0.5228069433316118,
  "run_4": 0.5217544624818304,
  "run_5": 0.5226330731777262,
  "run_6": 0.5246442929229916,
  "run_7": 0.5230349765104599,
  "run_8": 0.5223222449535075,
  "run_9": 0.5242712700842946,
  "run_10": 0.5234620038102518,
  "run_11": 0.5259153793440305,
  "run_12": 0.524949850471732,
  "run_13": 0.5255955762670874,
  "run_14": 0.5275579597545486,
  "run_15": 0.5254744677271515,
  "run_16": 0.5266873941414432,
  "run_17": 0.5252127179149343,
  "run_18": 0.5242509849417334,
  "run_19": 0.5248762512799843,
  "run_20": 0.5243394029041989,
  "run_21": 0.5231934766576471,
  "run_22": 0.525871919817811,
  "run_23": 0.523613402431215,
  "run_24": 0.5253647723900494,
  "run_25": 0.5228010572041226,
  "run_26": 0.5246608437161046,
  "run_27": 0.5253333476121286,
  "run_28": 0.5263181553002136,
  "run_29": 0.5208822907997986,
  "run_30": 0.5238596053430431,
  "run_31": 0.5237429911596194,
  "run_32": 0.5272414303621593,
  "run_33": 0.5232188537850588,
  "run_34": 0.5253786460004225,
  "run_35": 0.5265865533700065,
  "run_36": 0.5220338089426935,
  "run_37": 0.5244571324391832,
  "run_38": 0.5262764678087447,
  "run_39": 0.525500884863716,
  "run_40": 0.5231969950039222,
  "run_41": 0.5231552987288779,
  "run_42": 0.5245859756624569,
  "run_43": 0.5251168011897724,
  "run_44": 0.5231142718478082,
  "run_45": 0.5236166889817606,
  "run_46": 0.5234127762130751,
  "run_47": 0.5256393643356955,
  "run_48": 0.5239026026106804,
  "run_49": 0.5258922646313595,
  "run_50": 0.5234300329750663,
  "run_51": 0.5258510026185326,
  "run_52": 0.5251061907619294,
  "run_53": 0.5255627826946875,
  "run_54": 0.5252219156658582,
  "run_55": 0.5259883890287178,
  "run_56": 0.5256638074959661,
  "run_57": 0.52505522408408,
  "run_58": 0.5244079633176469,
  "run_59": 0.5230383435662653,
  "run_60": 0.5248494616314666,
  "run_61": 0.5247722149883162,
  "run_62": 0.524440029150957,
  "run_63": 0.521972042570069,
  "run_64": 0.5229453426193165,
  "run_65": 0.5265933180191641,
  "run_66": 0.5248269743264204,
  "run_67": 0.5243592100879345,
  "run_68": 0.5268787185012218,
  "run_69": 0.524239231700159,
  "run_70": 0.5239973933695063,
  "run_71": 0.5253278581431661,
  "run_72": 0.5252312958558516,
  "run_73": 0.5237697161432092,
  "run_74": 0.5231228214346455,
  "run_75": 0.5256727692426042,
  "run_76": 0.5252767691909881,
  "run_77": 0.5250934228694679,
  "run_78": 0.5264124512285748,
  "run_79": 0.5236707763800783,
  "run_80": 0.5212140779306567,
  "run_81": 0.5242893417142389,
  "run_82": 0.5260291759214589,
  "run_83": 0.5254472413378888,
  "run_84": 0.5240858131438104,
  "run_85": 0.5251580336742695,
  "run_86": 0.524234948479708,
  "run_87": 0.5262413727399498,
  "run_88": 0.5236912738178622,
  "run_89": 0.5246440850514564,
  "run_90": 0.5263493289151063,
  "run_91": 0.5260392167582086,
  "run_92": 0.5224477360736246,
  "run_93": 0.5235869972966738,
  "run_94": 0.5243447301244467,
  "run_95": 0.5253925846073818,
  "run_96": 0.5257605167065624,
  "run_97": 0.5251889404934709,
  "run_98": 0.5224171473190281,
  "run_99": 0.5276374453474121
}