{
  "run_0": 2.327124197153104,
  "run_1": 2.322973743838263,
  "run_2": 2.323077883745855,
  "run_3": 2.3279254128346065,
  "run_4": 2.3243047188383037,
  "run_5": 2.3330721685502875,
  "run_6": 2.3313569610009184,
  "run_7": 2.3295072422266094,
  "run_8": 2.325238520833555,
  "run_9": 2.329588244542128,
  "run_10": 2.3263042115991097,
  "run_11": 2.324973866873997,
  "run_12": 2.3276900453821407,
  "run_13": 2.324601356136368,
  "run_14": 2.3248605217633895,
  "run_15": 2.323253417336857,
  "run_16": 2.325869764328528,
  "run_17": 2.3305233371457104,
  "run_18": 2.3250438645532507,
  "run_19": 2.3313265379396446,
  "run_20": 2.3197548775806953,
  "run_21": 2.3223578925889123,
  "run_22": 2.323081594397263,
  "run_23": 2.333321879747865,
  "run_24": 2.328933301689477,
  "run_25": 2.3307183930505415,
  "run_26": 2.3243644905532714,
  "run_27": 2.332528811974806,
  "run_28": 2.3226857600421558,
  "run_29": 2.327534597058848,
  "run_30": 2.3299608008392534,
  "run_31": 2.3322494348412297,
  "run_32": 2.327725703221528,
  "run_33": 2.3225064423277004,
  "run_34": 2.322662180720679,
  "run_35": 2.333398509516145,
  "run_36": 2.329039789697079,
  "run_37": 2.324924913257195,
  "run_38": 2.3280910690150685,
  "run_39": 2.325381149517462,
  "run_40": 2.3265623873351373,
  "run_41": 2.325233572438743,
  "run_42": 2.32354949270343,
  "run_43": 2.324561414087637,
  "run_44": 2.321930715922159,
  "run_45": 2.3245586641625984,
  "run_46": 2.328672336094697,
  "run_47": 2.324880324677426,
  "run_48": 2.3242446155823755,
  "run_49": 2.3252313838906367,
  "run_50": 2.3291257972603567,
  "run_51": 2.324224606120916,
  "run_52": 2.3259635702054533,
  "run_53": 2.329054943919292,
  "run_54": 2.323689216082264,
  "run_55": 2.3260913927538374,
  "run_56": 2.3235047796941677,
  "run_57": 2.3261043574050975,
  "run_58": 2.3187791719517565,
  "run_59": 2.328618630361245,
  "run_60": 2.3233180247617917,
  "run_61": 2.32265809221532,
  "run_62": 2.323903182012527,
  "run_63": 2.3200148553819884,
  "run_64": 2.3214045785141155,
  "run_65": 2.328927175305983,
  "run_66": 2.326124871856031,
  "run_67": 2.3251133941653634,
  "run_68": 2.3299556268960053,
  "run_69": 2.329677330262857,
  "run_70": 2.327000444367739,
  "run_71": 2.32750270419825,
  "run_72": 2.327396095054172,
  "run_73": 2.323921833670415,
  "run_74": 2.327759629312823,
  "run_75": 2.32643859734922,
  "run_76": 2.3197539609795084,
  "run_77": 2.3282918523819442,
  "run_78": 2.32060532650321,
  "run_79": 2.33290613656713,
  "run_80": 2.322090952641581,
  "run_81": 2.3287597408991263,
  "run_82": 2.3259803298258976,
  "run_83": 2.330386897251029,
  "run_84": 2.324160040803035,
  "run_85": 2.3273685421167762,
  "run_86": 2.3313624951759415,
  "run_87": 2.330562486039228,
  "run_88": 2.327753726523739,
  "run_89": 2.334646495276569,
  "run_90": 2.323335730311352,
  "run_91": 2.3223538711156873,
  "run_92": 2.3292598023134756,
  "run_93": 2.3325890511836063,
  "run_94": 2.322499485119021,
  "run_95": 2.319489067384755,
  "run_96": 2.326639881853429,
  "run_97": 2.327766281153075,
  "run_98": 2.3161439641259927,
  "run_99": 2.3251340644780636
}