{
  "run_0": 2.3258762330210536,
  "run_1": 2.3256209598272752,
  "run_2": 2.3195419989205246,
  "run_3": 2.321014075730905,
  "run_4": 2.3251683020765164,
  "run_5": 2.327119797799369,
  "run_6": 2.3232208678168274,
  "run_7": 2.330525951090741,
  "run_8": 2.3304701791075577,
  "run_9": 2.323106290020823
}