{
  "run_0": 1.2804405731582567,
  "run_1": 1.2810031128894022,
  "run_2": 1.2799342034042689,
  "run_3": 1.2808994458085239,
  "run_4": 1.2807787483328532,
  "run_5": 1.2800101656917608,
  "run_6": 1.2792298269836229,
  "run_7": 1.283912456385504,
  "run_8": 1.2819558904736275,
  "run_9": 1.2830766142481385,
  "run_10": 1.2831481227061374,
  "run_11": 1.281746158186438,
  "run_12": 1.279790698052021,
  "run_13": 1.2818401524725687,
  "run_14": 1.280826347771106,
  "run_15": 1.2810460702774633,
  "run_16": 1.2849281033318753,
  "run_17": 1.2824466013610898,
  "run_18": 1.281014890070499,
  "run_19": 1.2826502108846234,
  "run_20": 1.2804201631965804,
  "run_21": 1.2825495669703344,
  "run_22": 1.2831123080840054,
  "run_23": 1.2789507236336193,
  "run_24": 1.2819162908614925,
  "run_25": 1.279355837172524,
  "run_26": 1.2820814589932041,
  "run_27": 1.2826052907981673,
  "run_28": 1.2811955488341435,
  "run_29": 1.2816909383373978,
  "run_30": 1.2798566516214525,
  "run_31": 1.2808837326030296,
  "run_32": 1.2810016534492283,
  "run_33": 1.2832223940665846,
  "run_34": 1.2829883488283267,
  "run_35": 1.281454385271898,
  "run_36": 1.280766363615952,
  "run_37": 1.2816921472817153,
  "run_38": 1.2802535885674433,
  "run_39": 1.2822078211562002,
  "run_40": 1.2829714774670777,
  "run_41": 1.2800966752595466,
  "run_42": 1.2807791480370723,
  "run_43": 1.2824589258321342,
  "run_44": 1.281811616667714,
  "run_45": 1.2827892043840279,
  "run_46": 1.2813349310939772,
  "run_47": 1.2820038795577795,
  "run_48": 1.2824393391192614,
  "run_49": 1.2795497221056766,
  "run_50": 1.2817009410450724,
  "run_51": 1.279147422399749,
  "run_52": 1.283073046111527,
  "run_53": 1.2831790057089854,
  "run_54": 1.280379717618918,
  "run_55": 1.2822201618681761,
  "run_56": 1.2821641193702256,
  "run_57": 1.2817106062450008,
  "run_58": 1.2807060588430998,
  "run_59": 1.2772215617922582,
  "run_60": 1.2847620756194733,
  "run_61": 1.2818048164316385,
  "run_62": 1.2859534715562346,
  "run_63": 1.282645389594598,
  "run_64": 1.2827683521312698,
  "run_65": 1.2803165101054534,
  "run_66": 1.284951413981227,
  "run_67": 1.2815513946327601,
  "run_68": 1.2835262002396997,
  "run_69": 1.2816204306044905,
  "run_70": 1.283932249924204,
  "run_71": 1.281369780962463,
  "run_72": 1.281485442199958,
  "run_73": 1.2837478591698905,
  "run_74": 1.2822896794021277,
  "run_75": 1.281670270256953,
  "run_76": 1.2807013526023279,
  "run_77": 1.2822817938722442,
  "run_78": 1.281064470819119,
  "run_79": 1.2833556927707823,
  "run_80": 1.2793907681842989,
  "run_81": 1.2832272568971899,
  "run_82": 1.2804146079990322,
  "run_83": 1.2811592969993755,
  "run_84": 1.2810651689057206,
  "run_85": 1.2813360369397495,
  "run_86": 1.2793763032155618,
  "run_87": 1.2848902167420633,
  "run_88": 1.2836729107590399,
  "run_89": 1.2821550114772562,
  "run_90": 1.280444347208228,
  "run_91": 1.2826597438227927,
  "run_92": 1.282434926755092,
  "run_93": 1.2823893806562718,
  "run_94": 1.2847583385010724,
  "run_95": 1.2797841561319205,
  "run_96": 1.2783829345733184,
  "run_97": 1.2821485125277743,
  "run_98": 1.2818183297538353,
  "run_99": 1.2806985336906516
}