{
  "run_0": 1.2827697823310362,
  "run_1": 1.2810629317737827,
  "run_2": 1.279239555499049,
  "run_3": 1.2813472811037006,
  "run_4": 1.2806259802062658,
  "run_5": 1.281146118545556,
  "run_6": 1.2833210806696462,
  "run_7": 1.281194390240869,
  "run_8": 1.2835597238793701,
  "run_9": 1.2816678504995769,
  "run_10": 1.282577755705167,
  "run_11": 1.2837288724043154,
  "run_12": 1.281546261946783,
  "run_13": 1.2827653236055994,
  "run_14": 1.279147275327478,
  "run_15": 1.2819664534586448,
  "run_16": 1.2809736336845805,
  "run_17": 1.282755270653701,
  "run_18": 1.281279178883036,
  "run_19": 1.2822599360020484,
  "run_20": 1.2807132457264196,
  "run_21": 1.2830901763305858,
  "run_22": 1.2835397929391028,
  "run_23": 1.283021135751782,
  "run_24": 1.2797837579479727,
  "run_25": 1.2855821038304613,
  "run_26": 1.2808776552071737,
  "run_27": 1.2797761460060324,
  "run_28": 1.28548720303224,
  "run_29": 1.2818245939751112,
  "run_30": 1.2808455345436887,
  "run_31": 1.2818035258338012,
  "run_32": 1.2827428420836489,
  "run_33": 1.2799207693159809,
  "run_34": 1.2826785322046643,
  "run_35": 1.2817631831517995,
  "run_36": 1.2794521024434558,
  "run_37": 1.2811044810738366,
  "run_38": 1.279294623123166,
  "run_39": 1.2825684042607342,
  "run_40": 1.2822764394421284,
  "run_41": 1.2786241560175058,
  "run_42": 1.283419254761054,
  "run_43": 1.2800719427663523,
  "run_44": 1.2812552835304878,
  "run_45": 1.2823445539942195,
  "run_46": 1.2803648355497508,
  "run_47": 1.2814356017871056,
  "run_48": 1.2828409477518974,
  "run_49": 1.2795236193689787,
  "run_50": 1.2809570234143817,
  "run_51": 1.280410245234332,
  "run_52": 1.2795813876509912,
  "run_53": 1.28389639108675,
  "run_54": 1.2820283455717751,
  "run_55": 1.2834675730733904,
  "run_56": 1.2798791621260026,
  "run_57": 1.2826462192385208,
  "run_58": 1.284029587045631,
  "run_59": 1.2804058271811818,
  "run_60": 1.283672669121931,
  "run_61": 1.2851764694640873,
  "run_62": 1.2829200845211388,
  "run_63": 1.28239599981466,
  "run_64": 1.280990894552707,
  "run_65": 1.281636204535968,
  "run_66": 1.2811132840252246,
  "run_67": 1.283082504884347,
  "run_68": 1.2823094746986499,
  "run_69": 1.2797057304130854,
  "run_70": 1.2786125988201467,
  "run_71": 1.2831177470877115,
  "run_72": 1.282336965769732,
  "run_73": 1.2774870945701624,
  "run_74": 1.2796666327813198,
  "run_75": 1.280807598523992,
  "run_76": 1.2794026413807473,
  "run_77": 1.2814125599390658,
  "run_78": 1.2831792176009944,
  "run_79": 1.2828964505434886,
  "run_80": 1.2815180527900536,
  "run_81": 1.2811670014080028,
  "run_82": 1.283003540514835,
  "run_83": 1.2808824745347906,
  "run_84": 1.282846183927909,
  "run_85": 1.282986494763895,
  "run_86": 1.2797565345020727,
  "run_87": 1.2812632238255341,
  "run_88": 1.2810648840933072,
  "run_89": 1.2805531809891395,
  "run_90": 1.2799323811992989,
  "run_91": 1.2814321503206125,
  "run_92": 1.28189150239359,
  "run_93": 1.2815296304822623,
  "run_94": 1.2796530349643018,
  "run_95": 1.2806122090468128,
  "run_96": 1.2822818887609193,
  "run_97": 1.2826533889735778,
  "run_98": 1.281687372180134,
  "run_99": 1.2835168102851042
}