{
  "run_0": 1.747892124584414,
  "run_1": 1.7525999327110355,
  "run_2": 1.7469038023376824,
  "run_3": 1.7518203530294363,
  "run_4": 1.7490425705075914,
  "run_5": 1.7499737445249846,
  "run_6": 1.7473413782740075,
  "run_7": 1.751125811679157,
  "run_8": 1.7511696209885652,
  "run_9": 1.7464801804279297,
  "run_10": 1.7502123242846062,
  "run_11": 1.7505090318164767,
  "run_12": 1.7493864193049085,
  "run_13": 1.7516443900967715,
  "run_14": 1.7521963912906577,
  "run_15": 1.7520782516516307,
  "run_16": 1.7514848749359757,
  "run_17": 1.7501168169298582,
  "run_18": 1.7532267477191377,
  "run_19": 1.7494811597984365,
  "run_20": 1.7522206546068189,
  "run_21": 1.7462047021629616,
  "run_22": 1.752083151357288,
  "run_23": 1.747149976191908,
  "run_24": 1.749930599649011,
  "run_25": 1.750421862008857,
  "run_26": 1.7507252503443584,
  "run_27": 1.7493137700789014,
  "run_28": 1.7512112254424501,
  "run_29": 1.751772596063105,
  "run_30": 1.75236103434631,
  "run_31": 1.7480872631147808,
  "run_32": 1.753306532325525,
  "run_33": 1.7525368816408522,
  "run_34": 1.752612027804634,
  "run_35": 1.750127070776223,
  "run_36": 1.7505454133544291,
  "run_37": 1.7479544787150554,
  "run_38": 1.754487487493352,
  "run_39": 1.7527980012827482,
  "run_40": 1.752616999420578,
  "run_41": 1.753745280481963,
  "run_42": 1.7477382045984255,
  "run_43": 1.7486020083356193,
  "run_44": 1.7472991753114042,
  "run_45": 1.7515115278739262,
  "run_46": 1.7511581705748038,
  "run_47": 1.7527341986756448,
  "run_48": 1.7469834400976483,
  "run_49": 1.7528139656313748,
  "run_50": 1.7461887941050374,
  "run_51": 1.750103358847452,
  "run_52": 1.7534298202520953,
  "run_53": 1.7508788929421513,
  "run_54": 1.7536947495919724,
  "run_55": 1.7540921326533172,
  "run_56": 1.7488215403340552,
  "run_57": 1.7489234625948913,
  "run_58": 1.7473888859825313,
  "run_59": 1.7516232435230632,
  "run_60": 1.7508638031751977,
  "run_61": 1.7510498199188524,
  "run_62": 1.7494079933794222,
  "run_63": 1.7539835189289816,
  "run_64": 1.748012831719439,
  "run_65": 1.7499928808680234,
  "run_66": 1.7520278875819275,
  "run_67": 1.7473855843759345,
  "run_68": 1.7545454930358735,
  "run_69": 1.7493311814371586,
  "run_70": 1.7514143399108137,
  "run_71": 1.7489129805853774,
  "run_72": 1.7509054104658466,
  "run_73": 1.748157833171145,
  "run_74": 1.753204076551988,
  "run_75": 1.751977446521411,
  "run_76": 1.7509811415656167,
  "run_77": 1.7527152717132912,
  "run_78": 1.753073699527004,
  "run_79": 1.7472866969707592,
  "run_80": 1.7495132734960641,
  "run_81": 1.7519899364270248,
  "run_82": 1.7484681680615575,
  "run_83": 1.7483040760185335,
  "run_84": 1.7527418949642657,
  "run_85": 1.7507041315468468,
  "run_86": 1.7502307453171102,
  "run_87": 1.7499097253721838,
  "run_88": 1.7498871235010127,
  "run_89": 1.7497783711664812,
  "run_90": 1.7497994409626267,
  "run_91": 1.745157311147622,
  "run_92": 1.7511053990843792,
  "run_93": 1.7503540021358526,
  "run_94": 1.7530691711472097,
  "run_95": 1.7500896423506496,
  "run_96": 1.7525296656911082,
  "run_97": 1.7510581496318882,
  "run_98": 1.754030497152376,
  "run_99": 1.7534945423774828
}