{
  "run_0": 1.279247466775388,
  "run_1": 1.2807645932198541,
  "run_2": 1.2787778189861911,
  "run_3": 1.2768612548860538,
  "run_4": 1.2837555283889213,
  "run_5": 1.2811682044922093,
  "run_6": 1.2810485040334239,
  "run_7": 1.2836377529165441,
  "run_8": 1.2813901280149396,
  "run_9": 1.2842481889131676
}