{
  "run_0": 1.2828046498809673,
  "run_1": 1.2838648600871683,
  "run_2": 1.2786941078334126,
  "run_3": 1.2809820538657501,
  "run_4": 1.28104945063704,
  "run_5": 1.2823164480247844,
  "run_6": 1.28240515966336,
  "run_7": 1.28094667344163,
  "run_8": 1.2855160358254816,
  "run_9": 1.2816396313541703,
  "run_10": 1.2811465018933472,
  "run_11": 1.2827163074959518,
  "run_12": 1.284546002076542,
  "run_13": 1.2809175843490697,
  "run_14": 1.2826446107251241,
  "run_15": 1.279235476058323,
  "run_16": 1.2831516638017932,
  "run_17": 1.2819545258857716,
  "run_18": 1.2812131230774952,
  "run_19": 1.283176781181259,
  "run_20": 1.283444726827852,
  "run_21": 1.2809426607894048,
  "run_22": 1.2795568044236174,
  "run_23": 1.283259853556689,
  "run_24": 1.2847500938002079,
  "run_25": 1.2838032814746838,
  "run_26": 1.2804060687686882,
  "run_27": 1.2810687856386156,
  "run_28": 1.2816799341133607,
  "run_29": 1.2817386609778294,
  "run_30": 1.280426700925368,
  "run_31": 1.2817882985913118,
  "run_32": 1.279085657667372,
  "run_33": 1.2802855919019038,
  "run_34": 1.281649419392643,
  "run_35": 1.2808097416083446,
  "run_36": 1.2829732646190146,
  "run_37": 1.2831640450872823,
  "run_38": 1.2832980795309088,
  "run_39": 1.2812322087904224,
  "run_40": 1.2754381280024358,
  "run_41": 1.2807028187265848,
  "run_42": 1.2807785261699929,
  "run_43": 1.2839351480544754,
  "run_44": 1.2817003501377426,
  "run_45": 1.2772244106486497,
  "run_46": 1.2824502407133462,
  "run_47": 1.2807026210846952,
  "run_48": 1.283838047741704,
  "run_49": 1.2822724104964278,
  "run_50": 1.2844461191746508,
  "run_51": 1.2821286648425025,
  "run_52": 1.2818005477752983,
  "run_53": 1.282864469054075,
  "run_54": 1.2815365642726375,
  "run_55": 1.2821677958680882,
  "run_56": 1.2817238380045262,
  "run_57": 1.2828508409015256,
  "run_58": 1.2804638899244745,
  "run_59": 1.280396867721527,
  "run_60": 1.2818869348708035,
  "run_61": 1.2816828847981998,
  "run_62": 1.2816809811213323,
  "run_63": 1.2814900088925085,
  "run_64": 1.2799311332142687,
  "run_65": 1.2789794078138468,
  "run_66": 1.2802015633463277,
  "run_67": 1.2811469030303457,
  "run_68": 1.2828809633210607,
  "run_69": 1.280011640354421,
  "run_70": 1.2823779891753373,
  "run_71": 1.2796966181477705,
  "run_72": 1.2812955950748761,
  "run_73": 1.2800806351491771,
  "run_74": 1.2826835784119477,
  "run_75": 1.2792019266790902,
  "run_76": 1.2815502843476343,
  "run_77": 1.2834279506352524,
  "run_78": 1.2820504837781763,
  "run_79": 1.280862110180956,
  "run_80": 1.2817057965018201,
  "run_81": 1.2819427680911304,
  "run_82": 1.2813122467908173,
  "run_83": 1.2805792744120865,
  "run_84": 1.284666095258621,
  "run_85": 1.282684661930306,
  "run_86": 1.2809612959081407,
  "run_87": 1.282717705941071,
  "run_88": 1.2802094879912145,
  "run_89": 1.282641410115479,
  "run_90": 1.2824870295929927,
  "run_91": 1.2801456412251662,
  "run_92": 1.2801662773267881,
  "run_93": 1.28172990735797,
  "run_94": 1.282258999948613,
  "run_95": 1.2821195265653704,
  "run_96": 1.2807812433988135,
  "run_97": 1.2826474336328904,
  "run_98": 1.2811543138889616,
  "run_99": 1.2799962858619147
}