{
  "run_0": 1.8123876048736465,
  "run_1": 1.8123876048736465,
  "run_2": 1.8123876048736465,
  "run_3": 1.8123876048736465,
  "run_4": 1.8123876048736465,
  "run_5": 1.8123876048736465,
  "run_6": 1.8123876048736465,
  "run_7": 1.8123876048736465,
  "run_8": 1.8123876048736465,
  "run_9": 1.8123876048736465
}