{
  "run_0": 2.330798490518744,
  "run_1": 2.3298538770106947,
  "run_2": 2.328124467192483,
  "run_3": 2.3250890472611174,
  "run_4": 2.3297786001483916,
  "run_5": 2.337656860946451,
  "run_6": 2.3301506535012626,
  "run_7": 2.3254219484393457,
  "run_8": 2.3282622827073505,
  "run_9": 2.326773746012318,
  "run_10": 2.327172151480815,
  "run_11": 2.3263181280100103,
  "run_12": 2.3329901560234494,
  "run_13": 2.3255730576024964,
  "run_14": 2.3260397202655523,
  "run_15": 2.330165979569534,
  "run_16": 2.3224805599246867,
  "run_17": 2.333562523313068,
  "run_18": 2.3324313088525037,
  "run_19": 2.3303805190292453,
  "run_20": 2.326913169048336,
  "run_21": 2.3202115137411448,
  "run_22": 2.332109551287637,
  "run_23": 2.320358843171216,
  "run_24": 2.3283336276578406,
  "run_25": 2.323749160888795,
  "run_26": 2.3312718688969727,
  "run_27": 2.322160296566015,
  "run_28": 2.3259820857694278,
  "run_29": 2.3269369480799647,
  "run_30": 2.320906393244474,
  "run_31": 2.3289721598282656,
  "run_32": 2.3271970970874802,
  "run_33": 2.332230828576545,
  "run_34": 2.32553793465138,
  "run_35": 2.325857115029536,
  "run_36": 2.3235899218118528,
  "run_37": 2.323176951407678,
  "run_38": 2.3247457029047363,
  "run_39": 2.323880412243404,
  "run_40": 2.329801894802863,
  "run_41": 2.324875327844182,
  "run_42": 2.327014641971552,
  "run_43": 2.3217812873399057,
  "run_44": 2.328160212486515,
  "run_45": 2.3280664904369353,
  "run_46": 2.3294374845782198,
  "run_47": 2.329375552322051,
  "run_48": 2.3258989126795493,
  "run_49": 2.322406743277557,
  "run_50": 2.3230487994822617,
  "run_51": 2.32659283216314,
  "run_52": 2.320523848924317,
  "run_53": 2.327714792819463,
  "run_54": 2.326348633955332,
  "run_55": 2.323251337602386,
  "run_56": 2.3203072259222575,
  "run_57": 2.321279428090975,
  "run_58": 2.326014600786248,
  "run_59": 2.3270830374433045,
  "run_60": 2.326295419909524,
  "run_61": 2.32769209687631,
  "run_62": 2.3307049843541647,
  "run_63": 2.3233580161984895,
  "run_64": 2.3313969301684803,
  "run_65": 2.328138266752292,
  "run_66": 2.321282302961792,
  "run_67": 2.331535343570616,
  "run_68": 2.331663761055159,
  "run_69": 2.324526801351633,
  "run_70": 2.3315494856499726,
  "run_71": 2.32659008465988,
  "run_72": 2.322277010525797,
  "run_73": 2.331187671202664,
  "run_74": 2.327779862650396,
  "run_75": 2.326895308066218,
  "run_76": 2.3259646428094154,
  "run_77": 2.3245125889749634,
  "run_78": 2.326255864599853,
  "run_79": 2.3195595998154115,
  "run_80": 2.3299948366978187,
  "run_81": 2.3205699777855306,
  "run_82": 2.3302195526465486,
  "run_83": 2.32484935704128,
  "run_84": 2.327229011427669,
  "run_85": 2.327301319533424,
  "run_86": 2.329797731551035,
  "run_87": 2.3264539022645794,
  "run_88": 2.321887651456009,
  "run_89": 2.3305030410234577,
  "run_90": 2.327837336485871,
  "run_91": 2.325500998390583,
  "run_92": 2.3278021530198827,
  "run_93": 2.3207068194486373,
  "run_94": 2.3258020434747593,
  "run_95": 2.329397798061378,
  "run_96": 2.323725329819722,
  "run_97": 2.3265535092948553,
  "run_98": 2.3283702970360025,
  "run_99": 2.3286359827418326
}