{
  "run_0": 1.747358908153173,
  "run_1": 1.7484969140878832,
  "run_2": 1.7490435752952274,
  "run_3": 1.7469932973656876,
  "run_4": 1.7532457269796506,
  "run_5": 1.7480218624121917,
  "run_6": 1.7503701187781253,
  "run_7": 1.7516209604583681,
  "run_8": 1.7481690256503573,
  "run_9": 1.7552290484408926
}