{
  "run_0": 1.2838098561088935,
  "run_1": 1.2806121214531825,
  "run_2": 1.281143569304561,
  "run_3": 1.2807934037111985,
  "run_4": 1.2833373080946686,
  "run_5": 1.2805696921002345,
  "run_6": 1.2833262031971888,
  "run_7": 1.2814144295174137,
  "run_8": 1.2812130504376151,
  "run_9": 1.280971846490084,
  "run_10": 1.2818076559758456,
  "run_11": 1.2785745632542365,
  "run_12": 1.2815446983296253,
  "run_13": 1.2787019367027876,
  "run_14": 1.2840799707653376,
  "run_15": 1.2812511984285617,
  "run_16": 1.2815429637470395,
  "run_17": 1.2807718271977366,
  "run_18": 1.2788833060102158,
  "run_19": 1.2834348814459886,
  "run_20": 1.2807797432782826,
  "run_21": 1.2808670373364082,
  "run_22": 1.2822516789915195,
  "run_23": 1.282795234029258,
  "run_24": 1.2816435568655744,
  "run_25": 1.2853047379091065,
  "run_26": 1.2809107659010508,
  "run_27": 1.2801082367691106,
  "run_28": 1.2816225002258432,
  "run_29": 1.2825479186368742,
  "run_30": 1.2814203666967217,
  "run_31": 1.282747375607121,
  "run_32": 1.2832257724764047,
  "run_33": 1.2810118305851814,
  "run_34": 1.2826198814611947,
  "run_35": 1.2810539064424822,
  "run_36": 1.2839340805049944,
  "run_37": 1.2830240645557855,
  "run_38": 1.2817683338761117,
  "run_39": 1.281654733586527,
  "run_40": 1.2858933880757049,
  "run_41": 1.284457401947729,
  "run_42": 1.2785046738057955,
  "run_43": 1.2824429917921387,
  "run_44": 1.2823509481190645,
  "run_45": 1.2818199109254222,
  "run_46": 1.2825915162153678,
  "run_47": 1.2787730856562254,
  "run_48": 1.2818628720960323,
  "run_49": 1.2816914023297223,
  "run_50": 1.2791102168286337,
  "run_51": 1.2796489531303277,
  "run_52": 1.2812932770491345,
  "run_53": 1.2810794519723083,
  "run_54": 1.2817969910961793,
  "run_55": 1.2858086190971307,
  "run_56": 1.2814326220628127,
  "run_57": 1.2825214044778912,
  "run_58": 1.2826886859797328,
  "run_59": 1.2828980010649442,
  "run_60": 1.284650421700441,
  "run_61": 1.2818177172734535,
  "run_62": 1.278711858857523,
  "run_63": 1.2792168003782054,
  "run_64": 1.2805559321297528,
  "run_65": 1.2801373052119889,
  "run_66": 1.2833591124399433,
  "run_67": 1.2803480705091506,
  "run_68": 1.2826620786852538,
  "run_69": 1.281471526914035,
  "run_70": 1.2810705488547014,
  "run_71": 1.282468954419712,
  "run_72": 1.2819011437836707,
  "run_73": 1.279920579960238,
  "run_74": 1.2802083943514901,
  "run_75": 1.2835752155478017,
  "run_76": 1.2800333668798074,
  "run_77": 1.2831134273003677,
  "run_78": 1.2800007625868082,
  "run_79": 1.2805397950413049,
  "run_80": 1.2800826552332936,
  "run_81": 1.2818860889296784,
  "run_82": 1.2822065495608639,
  "run_83": 1.2813552662316348,
  "run_84": 1.2813664805958163,
  "run_85": 1.282233802232982,
  "run_86": 1.283500965458114,
  "run_87": 1.2815219378450284,
  "run_88": 1.2854276772880107,
  "run_89": 1.2810993695420672,
  "run_90": 1.2804366555649058,
  "run_91": 1.2818519071193089,
  "run_92": 1.282565048383965,
  "run_93": 1.2808993345417856,
  "run_94": 1.2839514307830076,
  "run_95": 1.2850286644144888,
  "run_96": 1.2809962133590307,
  "run_97": 1.2796100348129815,
  "run_98": 1.28420073589857,
  "run_99": 1.2807272453538356
}