{
  "run_0": 0.5262609693685107,
  "run_1": 0.5238576159036938,
  "run_2": 0.5235209288776305,
  "run_3": 0.5263087631013794,
  "run_4": 0.5232964687097817,
  "run_5": 0.5224129868580168,
  "run_6": 0.5234563171766485,
  "run_7": 0.5227857399839907,
  "run_8": 0.522468977657321,
  "run_9": 0.5251838334405617,
  "run_10": 0.5238377459634749,
  "run_11": 0.5247274843371346,
  "run_12": 0.5257705371251523,
  "run_13": 0.5263074876338665,
  "run_14": 0.5226709061290634,
  "run_15": 0.5245578334907677,
  "run_16": 0.5246197900184568,
  "run_17": 0.5203761273529466,
  "run_18": 0.5231805333967553,
  "run_19": 0.5216084709709536,
  "run_20": 0.5224115246255812,
  "run_21": 0.5265931482009545,
  "run_22": 0.5270706255402335,
  "run_23": 0.5275038300955935,
  "run_24": 0.5253477399021866,
  "run_25": 0.5248263755364642,
  "run_26": 0.5240718843317447,
  "run_27": 0.5229160946843814,
  "run_28": 0.5270179728004578,
  "run_29": 0.5244004237775398,
  "run_30": 0.5244914114753321,
  "run_31": 0.5234693220294993,
  "run_32": 0.5241326525065293,
  "run_33": 0.5261395978831465,
  "run_34": 0.525471293987536,
  "run_35": 0.5252449548609677,
  "run_36": 0.5257324432031583,
  "run_37": 0.5251714075253301,
  "run_38": 0.5239488525191872,
  "run_39": 0.5249569668177447,
  "run_40": 0.5242028512667101,
  "run_41": 0.5240194227304614,
  "run_42": 0.5225122758645759,
  "run_43": 0.5241007371735076,
  "run_44": 0.5235655370516132,
  "run_45": 0.5224554493971787,
  "run_46": 0.5236549524837755,
  "run_47": 0.5252955929243445,
  "run_48": 0.5250622221196773,
  "run_49": 0.5258624094678326,
  "run_50": 0.5251247582038164,
  "run_51": 0.5263445424245806,
  "run_52": 0.5214744571413911,
  "run_53": 0.5249959215230653,
  "run_54": 0.5225719407068345,
  "run_55": 0.5238784144182739,
  "run_56": 0.5245989889828065,
  "run_57": 0.5256551285402778,
  "run_58": 0.5241307663673712,
  "run_59": 0.5243593284650754,
  "run_60": 0.525172127048805,
  "run_61": 0.5204051504210915,
  "run_62": 0.5250069698184368,
  "run_63": 0.5243757967029825,
  "run_64": 0.525326813695815,
  "run_65": 0.5249839167957402,
  "run_66": 0.524837232082389,
  "run_67": 0.5248460636462123,
  "run_68": 0.5240830255481894,
  "run_69": 0.5243879152987143,
  "run_70": 0.524558218159072,
  "run_71": 0.5252079717717758,
  "run_72": 0.522449057403928,
  "run_73": 0.5282449199080859,
  "run_74": 0.5244599182917591,
  "run_75": 0.523668896412034,
  "run_76": 0.5220880526040302,
  "run_77": 0.5241370383791392,
  "run_78": 0.524329939561877,
  "run_79": 0.5210194585239989,
  "run_80": 0.5253375924119078,
  "run_81": 0.5232399527798253,
  "run_82": 0.5245412438126005,
  "run_83": 0.5228098631115039,
  "run_84": 0.5235233970648392,
  "run_85": 0.5256542486894835,
  "run_86": 0.5242916149903144,
  "run_87": 0.5239985570016514,
  "run_88": 0.5253912291757334,
  "run_89": 0.5229775300599852,
  "run_90": 0.5231519291187858,
  "run_91": 0.5240338245693348,
  "run_92": 0.5246342170466518,
  "run_93": 0.5261631119993682,
  "run_94": 0.5252809484394179,
  "run_95": 0.5243504550052459,
  "run_96": 0.5230859693513303,
  "run_97": 0.5218673091968161,
  "run_98": 0.5240114120188482,
  "run_99": 0.5261371103845576
}