{
  "run_0": 0.8413791776609657,
  "run_1": 0.8419924083915581,
  "run_2": 0.8426298840886399,
  "run_3": 0.8412928002135576,
  "run_4": 0.8423597440264999,
  "run_5": 0.8389371107058103,
  "run_6": 0.8406520795678547,
  "run_7": 0.839710865005955,
  "run_8": 0.8426074575494171,
  "run_9": 0.8411099463523701,
  "run_10": 0.8398450310987678,
  "run_11": 0.8411828989583942,
  "run_12": 0.8416572423680646,
  "run_13": 0.8441832106618326,
  "run_14": 0.8391859083988377,
  "run_15": 0.8427696613983943,
  "run_16": 0.8406093905363357,
  "run_17": 0.8440748728849944,
  "run_18": 0.8409972889416119,
  "run_19": 0.840447719971993,
  "run_20": 0.8439116068765973,
  "run_21": 0.8408583915516454,
  "run_22": 0.842538651943539,
  "run_23": 0.8414177939357239,
  "run_24": 0.8424075416870245,
  "run_25": 0.840876382558905,
  "run_26": 0.8444834539072207,
  "run_27": 0.8427345632524055,
  "run_28": 0.8405013153948696,
  "run_29": 0.842334385941201,
  "run_30": 0.843341676806816,
  "run_31": 0.8398065794268179,
  "run_32": 0.8405935251958807,
  "run_33": 0.8440962389971951,
  "run_34": 0.8431170986658676,
  "run_35": 0.8428215774980936,
  "run_36": 0.8414893171759392,
  "run_37": 0.8400552029169107,
  "run_38": 0.841934431474335,
  "run_39": 0.8400939895989579,
  "run_40": 0.8414487290325858,
  "run_41": 0.8424981568897246,
  "run_42": 0.842509419810749,
  "run_43": 0.8381264037546264,
  "run_44": 0.8415194559370266,
  "run_45": 0.8397138643024735,
  "run_46": 0.8426334023683348,
  "run_47": 0.8415783528746726,
  "run_48": 0.8401181346507718,
  "run_49": 0.8418276429418088,
  "run_50": 0.8431559260061934,
  "run_51": 0.8416606549159319,
  "run_52": 0.8404602485464917,
  "run_53": 0.8441890156509664,
  "run_54": 0.8417382295171473,
  "run_55": 0.8409721444421843,
  "run_56": 0.840151672358896,
  "run_57": 0.8415839450355372,
  "run_58": 0.8430830978316702,
  "run_59": 0.8394881486526863,
  "run_60": 0.8423322367259237,
  "run_61": 0.8424122563698729,
  "run_62": 0.8413248261013417,
  "run_63": 0.8411531666584698,
  "run_64": 0.843602984921097,
  "run_65": 0.8425056394298589,
  "run_66": 0.8400192528539481,
  "run_67": 0.8411598778119254,
  "run_68": 0.8415797851050091,
  "run_69": 0.8415011739909878,
  "run_70": 0.8415457646119429,
  "run_71": 0.8427772010845284,
  "run_72": 0.8423939776476346,
  "run_73": 0.8422219572316256,
  "run_74": 0.8416832179984418,
  "run_75": 0.8425747069318831,
  "run_76": 0.8395062595500916,
  "run_77": 0.8437316966263944,
  "run_78": 0.8432041191602833,
  "run_79": 0.8430109199540772,
  "run_80": 0.8408651148792637,
  "run_81": 0.8405326751402007,
  "run_82": 0.841327652795636,
  "run_83": 0.8412016905196886,
  "run_84": 0.8427366881119438,
  "run_85": 0.841480352741842,
  "run_86": 0.8411313201443601,
  "run_87": 0.843236457125609,
  "run_88": 0.8410241488336897,
  "run_89": 0.8404086173461747,
  "run_90": 0.8413758342239174,
  "run_91": 0.8439178068742018,
  "run_92": 0.8436695543995183,
  "run_93": 0.8435457550053737,
  "run_94": 0.8419243569710674,
  "run_95": 0.8407471595796084,
  "run_96": 0.8401849539416852,
  "run_97": 0.8418052216491623,
  "run_98": 0.8401703061006175,
  "run_99": 0.8400432346366505
}