{
  "run_0": 0.8415955165776069,
  "run_1": 0.840494218584625,
  "run_2": 0.8413036922224496,
  "run_3": 0.8394263067610856,
  "run_4": 0.8420528971509718,
  "run_5": 0.843861862638989,
  "run_6": 0.842526497325046,
  "run_7": 0.8424395499369536,
  "run_8": 0.8398744745730755,
  "run_9": 0.8424533212565712,
  "run_10": 0.8385115489792715,
  "run_11": 0.8422196440675297,
  "run_12": 0.8402530625593122,
  "run_13": 0.8424240405996977,
  "run_14": 0.8417605311413482,
  "run_15": 0.8424049677631321,
  "run_16": 0.8426126503395797,
  "run_17": 0.845496914519726,
  "run_18": 0.8428219633445706,
  "run_19": 0.8407727749754929,
  "run_20": 0.8429139123497845,
  "run_21": 0.8415014128385316,
  "run_22": 0.8418443284861731,
  "run_23": 0.8417136312495661,
  "run_24": 0.8426025312134438,
  "run_25": 0.84188974200981,
  "run_26": 0.8413542576980411,
  "run_27": 0.841844975147142,
  "run_28": 0.8408146043172317,
  "run_29": 0.8407922470875397,
  "run_30": 0.8417494814815445,
  "run_31": 0.842882227763561,
  "run_32": 0.8426551090804391,
  "run_33": 0.8391381064432647,
  "run_34": 0.8409422353379635,
  "run_35": 0.844283888823207,
  "run_36": 0.8411369168858613,
  "run_37": 0.8402369137465336,
  "run_38": 0.8426020422353457,
  "run_39": 0.8401816136847444,
  "run_40": 0.8428329827248384,
  "run_41": 0.8416067799308458,
  "run_42": 0.8438060788380731,
  "run_43": 0.8439910595560673,
  "run_44": 0.841577054237215,
  "run_45": 0.8431119747751259,
  "run_46": 0.8418001676069868,
  "run_47": 0.8417673808116618,
  "run_48": 0.8401955822352971,
  "run_49": 0.8423219813730369,
  "run_50": 0.8430811087411436,
  "run_51": 0.8390947486789839,
  "run_52": 0.840723070289312,
  "run_53": 0.8414702094787203,
  "run_54": 0.8438813115780468,
  "run_55": 0.8392106491673161,
  "run_56": 0.8426047631810835,
  "run_57": 0.8429771038963484,
  "run_58": 0.8410240184791352,
  "run_59": 0.8412667655376795,
  "run_60": 0.8401937712206236,
  "run_61": 0.8408618595585271,
  "run_62": 0.8406779511747494,
  "run_63": 0.8406950521070703,
  "run_64": 0.8420348996868756,
  "run_65": 0.8425232365752375,
  "run_66": 0.8417900645351006,
  "run_67": 0.8440354343302248,
  "run_68": 0.8399764593194846,
  "run_69": 0.8420937122877127,
  "run_70": 0.8407059927418372,
  "run_71": 0.8421512264416294,
  "run_72": 0.8408939559890957,
  "run_73": 0.8405600306793246,
  "run_74": 0.8460887392385072,
  "run_75": 0.840831616550195,
  "run_76": 0.8390281375171054,
  "run_77": 0.8397993481535645,
  "run_78": 0.8414177020867615,
  "run_79": 0.8397142805548957,
  "run_80": 0.8399709434648355,
  "run_81": 0.8409880594290516,
  "run_82": 0.842317005345802,
  "run_83": 0.8435223512457833,
  "run_84": 0.8409870829989324,
  "run_85": 0.8394206248699161,
  "run_86": 0.8419760212704394,
  "run_87": 0.8410250383854855,
  "run_88": 0.8406912212524975,
  "run_89": 0.8413259186998716,
  "run_90": 0.8428863499319337,
  "run_91": 0.8411858083797334,
  "run_92": 0.8410696264912909,
  "run_93": 0.8431434968362181,
  "run_94": 0.839077893121856,
  "run_95": 0.8425098006406277,
  "run_96": 0.844393621912763,
  "run_97": 0.8424494721908993,
  "run_98": 0.8411632333447461,
  "run_99": 0.8418518494947344
}