{
  "run_0": 1.7488382703824343,
  "run_1": 1.7508536395834304,
  "run_2": 1.7513926387517396,
  "run_3": 1.7492474029115086,
  "run_4": 1.7488059340823279,
  "run_5": 1.7485492536395897,
  "run_6": 1.7493395937624572,
  "run_7": 1.752743127656206,
  "run_8": 1.7522484503525426,
  "run_9": 1.7523966087154557,
  "run_10": 1.7510336946750704,
  "run_11": 1.7510042410912028,
  "run_12": 1.7580914638420626,
  "run_13": 1.7510794778734593,
  "run_14": 1.7503194637901198,
  "run_15": 1.752378532556312,
  "run_16": 1.750016144878591,
  "run_17": 1.752597370157165,
  "run_18": 1.7525276237174992,
  "run_19": 1.7525787722211024,
  "run_20": 1.748446977414805,
  "run_21": 1.7515183614407415,
  "run_22": 1.7526666740507042,
  "run_23": 1.7496390175016006,
  "run_24": 1.7510212306277673,
  "run_25": 1.7524379519092776,
  "run_26": 1.7461434218441567,
  "run_27": 1.7492148223843484,
  "run_28": 1.7551517054144465,
  "run_29": 1.750372185805092,
  "run_30": 1.7513065795153482,
  "run_31": 1.747460739148037,
  "run_32": 1.7486761390242749,
  "run_33": 1.7517544079107108,
  "run_34": 1.7521436032721316,
  "run_35": 1.748779889650491,
  "run_36": 1.7485701332351615,
  "run_37": 1.7482024459329497,
  "run_38": 1.7528989672541542,
  "run_39": 1.7507985296698343,
  "run_40": 1.7545981100889434,
  "run_41": 1.7517606615793189,
  "run_42": 1.7519335030968088,
  "run_43": 1.748868090823867,
  "run_44": 1.7537072335816442,
  "run_45": 1.7528399838664912,
  "run_46": 1.748323629792427,
  "run_47": 1.7511780872292082,
  "run_48": 1.749350139164529,
  "run_49": 1.7510435735098306,
  "run_50": 1.7514018360766619,
  "run_51": 1.7524092024547986,
  "run_52": 1.7543368967014599,
  "run_53": 1.75261094026411,
  "run_54": 1.751869707794138,
  "run_55": 1.7467794466817212,
  "run_56": 1.7549832827713963,
  "run_57": 1.750894380568211,
  "run_58": 1.7521513055502587,
  "run_59": 1.750763550257064,
  "run_60": 1.7526773334071402,
  "run_61": 1.75577923406965,
  "run_62": 1.7519946301343787,
  "run_63": 1.7529385739162093,
  "run_64": 1.7514158582280794,
  "run_65": 1.7475024252762257,
  "run_66": 1.747912999556508,
  "run_67": 1.7538532582149426,
  "run_68": 1.749836945994609,
  "run_69": 1.7509054849264525,
  "run_70": 1.7504942970654067,
  "run_71": 1.749797580812994,
  "run_72": 1.7523743262918745,
  "run_73": 1.750757578188434,
  "run_74": 1.7531038546144888,
  "run_75": 1.7509815027129054,
  "run_76": 1.7491681457348427,
  "run_77": 1.7530606735488483,
  "run_78": 1.7509789926568664,
  "run_79": 1.7526263551756056,
  "run_80": 1.7499377930381588,
  "run_81": 1.7499583650707682,
  "run_82": 1.7490950872690552,
  "run_83": 1.7489510358717562,
  "run_84": 1.753297524305842,
  "run_85": 1.7569447091981902,
  "run_86": 1.7505658889073814,
  "run_87": 1.7516561699095632,
  "run_88": 1.748673378143849,
  "run_89": 1.7504512780029993,
  "run_90": 1.7524050291366742,
  "run_91": 1.7512445049294407,
  "run_92": 1.750907719755336,
  "run_93": 1.753135737542339,
  "run_94": 1.7503819170995636,
  "run_95": 1.7510221003914648,
  "run_96": 1.74890753769072,
  "run_97": 1.7519224460398761,
  "run_98": 1.752366234918127,
  "run_99": 1.7467415968948206
}