{
  "run_0": 0.523694018798158,
  "run_1": 0.5226059906122609,
  "run_2": 0.5259653206343217,
  "run_3": 0.5245464541231348,
  "run_4": 0.5248022808455974,
  "run_5": 0.5234765032554891,
  "run_6": 0.5236256369922182,
  "run_7": 0.5232056638009096,
  "run_8": 0.5247467668866539,
  "run_9": 0.5237619917620454,
  "run_10": 0.524063926364151,
  "run_11": 0.5260808260442941,
  "run_12": 0.5257402251870428,
  "run_13": 0.5219207370912341,
  "run_14": 0.5266670958829329,
  "run_15": 0.5233377312758063,
  "run_16": 0.5252109051758757,
  "run_17": 0.521872679639216,
  "run_18": 0.5246710922297682,
  "run_19": 0.5240765011605057,
  "run_20": 0.5221220438097135,
  "run_21": 0.5224598301326338,
  "run_22": 0.5256006350533472,
  "run_23": 0.5266389081782451,
  "run_24": 0.5247213064214178,
  "run_25": 0.5250050259354052,
  "run_26": 0.5253532209248625,
  "run_27": 0.5277292654145807,
  "run_28": 0.52507233688437,
  "run_29": 0.5246409237398457,
  "run_30": 0.5249989857117591,
  "run_31": 0.5242598548056469,
  "run_32": 0.5239921493194268,
  "run_33": 0.5245433935256568,
  "run_34": 0.5249474966822433,
  "run_35": 0.523962457423219,
  "run_36": 0.52519765094537,
  "run_37": 0.5250634596519596,
  "run_38": 0.5247997136345459,
  "run_39": 0.5234245357498857,
  "run_40": 0.5250962769980285,
  "run_41": 0.5263449989626386,
  "run_42": 0.5261256602765846,
  "run_43": 0.5246287933863446,
  "run_44": 0.5239447708850741,
  "run_45": 0.5243209257220194,
  "run_46": 0.5242948973011383,
  "run_47": 0.5251426939176588,
  "run_48": 0.524642616098068,
  "run_49": 0.524733607784098,
  "run_50": 0.5236490892231712,
  "run_51": 0.5236235957535343,
  "run_52": 0.5212332374565832,
  "run_53": 0.5250738440710514,
  "run_54": 0.5246196299207259,
  "run_55": 0.5214142430570948,
  "run_56": 0.5250414610175903,
  "run_57": 0.5261621453914964,
  "run_58": 0.5240418844596015,
  "run_59": 0.5226213887531492,
  "run_60": 0.5251705380551591,
  "run_61": 0.524587710847105,
  "run_62": 0.5250594680228831,
  "run_63": 0.5226515342689609,
  "run_64": 0.5252337300718798,
  "run_65": 0.5239565570203384,
  "run_66": 0.5258115338402841,
  "run_67": 0.5244618771623564,
  "run_68": 0.5216482012101121,
  "run_69": 0.5234199674863663,
  "run_70": 0.5239125882648997,
  "run_71": 0.5261593865018828,
  "run_72": 0.5223818071658052,
  "run_73": 0.5261869547217596,
  "run_74": 0.5239527715140231,
  "run_75": 0.5226868069018138,
  "run_76": 0.5225645012750681,
  "run_77": 0.5237636279335541,
  "run_78": 0.5248778897815802,
  "run_79": 0.5229231575907901,
  "run_80": 0.5248238157471999,
  "run_81": 0.5252537403849253,
  "run_82": 0.5251315531550431,
  "run_83": 0.523674260045685,
  "run_84": 0.5236941486212141,
  "run_85": 0.52173929625035,
  "run_86": 0.5220129362618279,
  "run_87": 0.5239197044283621,
  "run_88": 0.5223164436829365,
  "run_89": 0.5253431812012878,
  "run_90": 0.5235965539762716,
  "run_91": 0.5252035872612714,
  "run_92": 0.5259155126795573,
  "run_93": 0.5234763939297739,
  "run_94": 0.5248474901279702,
  "run_95": 0.5225398348552929,
  "run_96": 0.5236842889212371,
  "run_97": 0.524555483911047,
  "run_98": 0.5233604310324038,
  "run_99": 0.5250656181095654
}