{
  "run_0": 1.747359354808748,
  "run_1": 1.7499531515813063,
  "run_2": 1.7487023905777934,
  "run_3": 1.7511130524565917,
  "run_4": 1.749682043823399,
  "run_5": 1.7505743846391455,
  "run_6": 1.7493909091349582,
  "run_7": 1.7503929405629342,
  "run_8": 1.7482507606258657,
  "run_9": 1.7485176829815243,
  "run_10": 1.749998273440342,
  "run_11": 1.7479439586122656,
  "run_12": 1.749282641928822,
  "run_13": 1.751103355713321,
  "run_14": 1.7527994463299457,
  "run_15": 1.748614032262707,
  "run_16": 1.753674840847331,
  "run_17": 1.754880893519283,
  "run_18": 1.7495800959870687,
  "run_19": 1.747957590342265,
  "run_20": 1.7490723416666782,
  "run_21": 1.7543197034382942,
  "run_22": 1.7520194692016948,
  "run_23": 1.7503497882620658,
  "run_24": 1.7489199868646015,
  "run_25": 1.75117977575231,
  "run_26": 1.7511816679693606,
  "run_27": 1.748986669580673,
  "run_28": 1.7502182164782416,
  "run_29": 1.7529225236008956,
  "run_30": 1.7509431284195578,
  "run_31": 1.7495509197579906,
  "run_32": 1.7526463703745487,
  "run_33": 1.7479713612961172,
  "run_34": 1.7472728700757585,
  "run_35": 1.7507786504979006,
  "run_36": 1.7520935893552867,
  "run_37": 1.7482906984060638,
  "run_38": 1.7509443541935035,
  "run_39": 1.752424923677638,
  "run_40": 1.7513277285993996,
  "run_41": 1.7477127545258142,
  "run_42": 1.7515878479672375,
  "run_43": 1.7490768333765871,
  "run_44": 1.7538293196079462,
  "run_45": 1.749647006030907,
  "run_46": 1.7491516986104687,
  "run_47": 1.7519135631849085,
  "run_48": 1.7454332549135922,
  "run_49": 1.7476246951296823,
  "run_50": 1.7507936782570852,
  "run_51": 1.753505276960575,
  "run_52": 1.7517457512078438,
  "run_53": 1.751245453522433,
  "run_54": 1.7521068630560896,
  "run_55": 1.750454598179533,
  "run_56": 1.7512863664892016,
  "run_57": 1.7493896968098608,
  "run_58": 1.7516233095032543,
  "run_59": 1.753615500196013,
  "run_60": 1.749504730078641,
  "run_61": 1.7493174521717352,
  "run_62": 1.7534373694048688,
  "run_63": 1.7475996052631564,
  "run_64": 1.7491580671743292,
  "run_65": 1.7517454699495596,
  "run_66": 1.7491872306965577,
  "run_67": 1.7498460483631906,
  "run_68": 1.7498034751986775,
  "run_69": 1.7552835451308262,
  "run_70": 1.749554082462795,
  "run_71": 1.7508401593999654,
  "run_72": 1.7507929680430312,
  "run_73": 1.7542427664767353,
  "run_74": 1.7449360543515544,
  "run_75": 1.7508529015165295,
  "run_76": 1.748145770174022,
  "run_77": 1.7490352223164893,
  "run_78": 1.7492237447092245,
  "run_79": 1.756988269146564,
  "run_80": 1.7537244532136576,
  "run_81": 1.752956678218971,
  "run_82": 1.7522435999222414,
  "run_83": 1.7502738652966847,
  "run_84": 1.7511426736327742,
  "run_85": 1.751023470525137,
  "run_86": 1.7470974404404465,
  "run_87": 1.7487530000735432,
  "run_88": 1.7530996332415065,
  "run_89": 1.74993544530044,
  "run_90": 1.7521705115039752,
  "run_91": 1.752283896910835,
  "run_92": 1.745895412175959,
  "run_93": 1.7515176061646143,
  "run_94": 1.748901766002294,
  "run_95": 1.7516747060246305,
  "run_96": 1.7524437347100401,
  "run_97": 1.749011871578483,
  "run_98": 1.7493749828686558,
  "run_99": 1.7496006647259992
}