{
  "run_0": 1.281192668868822,
  "run_1": 1.2827232245022282,
  "run_2": 1.2798489476844037,
  "run_3": 1.282755084881598,
  "run_4": 1.2818513650068057,
  "run_5": 1.2823850565071293,
  "run_6": 1.2815324913095059,
  "run_7": 1.2818630706536411,
  "run_8": 1.2787710417511362,
  "run_9": 1.2795950064851076,
  "run_10": 1.2832557888325566,
  "run_11": 1.2793927017005768,
  "run_12": 1.2813529849024519,
  "run_13": 1.2793049515144876,
  "run_14": 1.285610396214424,
  "run_15": 1.28384541400637,
  "run_16": 1.2852606203761745,
  "run_17": 1.2793223658501227,
  "run_18": 1.2791099210010692,
  "run_19": 1.2843107587366025,
  "run_20": 1.2837090054462628,
  "run_21": 1.2819984750488993,
  "run_22": 1.282340189388738,
  "run_23": 1.2832645185507325,
  "run_24": 1.2811068402494286,
  "run_25": 1.2825484383376216,
  "run_26": 1.2814947724611412,
  "run_27": 1.2801671048865708,
  "run_28": 1.2838833386850421,
  "run_29": 1.2850660849278335,
  "run_30": 1.2808742982896804,
  "run_31": 1.28256682757686,
  "run_32": 1.283249545786427,
  "run_33": 1.2814855583392935,
  "run_34": 1.283000600820723,
  "run_35": 1.2810993087220752,
  "run_36": 1.28118658726116,
  "run_37": 1.2810368002747192,
  "run_38": 1.2808770264806795,
  "run_39": 1.2821309624174382,
  "run_40": 1.279347941527049,
  "run_41": 1.2820930337249123,
  "run_42": 1.2811735615737683,
  "run_43": 1.283974603133848,
  "run_44": 1.279096747251228,
  "run_45": 1.2804343435989516,
  "run_46": 1.2824757582614832,
  "run_47": 1.2783003253681255,
  "run_48": 1.2826396018341781,
  "run_49": 1.279944390986072,
  "run_50": 1.2836712928561247,
  "run_51": 1.2798137605787958,
  "run_52": 1.2800052152132952,
  "run_53": 1.2821486265969235,
  "run_54": 1.2811388476900438,
  "run_55": 1.2808293197272276,
  "run_56": 1.2821271329795576,
  "run_57": 1.2823610089486097,
  "run_58": 1.2802482768067374,
  "run_59": 1.2819721245038784,
  "run_60": 1.2803506366150155,
  "run_61": 1.281450711467849,
  "run_62": 1.2794828497184763,
  "run_63": 1.2828538542406625,
  "run_64": 1.283748599533747,
  "run_65": 1.2826564650910304,
  "run_66": 1.2808592270091737,
  "run_67": 1.2824470399596506,
  "run_68": 1.2817964856504585,
  "run_69": 1.2844238984423257,
  "run_70": 1.2827753702380802,
  "run_71": 1.2806647999482659,
  "run_72": 1.2818867877475943,
  "run_73": 1.2799332057924535,
  "run_74": 1.280152663342573,
  "run_75": 1.2826978989275544,
  "run_76": 1.2798012628805053,
  "run_77": 1.2863272952730103,
  "run_78": 1.284548274705151,
  "run_79": 1.2796833896046158,
  "run_80": 1.2816610596152886,
  "run_81": 1.2823323178880548,
  "run_82": 1.2818319909075804,
  "run_83": 1.2830148366325456,
  "run_84": 1.2854267721184112,
  "run_85": 1.2823407424296334,
  "run_86": 1.2808830980543116,
  "run_87": 1.2817325343065762,
  "run_88": 1.2833842624063885,
  "run_89": 1.2830778552490165,
  "run_90": 1.284531175512757,
  "run_91": 1.2826226549591935,
  "run_92": 1.279325079299094,
  "run_93": 1.278903507484332,
  "run_94": 1.281007463111436,
  "run_95": 1.2815381660272538,
  "run_96": 1.2810954288580563,
  "run_97": 1.2790325153042974,
  "run_98": 1.2798617017997411,
  "run_99": 1.2836035116848565
}