{
  "run_0": 1.7504284855655454,
  "run_1": 1.7491452347824805,
  "run_2": 1.7484552245593354,
  "run_3": 1.7519160416020907,
  "run_4": 1.7480710971383517,
  "run_5": 1.7522312631563706,
  "run_6": 1.7517777845551072,
  "run_7": 1.754278804149827,
  "run_8": 1.7485580353666061,
  "run_9": 1.7537037467254881,
  "run_10": 1.7507026394781562,
  "run_11": 1.7537599202166856,
  "run_12": 1.7488656579989472,
  "run_13": 1.7482627409054976,
  "run_14": 1.753738105069195,
  "run_15": 1.7501515841975046,
  "run_16": 1.7515889262534992,
  "run_17": 1.7475146626758546,
  "run_18": 1.7493993322841876,
  "run_19": 1.7470388239282697,
  "run_20": 1.7487053950522307,
  "run_21": 1.7486771816851727,
  "run_22": 1.7485503480706903,
  "run_23": 1.751023876916735,
  "run_24": 1.7554735850524144,
  "run_25": 1.7511043447903691,
  "run_26": 1.7527579883841562,
  "run_27": 1.7513302606849763,
  "run_28": 1.7529596398137164,
  "run_29": 1.7502477912591348,
  "run_30": 1.752353160624107,
  "run_31": 1.7467192142840289,
  "run_32": 1.749406612192187,
  "run_33": 1.7487821659692155,
  "run_34": 1.74968497103007,
  "run_35": 1.74838525139771,
  "run_36": 1.749328009245733,
  "run_37": 1.7523152678778253,
  "run_38": 1.7547239196541022,
  "run_39": 1.7504767953020273,
  "run_40": 1.7531773480945785,
  "run_41": 1.7543676957294458,
  "run_42": 1.7463231170554663,
  "run_43": 1.7487229148069487,
  "run_44": 1.7508999922663921,
  "run_45": 1.7519514792849704,
  "run_46": 1.7503280290872396,
  "run_47": 1.7496807440528068,
  "run_48": 1.7528181663757891,
  "run_49": 1.7539319881002382,
  "run_50": 1.7519755602507332,
  "run_51": 1.7501652505002658,
  "run_52": 1.748912033342029,
  "run_53": 1.7542427761389239,
  "run_54": 1.7495180609451229,
  "run_55": 1.7501026888912936,
  "run_56": 1.750207650469211,
  "run_57": 1.7528547902447378,
  "run_58": 1.7482174921607672,
  "run_59": 1.7480707027044573,
  "run_60": 1.7510101498478285,
  "run_61": 1.749819240284001,
  "run_62": 1.7542566531240527,
  "run_63": 1.7512973946296837,
  "run_64": 1.750161489404031,
  "run_65": 1.7496938247153913,
  "run_66": 1.7511059185549533,
  "run_67": 1.7488466758135757,
  "run_68": 1.7503045330251386,
  "run_69": 1.7472889654041093,
  "run_70": 1.7495730335333937,
  "run_71": 1.7492053608221787,
  "run_72": 1.751520601921607,
  "run_73": 1.7487029464715351,
  "run_74": 1.7477561428356398,
  "run_75": 1.752096051783977,
  "run_76": 1.7502963739438573,
  "run_77": 1.755620763685437,
  "run_78": 1.7529419621893008,
  "run_79": 1.7515316704239918,
  "run_80": 1.7502134261028734,
  "run_81": 1.7556766170356017,
  "run_82": 1.7469445325268764,
  "run_83": 1.75087371771209,
  "run_84": 1.755208261062452,
  "run_85": 1.7486287364680968,
  "run_86": 1.7538339934982816,
  "run_87": 1.7505690190257497,
  "run_88": 1.7504927806290596,
  "run_89": 1.747882052560175,
  "run_90": 1.7492063789195598,
  "run_91": 1.752494096738377,
  "run_92": 1.749346558872271,
  "run_93": 1.7521394991279582,
  "run_94": 1.7497574591621041,
  "run_95": 1.7504033598517927,
  "run_96": 1.7491916545854935,
  "run_97": 1.7527505563224866,
  "run_98": 1.7503130673556107,
  "run_99": 1.745890912358039
}