{
  "run_0": 0.525950216172027,
  "run_1": 0.5210092876773537,
  "run_2": 0.5235837926725446,
  "run_3": 0.5223103389361571,
  "run_4": 0.5241609761226239,
  "run_5": 0.5262398346483309,
  "run_6": 0.522591282006016,
  "run_7": 0.5248696249292683,
  "run_8": 0.5233292761620492,
  "run_9": 0.5245515577751525,
  "run_10": 0.5250734889518606,
  "run_11": 0.522891108080954,
  "run_12": 0.5245221626014255,
  "run_13": 0.523497646827964,
  "run_14": 0.5242239686722581,
  "run_15": 0.5256354040911048,
  "run_16": 0.5248051673495585,
  "run_17": 0.5230054855136415,
  "run_18": 0.5243474664875412,
  "run_19": 0.5225180618858528,
  "run_20": 0.5259262789820873,
  "run_21": 0.5250748579688432,
  "run_22": 0.5241448239946552,
  "run_23": 0.5250987891222186,
  "run_24": 0.524811101818016,
  "run_25": 0.5249855641713558,
  "run_26": 0.5244751432266914,
  "run_27": 0.5243635103134663,
  "run_28": 0.5246580839549254,
  "run_29": 0.5230487826907741,
  "run_30": 0.5252155040948147,
  "run_31": 0.5239317463477324,
  "run_32": 0.5241487559696635,
  "run_33": 0.5254442729758788,
  "run_34": 0.5256308251837158,
  "run_35": 0.5247538641397126,
  "run_36": 0.5233936748032199,
  "run_37": 0.5244676719369732,
  "run_38": 0.5261051040242064,
  "run_39": 0.5223090891007254,
  "run_40": 0.5245091195177594,
  "run_41": 0.5238833438349433,
  "run_42": 0.5266436576878762,
  "run_43": 0.5223137069781691,
  "run_44": 0.5242066613342174,
  "run_45": 0.5257465554700581,
  "run_46": 0.5230129265131789,
  "run_47": 0.5237530882283183,
  "run_48": 0.5235103385485984,
  "run_49": 0.5250754285010705,
  "run_50": 0.5240775282363695,
  "run_51": 0.5258880509717317,
  "run_52": 0.5240452557953003,
  "run_53": 0.5249734155778198,
  "run_54": 0.523341349895657,
  "run_55": 0.524661494943984,
  "run_56": 0.5242157502103251,
  "run_57": 0.5253435681103736,
  "run_58": 0.5239007625355324,
  "run_59": 0.5256422251236322,
  "run_60": 0.5274508450712132,
  "run_61": 0.5236694731500282,
  "run_62": 0.5244994372225706,
  "run_63": 0.5220921472104072,
  "run_64": 0.5255317663099555,
  "run_65": 0.5224565706362525,
  "run_66": 0.5228474168846782,
  "run_67": 0.5239132562116745,
  "run_68": 0.5256544571630497,
  "run_69": 0.523418280126571,
  "run_70": 0.5246516396873655,
  "run_71": 0.5235183468642164,
  "run_72": 0.5229972126661068,
  "run_73": 0.5258312831703145,
  "run_74": 0.524773144968631,
  "run_75": 0.5237722450516679,
  "run_76": 0.5229006098452409,
  "run_77": 0.5231524581687577,
  "run_78": 0.5250301389233287,
  "run_79": 0.525801705962391,
  "run_80": 0.5241544508329959,
  "run_81": 0.5252333356217924,
  "run_82": 0.5219767310578015,
  "run_83": 0.5236748396237294,
  "run_84": 0.5253108805260568,
  "run_85": 0.5234001921798964,
  "run_86": 0.5253550120429508,
  "run_87": 0.5238673048910731,
  "run_88": 0.5253345945317555,
  "run_89": 0.5248013719251889,
  "run_90": 0.5251764994535356,
  "run_91": 0.5231427921656931,
  "run_92": 0.5225693258642965,
  "run_93": 0.5258289802256214,
  "run_94": 0.5217196380627565,
  "run_95": 0.5235364060921756,
  "run_96": 0.5263909393512035,
  "run_97": 0.5263168689302667,
  "run_98": 0.5258987257752552,
  "run_99": 0.5241892155519939
}