{
  "run_0": 1.753292438376241,
  "run_1": 1.7497021853188905,
  "run_2": 1.7538168842908288,
  "run_3": 1.7540434546647403,
  "run_4": 1.7504459642938306,
  "run_5": 1.7467460376448365,
  "run_6": 1.750441399037134,
  "run_7": 1.7482994298458598,
  "run_8": 1.7512615657897472,
  "run_9": 1.7498886050418967,
  "run_10": 1.7542584734213782,
  "run_11": 1.7486868529697084,
  "run_12": 1.7498820135965254,
  "run_13": 1.747229022569309,
  "run_14": 1.7528492052267102,
  "run_15": 1.7520619141236309,
  "run_16": 1.7532445426962975,
  "run_17": 1.756182830440638,
  "run_18": 1.752111142712946,
  "run_19": 1.7516539165922467,
  "run_20": 1.7526060073557403,
  "run_21": 1.748970053367209,
  "run_22": 1.7507066020049877,
  "run_23": 1.7525598927350259,
  "run_24": 1.7478699301115144,
  "run_25": 1.7498995715144328,
  "run_26": 1.7471650128596605,
  "run_27": 1.7519334025123725,
  "run_28": 1.7457385830245702,
  "run_29": 1.7483318394514342,
  "run_30": 1.7510896388455959,
  "run_31": 1.7469694226868164,
  "run_32": 1.751034162351405,
  "run_33": 1.74969469229276,
  "run_34": 1.7527037119214095,
  "run_35": 1.754160286564394,
  "run_36": 1.7521244472718367,
  "run_37": 1.750596127641869,
  "run_38": 1.7527636169352392,
  "run_39": 1.7488382975890757,
  "run_40": 1.7484088842399543,
  "run_41": 1.7514137694028278,
  "run_42": 1.7484694321878362,
  "run_43": 1.7500225064217867,
  "run_44": 1.7512787247390629,
  "run_45": 1.749794312447214,
  "run_46": 1.7542929511453473,
  "run_47": 1.7526556602619405,
  "run_48": 1.7540473860603767,
  "run_49": 1.7495110163521226,
  "run_50": 1.7491814384181434,
  "run_51": 1.7499364343297414,
  "run_52": 1.7532950464304138,
  "run_53": 1.7519348223675963,
  "run_54": 1.7487095579247351,
  "run_55": 1.7527139779433818,
  "run_56": 1.7514735308834462,
  "run_57": 1.7432360642947704,
  "run_58": 1.7532832666745208,
  "run_59": 1.746996405148114,
  "run_60": 1.7511063747398121,
  "run_61": 1.7533310228204941,
  "run_62": 1.7478821311641775,
  "run_63": 1.752568287953812,
  "run_64": 1.7514644356284066,
  "run_65": 1.7479158488557027,
  "run_66": 1.7506380182641248,
  "run_67": 1.7451884388485628,
  "run_68": 1.7543794460727558,
  "run_69": 1.7463557726741186,
  "run_70": 1.7509217911980777,
  "run_71": 1.7496868105359429,
  "run_72": 1.7491257830654707,
  "run_73": 1.7487760030322508,
  "run_74": 1.7529155549348288,
  "run_75": 1.7493896620950458,
  "run_76": 1.7480157709791915,
  "run_77": 1.748559042164452,
  "run_78": 1.7511489835884928,
  "run_79": 1.7463987278666668,
  "run_80": 1.754901243147402,
  "run_81": 1.7472588484655716,
  "run_82": 1.748233050442317,
  "run_83": 1.7531878216235395,
  "run_84": 1.7456189422959865,
  "run_85": 1.7504454726067533,
  "run_86": 1.7500493872062188,
  "run_87": 1.7474317031621442,
  "run_88": 1.7500724138899164,
  "run_89": 1.7483530966706953,
  "run_90": 1.7543355722275507,
  "run_91": 1.7502418198652918,
  "run_92": 1.7487275219994278,
  "run_93": 1.7512081156622266,
  "run_94": 1.7531076172279418,
  "run_95": 1.7495991152464243,
  "run_96": 1.7543390678327877,
  "run_97": 1.7481078610079597,
  "run_98": 1.7493799844149203,
  "run_99": 1.7510323800448737
}